dateTime,nodeID,sensorID,gatewayID,rssi,loRaSNR,channel,rfChain,frequency,bandwidth,spreadingFactor,codeRate,dataRate,frameCounters,framePort,base64Data,base16Data,devAddr,deviceAddDecoded
2022-03-25 19:09:25.933230,47cb55800041001c,GPGGALR,647fdafffe0100ad,-87,-5.2,6,0,914700000,125,7,4/5,3,7,5,COl/cgF/QEDNIj/bfTBYwL8OnDOitMc/zczMzMzcZ0CPwvUoXIdiQBSuR+F6FPI/5gcDGRMJFw==,08e97f72017f4040cd223fdb7d3058c0bf0e9c33a2b4c73fcdccccccccdc67408fc2f5285c87624014ae47e17a14f23fe6070319130917,AQHQqQ==,0101d0a9
2022-03-25 19:09:26.522624,47db558000420035,IPS7100,647fdafffe0100ad,-78,2,4,0,914300000,125,7,4/5,3,1,15,ImMAANUvAACFAwAAUwAAAAkAAAAAAAAAAAAAAE63rTwwTpg+JIPIPktR7D4ekBU/HpAVPx6QFT8=,22630000d52f000085030000530000000900000000000000000000004eb7ad3c304e983e2483c83e4b51ec3e1e90153f1e90153f1e90153f,AXAAhg==,01700086
2022-03-25 19:09:42.340898,472b544e00270032,PM,647fdafffe0100ad,-92,-0.5,3,0,914100000,125,8,4/5,2,3,2,BgA=,0600,ABgPgg==,00180f82
2022-03-25 19:10:14.697212,472b544e001b003c,IPS7100,647fdafffe0100ad,-78,7.8,5,0,914500000,125,7,4/5,3,445,15,2QgAAKcEAADxAwAA0wAAADoAAAAAAAAAAAAAADQe+DpMqes8hHEJPsI3nz6MGIo/jBiKP4wYij8=,d9080000a7040000f1030000d30000003a0000000000000000000000341ef83a4ca9eb3c8471093ec2379f3e8c188a3f8c188a3f8c188a3f,AFZMtg==,00564cb6
2022-03-25 19:10:17.353630,472b544e00270032,PM,647fdafffe0100ad,-98,-1.2,1,0,913700000,125,8,4/5,2,10,2,BgA=,0600,ABgPgg==,00180f82
2022-03-25 19:10:25.170861,8cf9572000059fd7,BME280,647fdafffe0100ad,-92,4.5,0,0,913500000,125,7,4/5,3,9,21,AADwQRR+eEQAAEBB,0000f041147e784400004041,AIIdnw==,00821d9f
2022-03-25 19:11:11.741202,472b544e001b003c,IPS7100,647fdafffe0100ad,-83,4.5,1,0,913700000,125,7,4/5,3,451,15,dQ8AAJ8KAACuAwAAKwEAAHIAAAAAAAAAAAAAAFmvWDt6b4Q9DwcnPo5u0z4CbfQ/Am30PwJt9D8=,750f00009f0a0000ae0300002b01000072000000000000000000000059af583b7a6f843d0f07273e8e6ed33e026df43f026df43f026df43f,AFZMtg==,00564cb6
2022-03-25 19:11:23.270526,472b544e0024002b,IPS7100,647fdafffe0100ad,-85,6.2,5,0,914500000,125,7,4/5,3,6,15,HgkAAMgEAABZAgAAOgAAAA4AAAAAAAAAAAAAADCe/zqCRfI8AyW9PcfZED7c5Ko+3OSqPtzkqj4=,1e090000c8040000590200003a0000000e0000000000000000000000309eff3a8245f23c0325bd3dc7d9103edce4aa3edce4aa3edce4aa3e,AX70vg==,017ef4be
2022-03-25 19:11:27.133797,475a5fe300480023,IPS7100,647fdafffe0100ad,-89,8,4,0,914300000,125,7,4/5,3,9,15,D8MAAB5kAACMEwAAEAMAAHMAAAAGAAAAAAAAAC/nKj2etB4/+UCSP2Uy5j/yeFNAsCx+QLAsfkA=,0fc300001e6400008c130000100300007300000006000000000000002fe72a3d9eb41e3ff940923f6532e63ff2785340b02c7e40b02c7e40,AEOdzQ==,00439dcd
2022-03-25 19:11:35.163025,472b544e0024002b,BME280,647fdafffe0100ad,-88,5.5,1,0,913700000,125,7,4/5,3,7,21,rkftQQCQeEQAADBB,ae47ed410090784400003041,AX70vg==,017ef4be
2022-03-25 19:12:43.788347,8cf957200005854f,INA219Duo,647fdafffe0100ad,-93,-1.5,3,0,914100000,125,7,4/5,3,5,3,mpm7wfCnZkCaGWDDAIBJRHsU/EG6SbxAmpmdQwDA50Q=,9a99bbc1f0a766409a1960c3008049447b14fc41ba49bc409a999d4300c0e744,AQmLLQ==,01098b2d
2022-03-25 19:13:03.509553,475a5fe300320019,PM,647fdafffe0100ad,-87,8.5,0,0,913500000,125,8,4/5,2,6,2,BgA=,0600,AUO2Tg==,0143b64e
2022-03-25 19:13:04.518816,8cf9572000059fd7,PM,647fdafffe0100ad,-93,5,4,0,914300000,125,8,4/5,2,0,2,BgA=,0600,AdAGtg==,01d006b6
2022-03-25 19:13:10.129085,47db558000330044,PM,647fdafffe0100ad,-84,9.5,4,0,914300000,125,8,4/5,2,13,2,BgA=,0600,AM9YbA==,00cf586c
2022-03-25 19:13:12.372637,475a5fe30035001a,INA219Duo,647fdafffe0100ad,-85,9.2,3,0,914100000,125,7,4/5,3,7,3,MzOjwVYObUAzs1DDAIBBRGZmAUIxCLxAzcyhQwCA7UQ=,3333a3c1560e6d4033b350c300804144666601423108bc40cdcca1430080ed44,AL28ug==,00bdbcba
2022-03-25 19:14:14.330509,472b544e001b003c,IPS7100,647fdafffe0100ad,-81,7,5,0,914500000,125,7,4/5,3,472,15,khoAABcOAADqAwAAAwEAAG8AAAAAAAAAAAAAABtCujvFT7I92mNEPtYC0T67+u4/u/ruP7v67j8=,921a0000170e0000ea030000030100006f00000000000000000000001b42ba3bc54fb23dda63443ed602d13ebbfaee3fbbfaee3fbbfaee3f,AFZMtg==,00564cb6
2022-03-25 19:14:17.820595,477b41f20048001f,PM,647fdafffe0100ad,-85,2.5,7,0,914900000,125,8,4/5,2,7,2,BgA=,0600,AD+SWg==,003f925a
2022-03-25 19:14:48.300780,472b544e001b003c,BME280,647fdafffe0100ad,-81,9,4,0,914300000,125,7,4/5,3,476,21,j8LnQSlseEQAAHBB,8fc2e741296c784400007041,AFZMtg==,00564cb6
2022-03-25 19:14:55.443413,475a5fe30035001a,IPS7100,647fdafffe0100ad,-85,6.8,4,0,914300000,125,7,4/5,3,9,15,BVcAAF4gAAAYBgAAqgAAABEAAAAAAAAAAAAAADh8mDwZfFI+M7K8PjjZAj/Z4T0/2eE9P9nhPT8=,055700005e20000018060000aa000000110000000000000000000000387c983c197c523e33b2bc3e38d9023fd9e13d3fd9e13d3fd9e13d3f,AL28ug==,00bdbcba
2022-03-25 19:14:58.250232,472b544e001b003c,SCD30,647fdafffe0100ad,-61,4.8,7,0,914900000,125,7,4/5,3,477,33,AAANQ+ya9EFAomBB,00000d43ec9af44140a26041,AFZMtg==,00564cb6
2022-03-25 19:15:00.634684,8cf9572000059e7e,PM,647fdafffe0100ad,-87,5.8,5,0,914500000,125,8,4/5,2,6,2,BgA=,0600,AV4gCA==,015e2008
2022-03-25 19:15:08.338802,475a5fe30033001a,PM,647fdafffe0100ad,-96,-7.5,4,0,914300000,125,8,4/5,2,4,2,BgA=,0600,ANpJvQ==,00da49bd
2022-03-25 19:15:24.849177,475a5fe300200021,IPS7100,647fdafffe0100ad,-85,8.5,0,0,913500000,125,7,4/5,3,5,15,qlQAAJEnAAC7BAAAZQAAACMAAAAEAAAAAAAAAIdblDxQjHw+Ig+/PnF+6j7UcG0//kmwP/5JsD8=,aa54000091270000bb04000065000000230000000400000000000000875b943c508c7c3e220fbf3e717eea3ed4706d3ffe49b03ffe49b03f,Af10DQ==,01fd740d
2022-03-25 19:16:08.792393,472b544e001b003c,INA219Duo,647fdafffe0100ad,-79,7.8,5,0,914500000,125,7,4/5,3,485,3,4XpcwS2yfUBmZvfCAAD0Q3sUAELZzrdAZqagQwAA50Q=,e17a5cc12db27d406666f7c20000f4437b140042d9ceb74066a6a0430000e744,AFZMtg==,00564cb6
2022-03-25 19:16:15.868022,475a5fe30035001b,PM,647fdafffe0100ad,-92,0.2,7,0,914900000,125,8,4/5,2,9,2,BgA=,0600,AdXd4w==,01d5dde3
2022-03-25 19:16:35.333701,47db558000340048,PM,647fdafffe0100ad,-81,4,7,0,914900000,125,8,4/5,2,0,2,BgA=,0600,AVpKWQ==,015a4a59
2022-03-25 19:16:52.018665,475a5fe30035001b,INA219Duo,647fdafffe0100ad,-90,6,2,0,913900000,125,7,4/5,3,12,3,zcx0wWQ7f0AAACTDAAAeRClc60Hn+7lAZmaTQwDA1UQ=,cdcc74c1643b7f40000024c300001e44295ceb41e7fbb9406666934300c0d544,AdXd4w==,01d5dde3
2022-03-25 19:16:59.237201,47db558000420035,PM,647fdafffe0100ad,-81,-1.8,2,0,913900000,125,8,4/5,2,5,2,BgA=,0600,ACkYug==,002918ba
2022-03-25 19:17:03.485505,8cf9572000058551,BME280,647fdafffe0100ad,-95,-8.2,0,0,913500000,125,7,4/5,3,5,21,rkfbQaSAeEQAADBB,ae47db41a480784400003041,ATYMYg==,01360c62
2022-03-25 19:17:13.998917,472b544e001b003c,IPS7100,647fdafffe0100ad,-81,8.8,0,0,913500000,125,7,4/5,3,493,15,XRgAAHoOAACKAwAA2wAAAEwAAAADAAAAAAAAAG3Jqjvx6LU9T/I7PjrDuz4MR64/h3bdP4d23T8=,5d1800007a0e00008a030000db0000004c00000003000000000000006dc9aa3bf1e8b53d4ff23b3e3ac3bb3e0c47ae3f8776dd3f8776dd3f,AFZMtg==,00564cb6
2022-03-25 19:17:28.887662,479b5580001a0031,PM,647fdafffe0100ad,-83,1.5,6,0,914700000,125,8,4/5,2,1,2,BgA=,0600,ALhtzg==,00b86dce
2022-03-25 19:17:49.394673,47db558000390039,BME280,647fdafffe0100ad,-101,3.2,4,0,914300000,125,7,4/5,3,7,21,9igAQvZ4eEQAACBB,f6280042f678784400002041,ANFA/w==,00d140ff
2022-03-25 19:17:52.956903,479b5580001a0031,BME280,647fdafffe0100ad,-81,8.8,0,0,913500000,125,7,4/5,3,3,21,pHDlQXu0eEQAADBB,a470e5417bb4784400003041,ALhtzg==,00b86dce
2022-03-25 19:18:11.137160,472b544e0028002b,IPS7100,647fdafffe0100ad,-80,1,6,0,914700000,125,7,4/5,3,10,15,q00AAGIjAABHAwAAsgAAABsAAAADAAAAAAAAAE8ZiDwSR2I+uQOePqR56j7o21A/0+WSP9Plkj8=,ab4d00006223000047030000b20000001b00000003000000000000004f19883c1247623eb9039e3ea479ea3ee8db503fd3e5923fd3e5923f,ARqLJg==,011a8b26
2022-03-25 19:18:53.805846,472b544e0024002b,GPGGALR,647fdafffe0100ad,-85,-2.8,6,0,914700000,125,7,4/5,3,8,5,wvKR2wl/QEBt5rtUfzBYwGxDxTh/E9o/AAAAAAAQaECF61G4HmF2QFK4HoXrUfg/5gcDGRMSMw==,c2f291db097f40406de6bb547f3058c06c43c5387f13da3f000000000010684085eb51b81e61764052b81e85eb51f83fe6070319131233,AbzpcA==,01bce970
2022-03-25 19:18:56.565378,475a5fe3002f001b,GPGGALR,647fdafffe0100ad,-95,-6,3,0,914100000,125,7,4/5,3,4,5,Gy/dJAZ/QEDG/XImgDBYwBh47j1ccqw/zczMzMy8aUA9CtejcGVjQFyPwvUoXO8/5gcDGRMSNQ==,1b2fdd24067f4040c6fd7226803058c01878ee3d5c72ac3fcdccccccccbc69403d0ad7a3706563405c8fc2f5285cef3fe6070319131235,Ac25vw==,01cdb9bf
2022-03-25 19:19:17.154341,475a5fe3002c0020,GPGGALR,647fdafffe0100ad,-87,-3.2,2,0,913900000,125,7,4/5,3,5,5,iPdyWAd/QEDcaABvgTBYwBLaci7FVcU/MzMzMzMjbEBmZmZmZkZtQClcj8L1KPg/5gcDGRMTDg==,88f77258077f4040dc68006f813058c012da722ec555c53f3333333333236c406666666666466d40295c8fc2f528f83fe607031913130e,Ac/N4Q==,01cfcde1
2022-03-25 19:19:41.868367,8cf95720000589cc,IPS7100,647fdafffe0100ad,-83,3.5,6,0,914700000,125,8,4/5,2,3,15,j5IAACpEAAAyCQAAmgAAABYAAAAAAAAAAAAAALtoAD2Bntk+wsQrP53gTD+YVYs/mFWLP5hViz8=,8f9200002a440000320900009a000000160000000000000000000000bb68003d819ed93ec2c42b3f9de04c3f98558b3f98558b3f98558b3f,AN0j2w==,00dd23db
2022-03-25 19:19:45.095019,475a5fe30024001c,IPS7100,647fdafffe0100ad,-83,-5.8,6,0,914700000,125,7,4/5,3,2,15,l04AALEnAACFBAAAowAAADEAAAAAAAAAAAAAACq4iTwy93s+UuS7Pu0AAT9WF5M/VheTP1YXkz8=,974e0000b127000085040000a30000003100000000000000000000002ab8893c32f77b3e52e4bb3eed00013f5617933f5617933f5617933f,AFT0Jg==,0054f426
2022-03-25 19:20:05.481530,479b558000380033,IPS7100,647fdafffe0100ad,-43,8.8,0,0,913500000,125,7,4/5,3,5,15,QI0AAONBAAAfCgAAUAEAAIkAAAAAAAAAAAAAAIGE9zzCS9I+HW8uP+hYdj/KJDBAyiQwQMokMEA=,408d0000e34100001f0a0000500100008900000000000000000000008184f73cc24bd23e1d6f2e3fe858763fca243040ca243040ca243040,AIzxXA==,008cf15c
2022-03-25 19:20:09.064264,475a5fe30024001c,INA219Duo,647fdafffe0100ad,-88,7.5,0,0,913500000,125,7,4/5,3,4,3,exSaQT0Kd0CaGTtDAIA3RK5HgT/pJsFAmpkhQQAAeEI=,7b149a413d0a77409a193b4300803744ae47813fe926c1409a99214100007842,AFT0Jg==,0054f426
2022-03-25 19:20:17.333331,479b558000380033,BME280,647fdafffe0100ad,-80,6.8,5,0,914500000,125,7,4/5,3,6,21,SOHyQexheEQAAEBB,48e1f241ec61784400004041,AIzxXA==,008cf15c
2022-03-25 19:20:19.237717,47db558000330044,GPGGALR,647fdafffe0100ad,-85,7.2,4,0,914300000,125,7,4/5,3,9,5,uKxsZgd/QEBe2G8tgDBYwGalSSno9pI/AAAAAABwaUBSuB6F6/FnQArXo3A9Cu8/5gcDGRMUEA==,b8ac6c66077f40405ed86f2d803058c066a54929e8f6923f000000000070694052b81e85ebf167400ad7a3703d0aef3fe6070319131410,AfILJg==,01f20b26
2022-03-25 19:20:29.428841,479b558000380033,INA219Duo,647fdafffe0100ad,-80,6.8,1,0,913700000,125,7,4/5,3,7,3,FK4jwYtsZ0AzM9fCAADDQylctUFaZLtAM7NiQwAApkQ=,14ae23c18b6c67403333d7c20000c343295cb5415a64bb4033b362430000a644,AIzxXA==,008cf15c
2022-03-25 19:21:13.561063,47db558000350047,GPGGALR,647fdafffe0100ad,-86,6.2,2,0,913900000,125,7,4/5,3,6,5,ZSGQBAd/QEC0koH8fzBYwGalSSno9pI/mpmZmZl5akBxPQrXo5hpQArXo3A9Cu8/5gcDGRMVCg==,65219004077f4040b49281fc7f3058c066a54929e8f6923f9a99999999796a40713d0ad7a39869400ad7a3703d0aef3fe607031913150a,AZ2OWw==,019d8e5b
2022-03-25 19:21:47.609128,472b544e001b003c,BME280,647fdafffe0100ad,-83,6.5,7,0,914900000,125,7,4/5,3,524,21,MzPtQY9ieEQAAGBB,3333ed418f62784400006041,AFZMtg==,00564cb6
2022-03-25 19:22:24.608731,472b544e001b003c,BME280,647fdafffe0100ad,-83,5,6,0,914700000,125,7,4/5,3,528,21,rkftQaRgeEQAAGBB,ae47ed41a460784400006041,AFZMtg==,00564cb6
2022-03-25 19:22:41.737991,472b544e001b003c,IPS7100,647fdafffe0100ad,-80,2.8,5,0,914500000,125,7,4/5,3,530,15,xwwAAMcIAADxAwAACwEAAE8AAAAAAAAAAAAAAFAeMzvq3Vo9T6YiPnTbwz73cLY/93C2P/dwtj8=,c70c0000c7080000f10300000b0100004f0000000000000000000000501e333beadd5a3d4fa6223e74dbc33ef770b63ff770b63ff770b63f,AFZMtg==,00564cb6
2022-03-25 19:22:59.057923,8cf9572000059fd7,PM,647fdafffe0100ad,-91,5.5,0,0,913500000,125,8,4/5,2,1,2,BgA=,0600,AWGdzw==,01619dcf
2022-03-25 19:23:01.118867,472b544e001b003c,GPGGALR,647fdafffe0100ad,-80,8.8,0,0,913500000,125,7,4/5,3,532,5,NiJuBxB/QEBITCVDezBYwBh47j1ccrw/mpmZmZnpfEBmZmZmZsZyQArXo3A9Cu8/5gcDGRMWOg==,36226e07107f4040484c25437b3058c01878ee3d5c72bc3f9a99999999e97c406666666666c672400ad7a3703d0aef3fe607031913163a,AFZMtg==,00564cb6
2022-03-25 19:23:08.099256,472b544e001b003c,INA219Duo,647fdafffe0100ad,-79,8.8,2,0,913900000,125,7,4/5,3,533,3,j8JFwaRwfUAAgATDAAD0Q/YoAkJYObRAM7OiQwCA5EQ=,8fc245c1a4707d40008004c30000f443f62802425839b44033b3a2430080e444,AFZMtg==,00564cb6
2022-03-25 19:23:28.937968,475a5fe3002e001f,PM,647fdafffe0100ad,-87,5.8,7,0,914900000,125,8,4/5,2,5,2,BgA=,0600,AN2udQ==,00ddae75
2022-03-25 19:23:50.106700,47db558000340048,GPGGALR,647fdafffe0100ad,-86,6,6,0,914700000,125,7,4/5,3,7,5,TSrEagZ/QEDK/Q5FgTBYwGalSSno9pI/MzMzMzPTa0AAAAAAAAAAAClcj8L1KPQ/5gcDGRMXLw==,4d2ac46a067f4040cafd0e45813058c066a54929e8f6923f3333333333d36b400000000000000000295c8fc2f528f43fe607031913172f,ANK/NA==,00d2bf34
2022-03-25 19:23:52.664844,476a5fe300410020,PM,647fdafffe0100ad,-89,7,0,0,913500000,125,8,4/5,2,6,2,BgA=,0600,AIT9YQ==,0084fd61
2022-03-25 19:24:30.732450,8cf9572000058551,BME280,647fdafffe0100ad,-108,-0.2,2,0,913900000,125,7,4/5,3,6,21,XI/cQR91eEQAABBB,5c8fdc411f75784400001041,AAQYUA==,00041850
2022-03-25 19:24:36.125179,472b544e001b003c,BME280,647fdafffe0100ad,-81,9.2,1,0,913700000,125,7,4/5,3,543,21,MzPrQbheeEQAAGBB,3333eb41b85e784400006041,AFZMtg==,00564cb6
2022-03-25 19:24:46.726914,472b544e00230033,BME280,647fdafffe0100ad,-90,0.5,5,0,914500000,125,7,4/5,3,3,21,ZmboQWZ2eEQAAIBB,6666e8416676784400008041,AWyKUg==,016c8a52
2022-03-25 19:25:05.908721,476a5fe300410020,GPGGALR,647fdafffe0100ad,-95,-1.2,4,0,914300000,125,7,4/5,3,14,5,Ii8VYgh/QECDUUmdgDBYwI4j1uJTAOA/AAAAAACga0DsUbgehatgQKRwPQrXo/A/5gcDGRMZAw==,222f1562087f40408351499d803058c08e23d6e25300e03f0000000000a06b40ec51b81e85ab6040a4703d0ad7a3f03fe6070319131903,AIT9YQ==,0084fd61
2022-03-25 19:25:11.109221,475a5fe3002e0018,PM,647fdafffe0100ad,-79,3.8,7,0,914900000,125,8,4/5,2,8,2,BgA=,0600,AWY/fQ==,01663f7d
2022-03-25 19:25:15.910734,472b544e00230033,GPGGALR,647fdafffe0100ad,-95,1.8,2,0,913900000,125,7,4/5,3,5,5,BaOSOgF/QECfAmA8gzBYwLlwICQLmOA/MzMzMzPDakAAAAAAALBqQHsUrkfhevQ/5gcDGRMZDQ==,05a3923a017f40409f02603c833058c0b97020240b98e03f3333333333c36a400000000000b06a407b14ae47e17af43fe607031913190d,AWyKUg==,016c8a52
2022-03-25 19:25:27.203577,472b544e001b003c,SCD30,647fdafffe0100ad,-83,10,2,0,913900000,125,7,4/5,3,549,33,AAAOQ1DE90GAxVdB,00000e4350c4f74180c55741,AFZMtg==,00564cb6
2022-03-25 19:25:35.179730,475a5fe3002e0018,BME280,647fdafffe0100ad,-91,7.5,2,0,913900000,125,7,4/5,3,10,21,mpnbQfZoeEQAAFBB,9a99db41f668784400005041,AWY/fQ==,01663f7d
2022-03-25 19:26:46.129244,479b5580001a0031,BME280,647fdafffe0100ad,-81,0,1,0,913700000,125,7,4/5,3,4,21,XI/mQYWreEQAADBB,5c8fe64185ab784400003041,ALESVA==,00b11254
2022-03-25 19:26:51.767997,472b544e001b003c,BME280,647fdafffe0100ad,-81,8,3,0,914100000,125,7,4/5,3,559,21,AADsQc1ceEQAAGBB,0000ec41cd5c784400006041,AFZMtg==,00564cb6
2022-03-25 19:26:53.793944,472b544e00230033,BME280,647fdafffe0100ad,-99,-2.8,0,0,913500000,125,7,4/5,3,7,21,16PqQddzeEQAAIBB,d7a3ea41d773784400008041,AWyKUg==,016c8a52
2022-03-25 19:26:54.466135,475a5fe300200021,INA219Duo,647fdafffe0100ad,-83,2.2,6,0,914700000,125,7,4/5,3,14,3,SOGuwd0kZkAAgGfDAABEROxRBkLwp7ZAZuanQwBA70Q=,48e1aec1dd246640008067c300004444ec510642f0a7b64066e6a7430040ef44,AfAtvw==,01f02dbf
2022-03-25 19:27:11.572097,475a5fe300200021,GPGGALR,647fdafffe0100ad,-85,7,5,0,914500000,125,7,4/5,3,15,5,uKxsZgd/QECDUUmdgDBYwLlwICQLmOA/mpmZmZlJaEDNzMzMzBR2QLgehetRuO4/5gcDGRMbCA==,b8ac6c66077f40408351499d803058c0b97020240b98e03f9a99999999496840cdcccccccc147640b81e85eb51b8ee3fe6070319131b08,AfAtvw==,01f02dbf
2022-03-25 19:27:28.776387,472b544e001b003c,BME280,647fdafffe0100ad,-80,0.5,6,0,914700000,125,7,4/5,3,563,21,7FHqQeFaeEQAAGBB,ec51ea41e15a784400006041,AFZMtg==,00564cb6
2022-03-25 19:27:50.249800,472b544e001b003c,MGS001,647fdafffe0100ad,-79,-0.8,4,0,914300000,125,7,4/5,3,566,31,3gdDP2TKMj+aThRErt7NQwAAAACd7y5EmwcTPo1MkEA=,de07433f64ca323f9a4e1444aedecd43000000009def2e449b07133e8d4c9040,AFZMtg==,00564cb6
2022-03-25 19:28:07.183494,479b558000380033,PM,647fdafffe0100ad,-87,5,4,0,914300000,125,8,4/5,2,0,2,BgA=,0600,AZO2Og==,0193b63a
2022-03-25 19:28:31.256944,479b558000380033,BME280,647fdafffe0100ad,-85,6.2,5,0,914500000,125,7,4/5,3,2,21,mpnxQYVbeEQAAFBB,9a99f141855b784400005041,AZO2Og==,0193b63a
2022-03-25 19:29:04.197326,471a55800038004e,BME280,647fdafffe0100ad,-98,-6.2,0,0,913500000,125,7,4/5,3,18,21,7FHuQQBAeEQAADBB,ec51ee410040784400003041,ARSYIg==,01149822
2022-03-25 19:29:12.004177,472b544e001b003c,IPS7100,647fdafffe0100ad,-79,8.2,2,0,913900000,125,7,4/5,3,575,15,tgEAAGEBAADSAgAAZQAAACQAAAAEAAAAAAAAAA/pvznqlwg8PK6rPUjFLD5iGCQ/gx2UP4MdlD8=,b601000061010000d2020000650000002400000004000000000000000fe9bf39ea97083c3caeab3d48c52c3e6218243f831d943f831d943f,AFZMtg==,00564cb6
2022-03-25 19:29:19.806658,475a5fe300440023,BME280,647fdafffe0100ad,-79,8,0,0,913500000,125,7,4/5,3,12,21,PQrnQSlceEQAAEBB,3d0ae741295c784400004041,APQtsQ==,00f42db1
2022-03-25 19:29:24.274157,475a5fe3002f001b,IPS7100,647fdafffe0100ad,-96,1.2,3,0,914100000,125,7,4/5,3,10,15,UxkAAG4MAADhAgAAtQAAABMAAAAAAAAAAAAAAESCsTvcJ549h/odPoOsnD4hoQ8/IaEPPyGhDz8=,531900006e0c0000e1020000b50000001300000000000000000000004482b13bdc279e3d87fa1d3e83ac9c3e21a10f3f21a10f3f21a10f3f,ARPL0g==,0113cbd2
2022-03-25 19:29:42.251186,472b544e0028002b,IPS7100,647fdafffe0100ad,-82,7.8,1,0,913700000,125,7,4/5,3,7,15,n1EAAPEkAAAZAwAAtAAAABkAAAAAAAAAAAAAAOUHjzw7W2w+7JagPqWj7T7OpUo/zqVKP86lSj8=,9f510000f124000019030000b4000000190000000000000000000000e5078f3c3b5b6c3eec96a03ea5a3ed3ecea54a3fcea54a3fcea54a3f,AS2wFg==,012db016
2022-03-25 19:29:48.339055,472b544e001b003c,MGS001,647fdafffe0100ad,-85,6,0,0,913500000,125,7,4/5,3,579,31,3gdDP2TKMj+aThRErt7NQwAAAACd7y5EmwcTPo1MkEA=,de07433f64ca323f9a4e1444aedecd43000000009def2e449b07133e8d4c9040,AFZMtg==,00564cb6
2022-03-25 19:30:05.030951,475a5fe30024001c,IPS7100,647fdafffe0100ad,-91,9.5,3,0,914100000,125,7,4/5,3,2,15,MnwAALFDAADFCwAAmgEAAGMAAAAAAAAAAAAAAK2h2Ty2xNU+SXU7P36uiT98mxdAfJsXQHybF0A=,327c0000b1430000c50b00009a010000630000000000000000000000ada1d93cb6c4d53e49753b3f7eae893f7c9b17407c9b17407c9b1740,AZ1LSA==,019d4b48
2022-03-25 19:30:07.252753,47db5580001e0039,IPS7100,647fdafffe0100ad,-90,-0.5,4,0,914300000,125,7,4/5,3,9,15,iQgAAOoDAAD+AQAATQAAABUAAAACAAAAAAAAALJR7zoZP8g821SfPb1CEj64odU+Z/wqP2f8Kj8=,89080000ea030000fe0100004d000000150000000200000000000000b251ef3a193fc83cdb549f3dbd42123eb8a1d53e67fc2a3f67fc2a3f,AEj3OA==,0048f738
2022-03-25 19:30:11.867290,475a5fe30035001b,PM,647fdafffe0100ad,-91,-6.5,6,0,914700000,125,8,4/5,2,5,2,BgA=,0600,AfxkkQ==,01fc6491
2022-03-25 19:30:17.950971,47db558000330044,IPS7100,647fdafffe0100ad,-85,7,5,0,914500000,125,7,4/5,3,8,15,oE0AANEiAAACAwAAKwAAAAQAAAAAAAAAAAAAANMFiDwa614+gKiYPqg9qz5D08s+Q9PLPkPTyz4=,a04d0000d1220000020300002b000000040000000000000000000000d305883c1aeb5e3e80a8983ea83dab3e43d3cb3e43d3cb3e43d3cb3e,AS5LnQ==,012e4b9d
2022-03-25 19:30:28.437998,472b544e001b003c,SCD30,647fdafffe0100ad,-75,6.5,5,0,914500000,125,7,4/5,3,584,33,AAAOQ0h/+UFAfmZB,00000e43487ff941407e6641,AFZMtg==,00564cb6
2022-03-25 19:30:30.412085,475a5fe3002c0020,GPGGALR,647fdafffe0100ad,-90,1.8,2,0,913900000,125,7,4/5,3,12,5,HXXKXAZ/QEAz3cAkgjBYwL8OnDOitNc/AAAAAABgbEDhehSuR0FGQPYoXI/C9fA/5gcDGRMeGw==,1d75ca5c067f404033ddc024823058c0bf0e9c33a2b4d73f0000000000606c40e17a14ae47414640f6285c8fc2f5f03fe6070319131e1b,ACSO7w==,00248eef
2022-03-25 19:30:32.043251,47db558000390039,IPS7100,647fdafffe0100ad,-93,-2.2,3,0,914100000,125,7,4/5,3,8,15,AoMAAGc5AACCBAAAfgAAABEAAAAAAAAAAAAAANWR5TwkFrg+3NL1PqULFj9Tx08/U8dPP1PHTz8=,0283000067390000820400007e000000110000000000000000000000d591e53c2416b83edcd2f53ea50b163f53c74f3f53c74f3f53c74f3f,ARrriA==,011aeb88
2022-03-25 19:31:05.119071,475a5fe30035001b,GPGGALR,647fdafffe0100ad,-92,-1.5,4,0,914300000,125,7,4/5,3,9,5,KLvv0Qh/QEB9rrZifzBYwBh47j1ccqw/AAAAAACAbEA9CtejcOFyQM3MzMzMzOw/5gcDGRMfAg==,28bbefd1087f40407daeb6627f3058c01878ee3d5c72ac3f0000000000806c403d0ad7a370e17240cdccccccccccec3fe6070319131f02,AfxkkQ==,01fc6491
2022-03-25 19:31:39.099988,47bb558000280041,GPGGALR,647fdafffe0100ad,-88,3,2,0,913900000,125,7,4/5,3,4,5,6DP23gV/QEC9NbBVgjBYwBLaci7FVdU/ZmZmZmY2bEB7FK5H4RpNQEjhehSuR/E/5gcDGRMfJA==,e833f6de057f4040bd35b055823058c012da722ec555d53f6666666666366c407b14ae47e11a4d4048e17a14ae47f13fe6070319131f24,AFrsPg==,005aec3e
2022-03-25 19:32:05.837238,8cf957200005854f,INA219Duo,647fdafffe0100ad,-93,7.2,3,0,914100000,125,7,4/5,3,5,3,7FG0wXnpZkBmZlPDAAA/RBSuAEIUrrdAzQyhQwCA50Q=,ec51b4c179e96640666653c300003f4414ae004214aeb740cd0ca1430080e744,AaKXog==,01a297a2
2022-03-25 19:32:07.541002,477b41f20048001f,PM,647fdafffe0100ad,-87,8.8,2,0,913900000,125,8,4/5,2,3,2,BgA=,0600,AeIOeg==,01e20e7a
2022-03-25 19:32:31.613114,477b41f20048001f,BME280,647fdafffe0100ad,-85,9.8,2,0,913900000,125,7,4/5,3,5,21,SOHkQTNjeEQAAFBB,48e1e4413363784400005041,AeIOeg==,01e20e7a
2022-03-25 19:33:44.353910,8cf9572000059e7e,INA219Duo,647fdafffe0100ad,-90,2.5,1,0,913700000,125,7,4/5,3,3,3,9ihkwe58f0AzsxLDAIAORBSu8UEGgbVAM3OXQwDA1kQ=,f62864c1ee7c7f4033b312c300800e4414aef1410681b5403373974300c0d644,AEBmow==,004066a3
2022-03-25 19:33:51.287907,477b41f2004c0035,GPGGALR,647fdafffe0100ad,-89,8.2,1,0,913700000,125,7,4/5,3,15,5,7BLVWwN/QEAXLKqFfzBYwGxDxTh/E9o/ZmZmZmb2b0B7FK5H4XoiQAAAAAAAAPA/5gcDGRMhMA==,ec12d55b037f4040172caa857f3058c06c43c5387f13da3f6666666666f66f407b14ae47e17a2240000000000000f03fe6070319132130,AR4uEg==,011e2e12
2022-03-25 19:34:22.458802,472b544e00270032,PM,647fdafffe0100ad,-98,-1,0,0,913500000,125,8,4/5,2,6,2,BgA=,0600,ANCYoA==,00d098a0
2022-03-25 19:34:46.536428,472b544e00270032,BME280,647fdafffe0100ad,-94,4.2,5,0,914500000,125,7,4/5,3,8,21,XI8DQj1aeEQAADBB,5c8f03423d5a784400003041,ANCYoA==,00d098a0
2022-03-25 19:34:49.559476,472b544e001b003c,MGS001,647fdafffe0100ad,-83,10.5,3,0,914100000,125,7,4/5,3,614,31,YqJBP2TKMj+aThRErt7NQwAAAABa6itEmwcTPhifj0A=,62a2413f64ca323f9a4e1444aedecd43000000005aea2b449b07133e189f8f40,AFZMtg==,00564cb6
2022-03-25 19:35:20.012026,47db5580001e0039,BME280,647fdafffe0100ad,-105,-2,7,0,914900000,125,7,4/5,3,8,21,H4XfQUiReEQAAHBB,1f85df414891784400007041,AQuKBg==,010b8a06
2022-03-25 19:35:26.881571,472b544e001b003c,MGS001,647fdafffe0100ad,-77,4.2,6,0,914700000,125,7,4/5,3,618,31,YqJBP2TKMj+aThRErt7NQwAAAABa6itEmwcTPhifj0A=,62a2413f64ca323f9a4e1444aedecd43000000005aea2b449b07133e189f8f40,AFZMtg==,00564cb6
2022-03-25 19:35:36.709159,8cf9572000059fcd,BME280,647fdafffe0100ad,-99,-3.8,1,0,913700000,125,7,4/5,3,10,21,9ijgQcM1eEQAAGBB,f628e041c335784400006041,AGl5kw==,00697993
2022-03-25 19:35:51.106749,8cf957200005854f,PM,647fdafffe0100ad,-96,4,5,0,914500000,125,8,4/5,2,3,2,BgA=,0600,ASKxsg==,0122b1b2
2022-03-25 19:35:58.265758,479b5580001a0031,PM,647fdafffe0100ad,-84,7.5,5,0,914500000,125,8,4/5,2,2,2,BgA=,0600,AOZGLw==,00e6462f
2022-03-25 19:36:04.581927,475a5fe3003b001b,BME280,647fdafffe0100ad,-83,6.8,2,0,913900000,125,7,4/5,3,6,21,uB7lQVJ4eEQAAGBB,b81ee5415278784400006041,AEGEFA==,00418414
2022-03-25 19:36:11.535732,475a5fe3002e0018,INA219Duo,647fdafffe0100ad,-90,2.5,3,0,914100000,125,7,4/5,3,13,3,16OAwQisfEDNTB/DAIAdRHE98kG4HrVAmhmZQwAA2UQ=,d7a380c108ac7c40cd4c1fc300801d44713df241b81eb5409a1999430000d944,AZ/Mig==,019fcc8a
2022-03-25 19:36:14.502910,472b544e0024004b,PM,647fdafffe0100ad,-78,4.8,4,0,914300000,125,8,4/5,2,1,2,BgA=,0600,ABlZbg==,0019596e
2022-03-25 19:36:30.036600,47db558000420035,PM,647fdafffe0100ad,-86,5,0,0,913500000,125,8,4/5,2,8,2,BgA=,0600,AcnkIA==,01c9e420
2022-03-25 19:36:41.231151,476a5fe3003f0021,GPGGALR,647fdafffe0100ad,-94,2.5,1,0,913700000,125,7,4/5,3,4,5,nkFD/wR/QEAuOi7qgDBYwLw/3qtWJtQ/ZmZmZmZmbkA9CtejcP0/QB+F61G4Hu0/5gcDGRMkJg==,9e4143ff047f40402e3a2eea803058c0bc3fdeab5626d43f6666666666666e403d0ad7a370fd3f401f85eb51b81eed3fe6070319132426,AZ8Q9w==,019f10f7
2022-03-25 19:36:43.384013,476a5fe300410020,IPS7100,647fdafffe0100ad,-96,1,3,0,914100000,125,7,4/5,3,6,15,xwkAABcGAACaAgAAQgAAABUAAAAAAAAAAAAAAGUTCTt0pxg9K9XaPaw4Jj72yeA+9sngPvbJ4D4=,c7090000170600009a020000420000001500000000000000000000006513093b74a7183d2bd5da3dac38263ef6c9e03ef6c9e03ef6c9e03e,AfYh0Q==,01f621d1
2022-03-25 19:36:47.643152,472b544e001b003c,MGS001,647fdafffe0100ad,-83,9,2,0,913900000,125,7,4/5,3,627,31,YqJBP2TKMj+aThRErt7NQwAAAABa6itEmwcTPhifj0A=,62a2413f64ca323f9a4e1444aedecd43000000005aea2b449b07133e189f8f40,AFZMtg==,00564cb6
2022-03-25 19:36:51.520704,479b5580001a0031,GPGGALR,647fdafffe0100ad,-83,2,6,0,914700000,125,7,4/5,3,6,5,vThH1gd/QECmJyzxgDBYwBh47j1ccrw/MzMzMzNDb0BI4XoUru91QFK4HoXrUfQ/5gcDGRMkMA==,bd3847d6077f4040a6272cf1803058c01878ee3d5c72bc3f3333333333436f4048e17a14aeef754052b81e85eb51f43fe6070319132430,AOZGLw==,00e6462f
2022-03-25 19:37:00.628204,47db558000330044,PM,647fdafffe0100ad,-87,8,4,0,914300000,125,8,4/5,2,2,2,BgA=,0600,AWN6mg==,01637a9a
2022-03-25 19:37:04.159168,475a5fe300200021,IPS7100,647fdafffe0100ad,-90,8.5,3,0,914100000,125,7,4/5,3,3,15,WjMAAJ0XAAA5AgAAOQAAABIAAAAAAAAAAAAAAHf5MzyU5xY+pNxTPmutgj4FHv8+BR7/PgUe/z4=,5a3300009d170000390200003900000012000000000000000000000077f9333c94e7163ea4dc533e6bad823e051eff3e051eff3e051eff3e,ALn2sA==,00b9f6b0
2022-03-25 19:37:07.755034,472b544e0024004b,GPGGALR,647fdafffe0100ad,-86,8.2,3,0,914100000,125,7,4/5,3,5,5,BeUMfgh/QED7PkekgDBYwGalSSno9sI/MzMzMzOzbEC4HoXrUUhvQOF6FK5H4eo/5gcDGRMlBQ==,05e50c7e087f4040fb3e47a4803058c066a54929e8f6c23f3333333333b36c40b81e85eb51486f40e17a14ae47e1ea3fe6070319132505,ABlZbg==,0019596e
2022-03-25 19:37:08.286998,479b558000380033,IPS7100,647fdafffe0100ad,-81,2.8,7,0,914900000,125,7,4/5,3,4,15,qXEAAK03AADqBwAAiwEAAKwAAAAKAAAAAAAAACQsxzzMFLE+BrYOP59QYz+Am0hAqCmGQKgphkA=,a9710000ad370000ea0700008b010000ac0000000a00000000000000242cc73ccc14b13e06b60e3f9f50633f809b4840a8298640a8298640,AAGjfw==,0001a37f
2022-03-25 19:37:11.659576,475a5fe3003b001b,BME280,647fdafffe0100ad,-81,10,3,0,914100000,125,7,4/5,3,9,21,AADmQQp3eEQAAFBB,0000e6410a77784400005041,AEGEFA==,00418414
2022-03-25 19:37:19.103892,47db558000420035,BME280,647fdafffe0100ad,-86,8.8,3,0,914100000,125,7,4/5,3,15,21,KVz1QfZ4eEQAABBB,295cf541f678784400001041,AcnkIA==,01c9e420
2022-03-25 19:37:53.873005,47db558000330044,GPGGALR,647fdafffe0100ad,-85,7.5,4,0,914300000,125,7,4/5,3,6,5,Oibh+wh/QEBhHl1lgDBYwLlwICQLmMA/AAAAAAAgaUApXI/C9SgnQI/C9Shcj+o/5gcDGRMlMw==,3a26e1fb087f4040611e5d65803058c0b97020240b98c03f0000000000206940295c8fc2f52827408fc2f5285c8fea3fe6070319132533,AWN6mg==,01637a9a
2022-03-25 19:37:57.740884,472b544e001b003c,BME280,647fdafffe0100ad,-81,5.8,5,0,914500000,125,7,4/5,3,635,21,KVzZQSlceEQAAIBB,295cd941295c784400008041,AFZMtg==,00564cb6
2022-03-25 19:37:59.165665,8cf95720000589cc,INA219Duo,647fdafffe0100ad,-73,6.2,7,0,914900000,125,7,4/5,3,3,3,AACkQd0kZkAAgD9DAIAuRAAABUKwcrhAzUymQwCA70Q=,0000a441dd24664000803f4300802e4400000542b072b840cd4ca6430080ef44,ALh5VA==,00b87954
2022-03-25 19:38:04.759806,472b544e001b003c,SCD30,647fdafffe0100ad,-81,8,0,0,913500000,125,7,4/5,3,636,33,AAAKQxQo9EGAmVZB,00000a431428f44180995641,AFZMtg==,00564cb6
2022-03-25 19:38:17.488823,479b5580001a0031,IPS7100,647fdafffe0100ad,-87,7.2,0,0,913500000,125,7,4/5,3,7,15,alIAALQlAAC9AwAAfAAAACMAAAAAAAAAAAAAABtqkDydCXE+1byrPofT4D4He2Y/B3tmPwd7Zj8=,6a520000b4250000bd0300007c0000002300000000000000000000001b6a903c9d09713ed5bcab3e87d3e03e077b663f077b663f077b663f,AOZGLw==,00e6462f
2022-03-25 19:38:44.541391,47bb558000280041,BME280,647fdafffe0100ad,-84,6.2,5,0,914500000,125,7,4/5,3,5,21,PQrxQZqJeEQAABBB,3d0af1419a89784400001041,AY4Y6w==,018e18eb
2022-03-25 19:38:45.801644,472b544e0024002b,IPS7100,647fdafffe0100ad,-71,3.5,5,0,914500000,125,7,4/5,3,7,15,Y14AAHQtAADMAwAAPgAAAAkAAAAAAAAAAAAAACFmpTxsvpA+h8DEPqSN3z7iWg4/4loOP+JaDj8=,635e0000742d0000cc0300003e0000000900000000000000000000002166a53c6cbe903e87c0c43ea48ddf3ee25a0e3fe25a0e3fe25a0e3f,AbNr0g==,01b36bd2
2022-03-25 19:38:48.841077,472b544e001b003c,SCD30,647fdafffe0100ad,-83,10,2,0,913900000,125,7,4/5,3,641,33,AAAMQ5Ry8kEAlV1B,00000c439472f24100955d41,AFZMtg==,00564cb6
2022-03-25 19:39:14.249555,47db558000420035,IPS7100,647fdafffe0100ad,-79,3.2,6,0,914700000,125,7,4/5,3,18,15,qhgAAPsMAACuAwAAngAAABwAAAAAAAAAAAAAAGDhrDusXKQ9//M2Pj52nz5WPy8/cidBP3InQT8=,aa180000fb0c0000ae0300009e0000001c000000000000000000000060e1ac3bac5ca43dfff3363e3e769f3e563f2f3f7227413f7227413f,AcnkIA==,01c9e420
2022-03-25 19:39:21.153086,8cf9572000059fd7,PM,647fdafffe0100ad,-91,-1,4,0,914300000,125,8,4/5,2,0,2,BgA=,0600,APaSSA==,00f69248
2022-03-25 19:39:28.317538,475a5fe300480023,PM,647fdafffe0100ad,-95,6,1,0,913700000,125,8,4/5,2,1,2,BgA=,0600,ALWBcA==,00b58170
2022-03-25 19:39:37.862011,475a5fe3003b001b,INA219Duo,647fdafffe0100ad,-78,9.8,4,0,914300000,125,7,4/5,3,14,3,pHCdQUjhekAzMzZDAABEROxReD8hsMJAZmYeQQAAaEI=,a4709d4148e17a403333364300004444ec51783f21b0c24066661e4100006842,AEGEFA==,00418414
2022-03-25 19:39:46.295978,475a5fe30035001a,BME280,647fdafffe0100ad,-81,-6,6,0,914700000,125,7,4/5,3,2,21,j8L9QVKIeEQAABBB,8fc2fd415288784400001041,ARc+cQ==,01173e71
2022-03-25 19:39:54.950389,475a5fe3003b001b,GPGGALR,647fdafffe0100ad,-87,4.5,7,0,914900000,125,7,4/5,3,15,5,u/JZngd/QECOdrFwfzBYwBh47j1ccqw/mpmZmZk5bUAzMzMzM8NVQD0K16NwPeo/5gcDGRMnNA==,bbf2599e077f40408e76b1707f3058c01878ee3d5c72ac3f9a99999999396d403333333333c355403d0ad7a3703dea3fe6070319132734,AEGEFA==,00418414
2022-03-25 19:40:10.019248,472b544e001b003c,IPS7100,647fdafffe0100ad,-87,6.2,7,0,914900000,125,7,4/5,3,650,15,hAQAAHQCAAA5AwAAugAAACkAAAAAAAAAAAAAAPtRfTqDLXg8saXPPQTVgz5RaUw/UWlMP1FpTD8=,840400007402000039030000ba000000290000000000000000000000fb517d3a832d783cb1a5cf3d04d5833e51694c3f51694c3f51694c3f,AFZMtg==,00564cb6
2022-03-25 19:40:13.981016,475a5fe30033001a,PM,647fdafffe0100ad,-95,-2.5,4,0,914300000,125,8,4/5,2,14,2,BgA=,0600,ALRpGg==,00b4691a
2022-03-25 19:40:14.400436,8cf9572000059fd7,GPGGALR,647fdafffe0100ad,-83,-2.8,6,0,914700000,125,7,4/5,3,4,5,8DMuHAh/QED6m1CIgDBYwBh47j1ccsw/AAAAAADwbEAzMzMzMzNDQI/C9Shcj/Y/5gcDGRMoCw==,f0332e1c087f4040fa9b5088803058c01878ee3d5c72cc3f0000000000f06c4033333333333343408fc2f5285c8ff63fe607031913280b,APaSSA==,00f69248
2022-03-25 19:40:21.558835,475a5fe300480023,GPGGALR,647fdafffe0100ad,-87,3.2,7,0,914900000,125,7,4/5,3,5,5,Gy/dJAZ/QEDvVSsTfjBYwLlwICQLmNA/AAAAAAAwbUDD9ShcjwpqQOF6FK5H4QBA5gcDGRMoEg==,1b2fdd24067f4040ef552b137e3058c0b97020240b98d03f0000000000306d40c3f5285c8f0a6a40e17a14ae47e10040e6070319132812,ALWBcA==,00b58170
2022-03-25 19:40:51.594891,47bb558000280041,BME280,647fdafffe0100ad,-89,-4.5,4,0,914300000,125,7,4/5,3,9,21,SOHuQR+FeEQAADBB,48e1ee411f85784400003041,AY4Y6w==,018e18eb
2022-03-25 19:41:26.564389,47db558000330044,PM,647fdafffe0100ad,-85,9.5,4,0,914300000,125,8,4/5,2,10,2,BgA=,0600,ABcMyQ==,00170cc9
2022-03-25 19:41:28.000050,475a5fe3003b001b,IPS7100,647fdafffe0100ad,-83,-3.2,6,0,914700000,125,7,4/5,3,18,15,cQIAADcCAAB/AQAAQQAAAA4AAAAAAAAAAAAAAKjvCDp4XFo8+s1aPZnG3D1FiZc+RYmXPkWJlz4=,71020000370200007f010000410000000e0000000000000000000000a8ef083a785c5a3cfacd5a3d99c6dc3d4589973e4589973e4589973e,AEGEFA==,00418414
2022-03-25 19:41:52.271345,8cf9572000059fd7,BME280,647fdafffe0100ad,-94,4.5,3,0,914100000,125,7,4/5,3,6,21,H4X1QfZoeEQAAEBB,1f85f541f668784400004041,APaSSA==,00f69248
2022-03-25 19:42:50.271361,475a5fe300320019,PM,647fdafffe0100ad,-79,9,4,0,914300000,125,8,4/5,2,0,2,BgA=,0600,AaCIzA==,01a088cc
2022-03-25 19:43:02.106988,8cf957200005854f,IPS7100,647fdafffe0100ad,-98,4.8,3,0,914100000,125,7,4/5,3,2,15,maMAABdRAABJCgAAwAAAACoAAAAEAAAAAAAAACdWDz2q2gA/kkJHPwJocD8+C78/10/1P9dP9T8=,99a3000017510000490a0000c00000002a000000040000000000000027560f3daada003f9242473f0268703f3e0bbf3fd74ff53fd74ff53f,AdYilQ==,01d62295
2022-03-25 19:43:19.899350,47db558000350047,PM,647fdafffe0100ad,-93,1.8,4,0,914300000,125,8,4/5,2,0,2,BgA=,0600,AbxEbA==,01bc446c
2022-03-25 19:43:26.412291,475a5fe300320019,INA219Duo,647fdafffe0100ad,-69,4.5,1,0,913700000,125,7,4/5,3,3,3,UrgOwdEie0AAALPCAACvQ+xRskG6SbxAMzNhQwAApUQ=,52b80ec1d1227b400000b3c20000af43ec51b241ba49bc40333361430000a544,AaCIzA==,01a088cc
2022-03-25 19:43:39.671544,472b544e001b003c,IPS7100,647fdafffe0100ad,-81,7.5,3,0,914100000,125,7,4/5,3,673,15,ijIAAOsaAAB4BwAArQEAAOkAAAAAAAAAAAAAACcfMTxyRyo+PWm7PiWCOT+KbXFAt15yQLdeckA=,8a320000eb1a000078070000ad010000e90000000000000000000000271f313c72472a3e3d69bb3e2582393f8a6d7140b75e7240b75e7240,AFZMtg==,00564cb6
2022-03-25 19:44:06.034283,472b544e001b003c,INA219Duo,647fdafffe0100ad,-81,9,2,0,913900000,125,7,4/5,3,676,3,j8I5wbbzfUAzMwLDAADnQ83MAUIhsLJAM3OiQwBA5EQ=,8fc239c1b6f37d40333302c30000e743cdcc014221b0b2403373a2430040e444,AFZMtg==,00564cb6
2022-03-25 19:44:07.381389,477b41f20048001f,PM,647fdafffe0100ad,-81,7.8,2,0,913900000,125,8,4/5,2,1,2,BgA=,0600,AAgpgQ==,00082981
2022-03-25 19:44:09.188112,47cb55800041001c,IPS7100,647fdafffe0100ad,-85,6.8,4,0,914300000,125,7,4/5,3,15,15,90UAAKQfAADXAgAAWQAAAA0AAAAAAAAAAAAAAAE1dTyUdko+ZiKMPqpTsj779gQ/pqoaP6aqGj8=,f7450000a41f0000d7020000590000000d00000000000000000000000135753c94764a3e66228c3eaa53b23efbf6043fa6aa1a3fa6aa1a3f,AJTB5Q==,0094c1e5
2022-03-25 19:44:24.847545,472b544e0024004b,BME280,647fdafffe0100ad,-85,7.2,3,0,914100000,125,7,4/5,3,7,21,XI8Nw5pZ/kMAAIBB,5c8f0dc39a59fe4300008041,AaPnIQ==,01a3e721
2022-03-25 19:44:36.929485,472b544e0024004b,INA219Duo,647fdafffe0100ad,-83,7.2,5,0,914500000,125,7,4/5,3,8,3,UriKwXnpZkCamR3DAIAORB+F9UGkcL1AzYyZQwBA40Q=,52b88ac179e966409a991dc300800e441f85f541a470bd40cd8c99430040e344,AaPnIQ==,01a3e721
2022-03-25 19:44:47.560023,47db558000330044,BME280,647fdafffe0100ad,-86,4.2,3,0,914100000,125,7,4/5,3,7,21,H4XtQXFteEQAAFBB,1f85ed41716d784400005041,APDf1g==,00f0dfd6
2022-03-25 19:44:48.098244,472b544e00270032,IPS7100,647fdafffe0100ad,-99,2.5,3,0,914100000,125,7,4/5,3,5,15,EWYAAFgxAABqAwAAVgAAAA0AAAAAAAAAAAAAAETbsjxOGJ0+PeHLPv778D48DyQ/PA8kPzwPJD8=,11660000583100006a030000560000000d000000000000000000000044dbb23c4e189d3e3de1cb3efefbf03e3c0f243f3c0f243f3c0f243f,AUkbMw==,01491b33
2022-03-25 19:44:59.108050,8cf9572000059e81,PM,647fdafffe0100ad,-104,-7.2,5,0,914500000,125,8,4/5,2,4,2,CgA=,0a00,AUdi2A==,014762d8
2022-03-25 19:45:20.203788,8cf9572000059e81,BME280,647fdafffe0100ad,-98,1.8,5,0,914500000,125,8,4/5,2,6,21,Ctf5QT2KeEQAABBB,0ad7f9413d8a784400001041,AUdi2A==,014762d8
2022-03-25 19:45:21.384973,475a5fe300320019,BME280,647fdafffe0100ad,-86,8,3,0,914100000,125,7,4/5,3,6,21,UrjWQaRAeEQAAGBB,52b8d641a440784400006041,AaCIzA==,01a088cc
2022-03-25 19:45:36.735902,475a5fe3002e0018,BME280,647fdafffe0100ad,-87,5.2,7,0,914900000,125,7,4/5,3,7,21,4XrmQT1aeEQAAFBB,e17ae6413d5a784400005041,ACpL6g==,002a4bea
2022-03-25 19:45:40.918197,47db5580001e0039,BME280,647fdafffe0100ad,-92,0.5,7,0,914900000,125,7,4/5,3,3,21,7FHgQXGNeEQAAHBB,ec51e041718d784400007041,ADCGNg==,00308636
2022-03-25 19:45:41.492177,479b5580001a0031,PM,647fdafffe0100ad,-86,7,5,0,914500000,125,8,4/5,2,1,2,BgA=,0600,AfFO4Q==,01f14ee1
2022-03-25 19:46:10.100505,47db5580001e0039,GPGGALR,647fdafffe0100ad,-97,4,2,0,913900000,125,7,4/5,3,5,5,rM1VrAd/QEDDt4XufzBYwGalSSno9qI/MzMzMzPTa0C4HoXrUVhNQMP1KFyPwu0/5gcDGRMuBw==,accd55ac077f4040c3b785ee7f3058c066a54929e8f6a23f3333333333d36b40b81e85eb51584d40c3f5285c8fc2ed3fe6070319132e07,ADCGNg==,00308636
2022-03-25 19:46:28.912586,476a5fe300410020,IPS7100,647fdafffe0100ad,-100,1.5,3,0,914100000,125,7,4/5,3,11,15,chEAAP0IAAC/AgAAQAAAABQAAAAAAAAAAAAAAGSSdDtS82M9mTgEPoh0Oz4AvuU+AL7lPgC+5T4=,72110000fd080000bf020000400000001400000000000000000000006492743b52f3633d9938043e88743b3e00bee53e00bee53e00bee53e,AdZ/eA==,01d67f78
2022-03-25 19:46:46.989298,8cf9572000059e81,BME280,647fdafffe0100ad,-101,-1.5,5,0,914500000,125,8,4/5,2,14,21,9ij8QSmMeEQAABBB,f628fc41298c784400001041,AUdi2A==,014762d8
2022-03-25 19:46:56.707254,475a5fe3003b001b,BME280,647fdafffe0100ad,-87,2.8,7,0,914900000,125,7,4/5,3,5,21,uB7nQbhueEQAAEBB,b81ee741b86e784400004041,AA/y2w==,000ff2db
2022-03-25 19:47:09.696125,470a55800048003e,GPGGALR,647fdafffe0100ad,-81,0,6,0,914700000,125,7,4/5,3,22,5,FlD+pwh/QEDsMPt8gTBYwL8OnDOitNc/mpmZmZm5akCuR+F6FE50QFyPwvUoXO8/5gcDGRMvBg==,1650fea7087f4040ec30fb7c813058c0bf0e9c33a2b4d73f9a99999999b96a40ae47e17a144e74405c8fc2f5285cef3fe6070319132f06,AQfwKg==,0107f02a
2022-03-25 19:47:11.931817,47bb5580001f0020,PM,647fdafffe0100ad,-71,-8,6,0,914700000,125,8,4/5,2,6,2,BgA=,0600,AZ9Dvg==,019f43be
2022-03-25 19:47:32.375111,479b558000320033,INA219Duo,647fdafffe0100ad,-91,4,5,0,914500000,125,7,4/5,3,6,3,FK5/wWDlcEDNzB7DAAAWRMP1AEIUrrdAzQyhQwCA50Q=,14ae7fc160e57040cdcc1ec300001644c3f5004214aeb740cd0ca1430080e744,ATTXMg==,0134d732
2022-03-25 19:47:35.695016,472b544e001b003c,INA219Duo,647fdafffe0100ad,-77,3,6,0,914700000,125,7,4/5,3,700,3,CtdPwbbzfUAzM97CAADdQ5qZAUIOLbJAmlmjQwAA4kQ=,0ad74fc1b6f37d403333dec20000dd439a9901420e2db2409a59a3430000e244,AFZMtg==,00564cb6
2022-03-25 19:47:56.716629,472b544e001b003c,SCD30,647fdafffe0100ad,-79,8.8,1,0,913700000,125,7,4/5,3,703,33,AAAGQ2yh9UFA0lhB,000006436ca1f54140d25841,AFZMtg==,00564cb6
2022-03-25 19:48:04.487623,8cf957200005854f,INA219Duo,647fdafffe0100ad,-97,4,5,0,914500000,125,7,4/5,3,6,3,j8K1wYtsZ0AAAGLDAABNRD0KAEKHFrlAAECgQwCA50Q=,8fc2b5c18b6c6740000062c300004d443d0a00428716b9400040a0430080e744,AeQbww==,01e41bc3
2022-03-25 19:48:09.589967,47db558000330044,INA219Duo,647fdafffe0100ad,-80,7.2,5,0,914500000,125,7,4/5,3,8,3,PQqxwQIrZ0Azs07DAAA6RPYoA0JYObRAmtmjQwCA5kQ=,3d0ab1c1022b674033b34ec300003a44f62803425839b4409ad9a3430080e644,AKqiyQ==,00aaa2c9
2022-03-25 19:48:11.219660,472b544e001b003c,IPS7100,647fdafffe0100ad,-79,6.2,3,0,914100000,125,7,4/5,3,705,15,wwQAAEgDAAASBQAA/gAAADgAAAAAAAAAAAAAAE+RhTrRvqM84V8fPu+ovD7zUo0/81KNP/NSjT8=,c30400004803000012050000fe0000003800000000000000000000004f91853ad1bea33ce15f1f3eefa8bc3ef3528d3ff3528d3ff3528d3f,AFZMtg==,00564cb6
2022-03-25 19:48:48.186336,472b544e001b003c,MGS001,647fdafffe0100ad,-81,9.2,4,0,914300000,125,7,4/5,3,709,31,3UBAP2TKMj+aThRErt7NQwAAAABv9ShEmwcTPiLzjkA=,dd40403f64ca323f9a4e1444aedecd43000000006ff528449b07133e22f38e40,AFZMtg==,00564cb6
2022-03-25 19:48:49.967830,479b558000380033,PM,647fdafffe0100ad,-89,6.5,2,0,913900000,125,8,4/5,2,7,2,BgA=,0600,AWGxCQ==,0161b109
2022-03-25 19:48:51.848664,475a5fe3003b001b,IPS7100,647fdafffe0100ad,-85,8.2,3,0,914100000,125,7,4/5,3,8,15,n0IAAPMhAACBBwAAcQAAAAwAAAAAAAAAAAAAAIR7aTxZY1c+umrSPh6KAT/nZSw/52UsP+dlLD8=,9f420000f321000081070000710000000c0000000000000000000000847b693c5963573eba6ad23e1e8a013fe7652c3fe7652c3fe7652c3f,AA/y2w==,000ff2db
2022-03-25 19:49:14.035394,479b558000380033,BME280,647fdafffe0100ad,-83,6.8,5,0,914500000,125,7,4/5,3,9,21,7FH6QZpJeEQAAGBB,ec51fa419a49784400006041,AWGxCQ==,0161b109
2022-03-25 19:49:27.213572,8cf9572000059e81,SCD30,647fdafffe0100ad,-99,-8.5,5,0,914500000,125,8,4/5,2,30,33,AAD9Q0yZ/UHAj0hB,0000fd434c99fd41c08f4841,AUdi2A==,014762d8
2022-03-25 19:49:39.641336,47db558000420035,PM,647fdafffe0100ad,-82,9.5,0,0,913500000,125,8,4/5,2,2,2,BgA=,0600,ALSsmQ==,00b4ac99
2022-03-25 19:49:43.214752,479b558000380033,GPGGALR,647fdafffe0100ad,-86,7.5,4,0,914300000,125,7,4/5,3,11,5,atvaCQl/QECI9NvXgTBYwGalSSno9rI/mpmZmZmJa0AAAAAAAAAAAD0K16NwPeo/5gcDGRMxKA==,6adbda09097f404088f4dbd7813058c066a54929e8f6b23f9a99999999896b4000000000000000003d0ad7a3703dea3fe6070319133128,AWGxCQ==,0161b109
2022-03-25 19:50:09.275873,472b544e0024002b,BME280,647fdafffe0100ad,-95,-0.2,3,0,914100000,125,7,4/5,3,7,21,hevxQXt0eEQAAEBB,85ebf1417b74784400004041,AQ5WHA==,010e561c
2022-03-25 19:50:09.935800,472b544e001b003c,IPS7100,647fdafffe0100ad,-84,7.8,2,0,913900000,125,7,4/5,3,718,15,IQUAALADAAAjAgAAZQAAACEAAAAAAAAAAAAAAALdjzq4mLc8X+eiPYRpKD5Duxg/Q7sYP0O7GD8=,21050000b0030000230200006500000021000000000000000000000002dd8f3ab898b73c5fe7a23d8469283e43bb183f43bb183f43bb183f,AFZMtg==,00564cb6
2022-03-25 19:50:31.803996,472b544e001b003c,SCD30,647fdafffe0100ad,-79,4.2,7,0,914900000,125,7,4/5,3,720,33,AAAHQyCH9kEAkElB,000007432087f64100904941,AFZMtg==,00564cb6
2022-03-25 19:50:38.982254,472b544e001b003c,IPS7100,647fdafffe0100ad,-83,7.2,3,0,914100000,125,7,4/5,3,721,15,4BEAANQJAAD1AgAAoAAAAEYAAAADAAAAAAAAAG6fejuSOXg9IhsPPg5PjD4AcJg/tcHNP7XBzT8=,e0110000d4090000f5020000a00000004600000003000000000000006e9f7a3b9239783d221b0f3e0e4f8c3e0070983fb5c1cd3fb5c1cd3f,AFZMtg==,00564cb6
2022-03-25 19:50:42.263801,472b544e0024004b,IPS7100,647fdafffe0100ad,-85,2.2,6,0,914700000,125,7,4/5,3,9,15,ZSgAAPoTAADpAQAAHQAAAAIAAAAAAAAAAAAAACiUDTzV/f0990ozPu2cTD7rxWs+68VrPuvFaz4=,65280000fa130000e90100001d00000002000000000000000000000028940d3cd5fdfd3df74a333eed9c4c3eebc56b3eebc56b3eebc56b3e,AJIBaw==,0092016b
2022-03-25 19:50:56.775917,8cf957200005854f,PM,647fdafffe0100ad,-91,1.8,5,0,914500000,125,8,4/5,2,3,2,BgA=,0600,ADsnOQ==,003b2739
2022-03-25 19:50:59.024507,8cf9572000059e81,BME280,647fdafffe0100ad,-98,-2.8,5,0,914500000,125,8,4/5,2,39,21,UrjyQY9yeEQAAABB,52b8f2418f72784400000041,AUdi2A==,014762d8
2022-03-25 19:51:08.043181,8cf9572000059e81,SCD30,647fdafffe0100ad,-96,1.2,1,0,913700000,125,8,4/5,2,40,33,AEAARDjO9kHAeFBB,0040004438cef641c0785041,AUdi2A==,014762d8
2022-03-25 19:51:43.389797,47db558000340048,PM,647fdafffe0100ad,-81,8.2,3,0,914100000,125,8,4/5,2,6,2,BgA=,0600,AB5vfw==,001e6f7f
2022-03-25 19:52:03.376631,472b544e001b003c,SCD30,647fdafffe0100ad,-97,9.8,1,0,913700000,125,7,4/5,3,731,33,AAAKQ6A8+EEANVRB,00000a43a03cf84100355441,AFZMtg==,00564cb6
2022-03-25 19:52:07.453514,47db558000340048,BME280,647fdafffe0100ad,-79,2.5,0,0,913500000,125,7,4/5,3,8,21,CtfzQWZmeEQAACBB,0ad7f3416666784400002041,AB5vfw==,001e6f7f
2022-03-25 19:52:22.651963,8cf957200005a003,BME280,647fdafffe0100ad,-86,9.5,3,0,914100000,125,7,4/5,3,6,21,XI/0QfZ4eEQAACBB,5c8ff441f678784400002041,AAPeqA==,0003dea8
2022-03-25 19:52:39.384800,47cb55800041001c,BME280,647fdafffe0100ad,-85,5.8,4,0,914300000,125,7,4/5,3,8,21,9ijoQYV7eEQAAEBB,f628e841857b784400004041,AS6QXQ==,012e905d
2022-03-25 19:53:05.371608,8cf95720000589cc,IPS7100,647fdafffe0100ad,-83,-0.5,6,0,914700000,125,7,4/5,3,9,15,JgYAADsGAAC+AAAAbgAAABwAAAAAAAAAAAAAAOl0rDoCzhg9mBhqPWgZGT4EgAY/BIAGPwSABj8=,260600003b060000be0000006e0000001c0000000000000000000000e974ac3a02ce183d98186a3d6819193e0480063f0480063f0480063f,ATYMWQ==,01360c59
2022-03-25 19:53:17.271281,8cf95720000589cc,BME280,647fdafffe0100ad,-86,8.2,7,0,914900000,125,7,4/5,3,10,21,zczsQQBAeEQAACBB,cdccec410040784400002041,ATYMWQ==,01360c59
2022-03-25 19:53:31.709627,47db558000350047,BME280,647fdafffe0100ad,-89,6.8,2,0,913900000,125,7,4/5,3,4,21,rkf7QT1aeEQAABBB,ae47fb413d5a784400001041,AYAU6Q==,018014e9
2022-03-25 19:54:08.634039,472b544e001b003c,IPS7100,647fdafffe0100ad,-83,3.8,6,0,914700000,125,7,4/5,3,745,15,6QIAAJ4BAADfAwAA8gAAAGEAAAAAAAAAAAAAAB1KIzq/lyM8/IPoPUnUoT77Csw/MXrVPzF61T8=,e90200009e010000df030000f20000006100000000000000000000001d4a233abf97233cfc83e83d49d4a13efb0acc3f317ad53f317ad53f,AFZMtg==,00564cb6
2022-03-25 19:54:10.234107,476a5fe300410020,PM,647fdafffe0100ad,-90,5.2,1,0,913700000,125,8,4/5,2,2,2,BgA=,0600,AUVQCQ==,01455009
2022-03-25 19:54:13.934507,47db5580001e0039,IPS7100,647fdafffe0100ad,-92,2,1,0,913700000,125,7,4/5,3,14,15,YxsAAMINAACRAwAAXgAAACUAAAAMAAAAAAAAAL33vzsLvK49zQw5PgEThT5GOUE/dYYAQHWGAEA=,631b0000c20d0000910300005e000000250000000c00000000000000bdf7bf3b0bbcae3dcd0c393e0113853e4639413f7586004075860040,AfEBgQ==,01f10181
2022-03-25 19:54:32.726291,47db558000390039,PM,647fdafffe0100ad,-91,1.8,2,0,913900000,125,8,4/5,2,7,2,BQA=,0500,AKGf6Q==,00a19fe9
2022-03-25 19:54:34.301092,476a5fe300410020,BME280,647fdafffe0100ad,-92,1.2,7,0,914900000,125,7,4/5,3,4,21,mpnnQT1KeEQAAFBB,9a99e7413d4a784400005041,AUVQCQ==,01455009
2022-03-25 19:54:34.497707,475a5fe300480023,PM,647fdafffe0100ad,-92,7,3,0,914100000,125,8,4/5,2,1,2,BgA=,0600,APwi5g==,00fc22e6
2022-03-25 19:54:43.904248,475a5fe300440023,PM,647fdafffe0100ad,-79,8.2,7,0,914900000,125,8,4/5,2,0,2,BgA=,0600,AeUJIA==,01e50920
2022-03-25 19:54:49.012372,472b544e001b003c,BME280,647fdafffe0100ad,-87,7.2,3,0,914100000,125,7,4/5,3,750,21,cT3kQc1MeEQAAHBB,713de441cd4c784400007041,AFZMtg==,00564cb6
2022-03-25 19:55:03.743982,476a5fe3003f0021,BME280,647fdafffe0100ad,-93,-3.2,2,0,913900000,125,7,4/5,3,6,21,XI/uQYVreEQAAEBB,5c8fee41856b784400004041,AWU1hw==,01653587
2022-03-25 19:55:06.246916,8cf957200005854f,BME280,647fdafffe0100ad,-90,4.2,5,0,914500000,125,7,4/5,3,6,21,UrjuQT0qeEQAAGBB,52b8ee413d2a784400006041,AMnJlg==,00c9c996
2022-03-25 19:55:07.970377,475a5fe300440023,BME280,647fdafffe0100ad,-85,6.8,5,0,914500000,125,7,4/5,3,2,21,FK7tQVJIeEQAAFBB,14aeed415248784400005041,AeUJIA==,01e50920
2022-03-25 19:55:13.796639,8cf9572000058551,GPGGALR,647fdafffe0100ad,-91,5.2,3,0,914100000,125,7,4/5,3,4,5,T5VFGgJ/QEAsuPRvhDBYwMWsF0M50c4/ZmZmZmbGaUBSuB6F63FqQFyPwvUoXO8/5gcDGRM3Cw==,4f95451a027f40402cb8f46f843058c0c5ac174339d1ce3f6666666666c6694052b81e85eb716a405c8fc2f5285cef3fe607031913370b,AfPTow==,01f3d3a3
2022-03-25 19:55:20.049957,475a5fe300440023,INA219Duo,647fdafffe0100ad,-81,5.5,1,0,913700000,125,7,4/5,3,3,3,FK6RweOle0AAgDTDAAAyRD0KAUKHFrlAzcyhQwAA6kQ=,14ae91c1e3a57b40008034c3000032443d0a01428716b940cdcca1430000ea44,AeUJIA==,01e50920
2022-03-25 19:55:35.430503,8cf957200005854f,GPGGALR,647fdafffe0100ad,-92,7.5,0,0,913500000,125,7,4/5,3,8,5,pkF7PAd/QEDaxQlTgTBYwGalSSno9qI/AAAAAADgaUA9CtejcNl0QFK4HoXrUeg/5gcDGRM3IA==,a6417b3c077f4040dac50953813058c066a54929e8f6a23f0000000000e069403d0ad7a370d9744052b81e85eb51e83fe6070319133720,AMnJlg==,00c9c996
2022-03-25 19:55:37.154783,475a5fe300440023,GPGGALR,647fdafffe0100ad,-85,4.8,7,0,914900000,125,7,4/5,3,4,5,mmJkggd/QEDG/XImgDBYwL8OnDOitMc/MzMzMzMDbEAAAAAAAAAAAClcj8L1KOw/5gcDGRM3Ig==,9a626482077f4040c6fd7226803058c0bf0e9c33a2b4c73f3333333333036c400000000000000000295c8fc2f528ec3fe6070319133722,AeUJIA==,01e50920
2022-03-25 19:56:15.435429,475a5fe3002e001f,GPGGALR,647fdafffe0100ad,-86,8,4,0,914300000,125,7,4/5,3,6,5,vThH1gd/QEAMB0KygDBYwGalSSno9pI/AAAAAACAakBmZmZmZvZiQAAAAAAAAOg/5gcDGRM4DA==,bd3847d6077f40400c0742b2803058c066a54929e8f6923f0000000000806a406666666666f66240000000000000e83fe607031913380c,ANrKNw==,00daca37
2022-03-25 19:56:23.626998,475a5fe3002e0018,IPS7100,647fdafffe0100ad,-84,6.5,5,0,914500000,125,7,4/5,3,1,15,0H0AAAU+AAB/DAAA4gAAADwAAAAGAAAAAAAAAG523DxpLcU+tiM4PwGbaD+OQNk/83MZQPNzGUA=,d07d0000053e00007f0c0000e20000003c00000006000000000000006e76dc3c692dc53eb623383f019b683f8e40d93ff3731940f3731940,AUeW6g==,014796ea
2022-03-25 19:56:35.515789,475a5fe3002e0018,BME280,647fdafffe0100ad,-93,7,3,0,914100000,125,7,4/5,3,2,21,CtfpQddTeEQAAEBB,0ad7e941d753784400004041,AUeW6g==,014796ea
2022-03-25 19:57:01.556705,475a5fe30035001a,INA219Duo,647fdafffe0100ad,-96,7.2,7,0,914900000,125,7,4/5,3,6,3,H4WnwSlcb0AAgEvDAAA+RJqZBEKLbLdAzcylQwCA7UQ=,1f85a7c1295c6f4000804bc300003e449a9904428b6cb740cdcca5430080ed44,AaEqrA==,01a12aac
2022-03-25 19:57:04.589103,472b544e0024004b,BME280,647fdafffe0100ad,-90,0,0,0,913500000,125,7,4/5,3,2,21,XI8Nw1xv/kMAAIBB,5c8f0dc35c6ffe4300008041,AKF14w==,00a175e3
2022-03-25 19:57:05.630334,475a5fe300480023,BME280,647fdafffe0100ad,-91,-1.8,1,0,913700000,125,7,4/5,3,7,21,mpkGQo9SeEQAACBB,9a9906428f52784400002041,APwi5g==,00fc22e6
2022-03-25 19:57:10.786526,476a5fe3003f0021,BME280,647fdafffe0100ad,-98,0,5,0,914500000,125,7,4/5,3,10,21,cT3wQSlseEQAAEBB,713df041296c784400004041,AWU1hw==,01653587
2022-03-25 19:57:15.035127,479b5580001a0031,GPGGALR,647fdafffe0100ad,-84,4.8,5,0,914500000,125,7,4/5,3,13,5,uKxsZgd/QEANqjjOgDBYwGalSSno9pI/MzMzMzPzbEC4HoXrUVBgQDMzMzMzM+s/5gcDGRM5DA==,b8ac6c66077f40400daa38ce803058c066a54929e8f6923f3333333333f36c40b81e85eb51506040333333333333eb3fe607031913390c,AF6n/g==,005ea7fe
2022-03-25 19:57:26.876863,475a5fe3003b001b,BME280,647fdafffe0100ad,-81,9,2,0,913900000,125,7,4/5,3,2,21,ZmbwQSlseEQAAFBB,6666f041296c784400005041,AEQKYQ==,00440a61
2022-03-25 19:57:37.972157,479b558000380033,IPS7100,647fdafffe0100ad,-85,8,7,0,914900000,125,7,4/5,3,23,15,zgYAABoFAAC/CAAACwEAAGcAAAAAAAAAAAAAAObTvjp5YP08EZmHPrT6+T4I4Oo/CODqPwjg6j8=,ce0600001a050000bf0800000b010000670000000000000000000000e6d3be3a7960fd3c1199873eb4faf93e08e0ea3f08e0ea3f08e0ea3f,AYFOUw==,01814e53
2022-03-25 19:57:56.064599,475a5fe3003b001b,GPGGALR,647fdafffe0100ad,-84,8.2,7,0,914900000,125,7,4/5,3,4,5,wvKR2wl/QEBNEHUfgDBYwBh47j1ccqw/ZmZmZmbWaECPwvUoXF9YQOxRuB6F6/E/5gcDGRM5NQ==,c2f291db097f40404d10751f803058c01878ee3d5c72ac3f6666666666d668408fc2f5285c5f5840ec51b81e85ebf13fe6070319133935,AEQKYQ==,00440a61
2022-03-25 19:58:17.681853,472b544e0024002b,PM,647fdafffe0100ad,-78,0.2,0,0,913500000,125,8,4/5,2,3,2,BgA=,0600,ARH6Mg==,0111fa32
2022-03-25 19:58:32.923320,475a5fe3002e001f,IPS7100,647fdafffe0100ad,-89,7.2,0,0,913500000,125,7,4/5,3,3,15,6N4AADx4AADqCgAAiAEAAFQAAAAMAAAAAAAAABJNQz3d+T0/FVmEP6BHrj+hKB5A81VzQPNVc0A=,e8de00003c780000ea0a000088010000540000000c00000000000000124d433dddf93d3f1559843fa047ae3fa1281e40f3557340f3557340,AMzY8g==,00ccd8f2
2022-03-25 19:58:44.816634,475a5fe3002e001f,BME280,647fdafffe0100ad,-87,6.8,2,0,913900000,125,7,4/5,3,4,21,FK7fQVIYeEQAAIBB,14aedf415218784400008041,AMzY8g==,00ccd8f2
2022-03-25 19:58:47.477483,47bb558000280041,IPS7100,647fdafffe0100ad,-90,8,1,0,913700000,125,7,4/5,3,5,15,F3YAADc9AAAsBwAAJgEAAFIAAAAEAAAAAAAAAAbvzjzW88E+KhcSP2EsUT/km/I/+ucUQPrnFEA=,17760000373d00002c0700002601000052000000040000000000000006efce3cd6f3c13e2a17123f612c513fe49bf23ffae71440fae71440,AH2/VQ==,007dbf55
2022-03-25 19:58:59.384621,47bb558000280041,BME280,647fdafffe0100ad,-86,2.2,5,0,914500000,125,7,4/5,3,6,21,j8L5QT16eEQAAABB,8fc2f9413d7a784400000041,AH2/VQ==,007dbf55
2022-03-25 19:59:09.864306,472b544e001b003c,IPS7100,647fdafffe0100ad,-81,9.2,1,0,913700000,125,7,4/5,3,779,15,lCkAAF0YAAAPBwAA3gEAAMYAAAAAAAAAAAAAALi3ETz9Mhk+djytPn/zPD/tVFVA7VRVQO1UVUA=,942900005d1800000f070000de010000c60000000000000000000000b8b7113cfd32193e763cad3e7ff33c3fed545540ed545540ed545540,AFZMtg==,00564cb6
2022-03-25 19:59:11.636077,472b544e0024004b,BME280,647fdafffe0100ad,-86,2.8,5,0,914500000,125,7,4/5,3,6,21,XI8Nw49i/kMAAIBB,5c8f0dc38f62fe4300008041,AKF14w==,00a175e3
2022-03-25 19:59:41.529728,479b558000320033,IPS7100,647fdafffe0100ad,-92,2.5,5,0,914500000,125,7,4/5,3,6,15,MHcAAAM1AABeBQAAnAEAAFkAAAAZAAAAAAAAAG/b0Dyq0Kk+u07zPjDiUT9cH/4/S3mUQEt5lEA=,30770000033500005e0500009c0100005900000019000000000000006fdbd03caad0a93ebb4ef33e30e2513f5c1ffe3f4b7994404b799440,AVpIFg==,015a4816
2022-03-25 20:00:03.086354,472b544e00270032,BME280,647fdafffe0100ad,-97,1,4,0,914300000,125,7,4/5,3,4,21,FK4EQoVLeEQAACBB,14ae0442854b784400002041,AC59GA==,002e7d18
2022-03-25 20:00:48.686487,47cb55800041001c,BME280,647fdafffe0100ad,-86,8.5,3,0,914100000,125,7,4/5,3,3,21,exToQVx/eEQAAFBB,7b14e8415c7f784400005041,AcRXVA==,01c45754
2022-03-25 20:00:50.826577,472b544e001b003c,BME280,647fdafffe0100ad,-86,7.5,2,0,913900000,125,7,4/5,3,790,21,7FHiQQBQeEQAAHBB,ec51e2410050784400007041,AFZMtg==,00564cb6
2022-03-25 20:01:00.774242,472b544e001b003c,SCD30,647fdafffe0100ad,-85,3.2,6,0,914700000,125,7,4/5,3,791,33,AAAFQySu/EGAu2FB,0000054324aefc4180bb6141,AFZMtg==,00564cb6
2022-03-25 20:01:17.863462,47cb55800041001c,GPGGALR,647fdafffe0100ad,-76,7.2,4,0,914300000,125,7,4/5,3,5,5,u/JZngd/QEBNEHUfgDBYwBh47j1ccsw/ZmZmZmama0CamZmZmRk0QPYoXI/C9fA/5gcDGRQBDw==,bbf2599e077f40404d10751f803058c01878ee3d5c72cc3f6666666666a66b409a99999999193440f6285c8fc2f5f03fe607031914010f,AcRXVA==,01c45754
2022-03-25 20:01:34.433424,477b41f20048001f,INA219Duo,647fdafffe0100ad,-86,3,4,0,914300000,125,7,4/5,3,5,3,H4VrwXE9akDNTAzDAIAARMP1/kHdJLZAmlmfQwAA40Q=,1f856bc1713d6a40cd4c0cc300800044c3f5fe41dd24b6409a599f430000e344,AAHT7g==,0001d3ee
2022-03-25 20:02:08.460270,8cf9572000059fd7,IPS7100,647fdafffe0100ad,-89,5.2,1,0,913700000,125,7,4/5,3,9,15,JyIAADsSAACqAgAATgAAABMAAAAAAAAAAAAAADli7zuemuY9C0M8Pt3Sfz6BewE/gXsBP4F7AT8=,272200003b120000aa0200004e0000001300000000000000000000003962ef3b9e9ae63d0b433c3eddd27f3e817b013f817b013f817b013f,ATLEsQ==,0132c4b1
2022-03-25 20:02:18.308256,475a5fe3002e001f,PM,647fdafffe0100ad,-91,9,2,0,913900000,125,8,4/5,2,9,2,BgA=,0600,AYPvxg==,0183efc6
2022-03-25 20:02:23.013233,47bb5580001f0020,PM,647fdafffe0100ad,-92,2.5,5,0,914500000,125,8,4/5,2,0,2,BgA=,0600,AIw3wA==,008c37c0
2022-03-25 20:02:25.325134,472b544e001b003c,BME280,647fdafffe0100ad,-82,8.8,3,0,914100000,125,7,4/5,3,801,21,w/XkQVJIeEQAAHBB,c3f5e4415248784400007041,AFZMtg==,00564cb6
2022-03-25 20:02:39.529439,472b544e001b003c,IPS7100,647fdafffe0100ad,-85,7.5,2,0,913900000,125,7,4/5,3,803,15,HCwAAMYWAACnBAAAEQEAAIMAAAACAAAAAAAAAOOVGjyAWhA+9uiHPmG1/D6YVQ1ASLwfQEi8H0A=,1c2c0000c6160000a704000011010000830000000200000000000000e3951a3c805a103ef6e8873e61b5fc3e98550d4048bc1f4048bc1f40,AFZMtg==,00564cb6
2022-03-25 20:03:02.324830,472b544e001b003c,BME280,647fdafffe0100ad,-86,-3,3,0,914100000,125,7,4/5,3,805,21,SOHkQSlMeEQAAIhB,48e1e441294c784400008841,AFZMtg==,00564cb6
2022-03-25 20:03:37.157732,47db558000340048,GPGGALR,647fdafffe0100ad,-89,-0.5,6,0,914700000,125,7,4/5,3,4,5,83kbVAh/QED/PuPCgTBYwGalSSno9pI/zczMzMwMbEAAAAAAAAAAAIXrUbgehes/5gcDGRQDIg==,f3791b54087f4040ff3ee3c2813058c066a54929e8f6923fcdcccccccc0c6c40000000000000000085eb51b81e85eb3fe6070319140322,ARKMSQ==,01128c49
2022-03-25 20:03:37.433217,47db558000390039,BME280,647fdafffe0100ad,-92,6.2,2,0,913900000,125,7,4/5,3,2,21,exQAQuFaeEQAABBB,7b140042e15a784400001041,AUWVaA==,01459568
2022-03-25 20:03:55.956002,8cf9572000058551,IPS7100,647fdafffe0100ad,-81,6.2,5,0,914500000,125,7,4/5,3,1,15,rnUAAAQxAAB2BgAAVQEAAGYAAAACAAAAAAAAAL82zjxT1p0+JEn2PlcXRD/KeQZAXM8VQFzPFUA=,ae750000043100007606000055010000660000000200000000000000bf36ce3c53d69d3e2449f63e5717443fca7906405ccf15405ccf1540,AdaM2w==,01d68cdb
2022-03-25 20:04:07.853250,8cf9572000058551,BME280,647fdafffe0100ad,-95,2.2,2,0,913900000,125,7,4/5,3,2,21,ZmbuQbheeEQAAABB,6666ee41b85e784400000041,AdaM2w==,01d68cdb
2022-03-25 20:04:34.729853,47bb558000280041,INA219Duo,647fdafffe0100ad,-86,5.2,5,0,914500000,125,7,4/5,3,8,3,PQqHwUw3aUAzMyfDAAASRM3MAkLByrFAzUyjQwAA40Q=,3d0a87c14c376940333327c300001244cdcc0242c1cab140cd4ca3430000e344,AVcGvQ==,015706bd
2022-03-25 20:04:44.883463,472b544e001b003c,MGS001,647fdafffe0100ad,-83,7.2,2,0,913900000,125,7,4/5,3,817,31,3UBAP2TKMj+aThRErt7NQwAAAABv9ShEmwcTPiLzjkA=,dd40403f64ca323f9a4e1444aedecd43000000006ff528449b07133e22f38e40,AFZMtg==,00564cb6
2022-03-25 20:04:46.387383,8cf95720000589cc,BME280,647fdafffe0100ad,-80,1.2,6,0,914700000,125,7,4/5,3,3,21,KVztQQBAeEQAADBB,295ced410040784400003041,AE5npw==,004e67a7
2022-03-25 20:04:54.137137,47bb5580001f0020,BME280,647fdafffe0100ad,-89,6.8,1,0,913700000,125,7,4/5,3,6,21,uB7/QY+yeEQAAABB,b81eff418fb2784400000041,AIw3wA==,008c37c0
2022-03-25 20:05:00.046568,479b5580001a0031,PM,647fdafffe0100ad,-92,7.2,4,0,914300000,125,8,4/5,2,7,2,BgA=,0600,AWZhng==,0166619e
2022-03-25 20:05:03.967152,472b544e001b003c,INA219Duo,647fdafffe0100ad,-80,5.8,5,0,914500000,125,7,4/5,3,819,3,AABMwcl2fkDNzN7CAAD5QylcAUK8dLNAM3OgQwBA4UQ=,00004cc1c9767e40cdccdec20000f943295c0142bc74b3403373a0430040e144,AFZMtg==,00564cb6
2022-03-25 20:05:15.035105,47db558000340048,BME280,647fdafffe0100ad,-80,7.2,7,0,914900000,125,7,4/5,3,6,21,cT3uQR9leEQAACBB,713dee411f65784400002041,ARKMSQ==,01128c49
2022-03-25 20:05:24.112576,479b5580001a0031,BME280,647fdafffe0100ad,-80,4.5,0,0,913500000,125,7,4/5,3,9,21,ZmbuQTOTeEQAACBB,6666ee413393784400002041,AWZhng==,0166619e
2022-03-25 20:05:38.896724,8cf9572000059fd7,IPS7100,647fdafffe0100ad,-89,7,0,0,913500000,125,7,4/5,3,6,15,I4sAAENGAAC5BQAAlwAAACMAAAAAAAAAAAAAAFvP8zx8AN8+7q0WP4wENz/+Epc//hKXP/4Slz8=,238b000043460000b9050000970000002300000000000000000000005bcff33c7c00df3eeead163f8c04373ffe12973ffe12973ffe12973f,AZVB9Q==,019541f5
2022-03-25 20:05:52.631371,475a5fe300320019,IPS7100,647fdafffe0100ad,-81,8.2,4,0,914300000,125,7,4/5,3,5,15,EUkAANslAADpBAAAewAAAC8AAAAEAAAAAAAAALsJgDys4m8+QS+7PjwE8D5tWIs/Bp3BP5gZyT8=,11490000db250000e90400007b0000002f0000000400000000000000bb09803cace26f3e412fbb3e3c04f03e6d588b3f069dc13f9819c93f,AGeM/w==,00678cff
2022-03-25 20:06:05.654991,475a5fe30035001a,INA219Duo,647fdafffe0100ad,-86,7.2,3,0,914100000,125,7,4/5,3,8,3,16OWwaAab0CaGU3DAIAuRHE9AkJaZLtAzYyiQwAA7kQ=,d7a396c1a01a6f409a194dc300802e44713d02425a64bb40cd8ca2430000ee44,AFyu5g==,005caee6
2022-03-25 20:06:15.609843,8cf9572000059fcd,PM,647fdafffe0100ad,-99,-3.8,0,0,913500000,125,8,4/5,2,1,2,BgA=,0600,Aclslg==,01c96c96
2022-03-25 20:06:27.736131,8cf9572000059e7e,GPGGALR,647fdafffe0100ad,-83,2.8,6,0,914700000,125,7,4/5,3,3,5,bCHIQQl/QEBYNd3yfjBYwBLaci7FVcU/ZmZmZmYWZ0DXo3A9CndAQNejcD0K1+s/5gcDGRQGGQ==,6c21c841097f40405835ddf27e3058c012da722ec555c53f6666666666166740d7a3703d0a774040d7a3703d0ad7eb3fe6070319140619,AdHJdg==,01d1c976
2022-03-25 20:06:31.981778,472b544e001b003c,BME280,647fdafffe0100ad,-85,8.8,2,0,913900000,125,7,4/5,3,829,21,exTiQT1KeEQAAGBB,7b14e2413d4a784400006041,AFZMtg==,00564cb6
2022-03-25 20:06:53.435256,8cf95720000589cc,BME280,647fdafffe0100ad,-86,5.5,0,0,913500000,125,7,4/5,3,7,21,pHDnQXE9eEQAACBB,a470e741713d784400002041,AE5npw==,004e67a7
2022-03-25 20:07:25.329425,472b544e0024002b,IPS7100,647fdafffe0100ad,-81,-1,6,0,914700000,125,7,4/5,3,2,15,wo8AAKpDAAByBQAASQAAAAwAAAAAAAAAAAAAAPTo+zxu1dc+qjYRP0gAIT/AVEw/wFRMP8BUTD8=,c28f0000aa43000072050000490000000c0000000000000000000000f4e8fb3c6ed5d73eaa36113f4800213fc0544c3fc0544c3fc0544c3f,AFXynw==,0055f29f
2022-03-25 20:08:14.536951,472b544e001b003c,MGS001,647fdafffe0100ad,-80,9.5,1,0,913700000,125,7,4/5,3,840,31,YqJBP2TKMj+aThRErt7NQwAAAABa6itEmwcTPhifj0A=,62a2413f64ca323f9a4e1444aedecd43000000005aea2b449b07133e189f8f40,AFZMtg==,00564cb6
2022-03-25 20:08:52.696025,475a5fe3002a001a,IPS7100,647fdafffe0100ad,-96,4.5,3,0,914100000,125,7,4/5,3,5,15,oWMAAN4tAACMAwAAmAAAAC0AAAAAAAAAAAAAAMWVrjwyi5I+jxrDPotEAj+mwo0/psKNP6bCjT8=,a1630000de2d00008c030000980000002d0000000000000000000000c595ae3c328b923e8f1ac33e8b44023fa6c28d3fa6c28d3fa6c28d3f,ASpOMQ==,012a4e31
2022-03-25 20:08:57.075200,47cb55800041001c,IPS7100,647fdafffe0100ad,-87,6.2,0,0,913500000,125,7,4/5,3,4,15,MIcAAFhDAACpBwAAzQAAABsAAAAAAAAAAAAAACrk7Dwi8tU+12ofP5BhSz+rvJM/q7yTP6u8kz8=,3087000058430000a9070000cd0000001b00000000000000000000002ae4ec3c22f2d53ed76a1f3f90614b3fabbc933fabbc933fabbc933f,AExXNQ==,004c5735
2022-03-25 20:09:06.276168,478b5fe30040004b,BME280,647fdafffe0100ad,-79,-2.5,6,0,914700000,125,7,4/5,3,2,21,9ijsQWYGeEQAAEBB,f628ec416606784400004041,ALdzlQ==,00b77395
2022-03-25 20:09:24.644173,472b544e001b003c,BME280,647fdafffe0100ad,-83,6.5,1,0,913700000,125,7,4/5,3,848,21,zczoQUhBeEQAAGBB,cdcce8414841784400006041,AFZMtg==,00564cb6
2022-03-25 20:09:57.296061,472b544e0028002b,PM,647fdafffe0100ad,-89,3,0,0,913500000,125,8,4/5,2,0,2,BgA=,0600,AfKqmA==,01f2aa98
2022-03-25 20:10:12.532063,479b558000320033,BME280,647fdafffe0100ad,-86,-0.5,6,0,914700000,125,7,4/5,3,6,21,9ijsQQBQeEQAABBB,f628ec410050784400001041,AOje9g==,00e8def6
2022-03-25 20:10:21.365986,472b544e0028002b,BME280,647fdafffe0100ad,-81,-3.8,6,0,914700000,125,7,4/5,3,2,21,4XrsQVJ4eEQAACBB,e17aec415278784400002041,AfKqmA==,01f2aa98
2022-03-25 20:10:35.876140,472b544e001b003c,IPS7100,647fdafffe0100ad,-85,8.2,4,0,914300000,125,7,4/5,3,856,15,qAgAABsFAAC7BQAAGAEAAEkAAAAAAAAAAAAAACC88joyYAA9Of08PkOx1j72drA/9nawP/Z2sD8=,a80800001b050000bb0500001801000049000000000000000000000020bcf23a3260003d39fd3c3e43b1d63ef676b03ff676b03ff676b03f,AFZMtg==,00564cb6
2022-03-25 20:10:50.431433,47db558000340048,PM,647fdafffe0100ad,-85,3,6,0,914700000,125,8,4/5,2,0,2,BgA=,0600,AGa/nA==,0066bf9c
2022-03-25 20:11:01.424344,478b5fe30040004b,IPS7100,647fdafffe0100ad,-94,-0.2,0,0,913500000,125,7,4/5,3,5,15,WUkAAGUkAAAtBQAApwAAACAAAAADAAAAAAAAAAuIgDzJT2c+you6Pi8SAT/BdG0/XkeoP15HqD8=,59490000652400002d050000a70000002000000003000000000000000b88803cc94f673eca8bba3e2f12013fc1746d3f5e47a83f5e47a83f,ALdzlQ==,00b77395
2022-03-25 20:11:07.866895,472b544e001b003c,IPS7100,647fdafffe0100ad,-77,6.8,4,0,914300000,125,7,4/5,3,860,15,nAUAAMkEAADNBAAACAEAADcAAAAAAAAAAAAAAGhWnTojWOw89QwhPoKbwT7H6Iw/x+iMP8fojD8=,9c050000c9040000cd0400000801000037000000000000000000000068569d3a2358ec3cf50c213e829bc13ec7e88c3fc7e88c3fc7e88c3f,AFZMtg==,00564cb6
2022-03-25 20:11:14.506040,47db558000340048,BME280,647fdafffe0100ad,-83,8.2,2,0,913900000,125,7,4/5,3,2,21,PQrpQVJYeEQAACBB,3d0ae9415258784400002041,AGa/nA==,0066bf9c
2022-03-25 20:11:29.093577,475a5fe3003b001b,INA219Duo,647fdafffe0100ad,-84,7.8,4,0,914300000,125,7,4/5,3,4,3,uB6VQTVeekCaGTNDAIAvRM3M7D8GgcVAMzOXQQAA7EI=,b81e9541355e7a409a19334300802f44cdccec3f0681c540333397410000ec42,AdtMlQ==,01db4c95
2022-03-25 20:11:46.196236,475a5fe3003b001b,GPGGALR,647fdafffe0100ad,-80,8.5,0,0,913500000,125,7,4/5,3,5,5,6DP23gV/QEAkl/+QfjBYwGalSSno9qI/zczMzMwcbUAzMzMzM3dzQHsUrkfheuw/5gcDGRQLKw==,e833f6de057f40402497ff907e3058c066a54929e8f6a23fcdcccccccc1c6d4033333333337773407b14ae47e17aec3fe6070319140b2b,AdtMlQ==,01db4c95
2022-03-25 20:12:08.324154,475a5fe300200021,IPS7100,647fdafffe0100ad,-79,7.5,2,0,913900000,125,7,4/5,3,5,15,yV8AAP4sAADhBAAAVgAAACQAAAADAAAAAAAAAF3ZpzyviY8+e1bSPsxh9z70Tnc/1sGjP9bBoz8=,c95f0000fe2c0000e1040000560000002400000003000000000000005dd9a73caf898f3e7b56d23ecc61f73ef44e773fd6c1a33fd6c1a33f,AcC39g==,01c0b7f6
2022-03-25 20:12:24.307579,472b544e001b003c,SCD30,647fdafffe0100ad,-79,7.2,5,0,914500000,125,7,4/5,3,869,33,AAAFQ5Qh80FAnlBB,000005439421f341409e5041,AFZMtg==,00564cb6
2022-03-25 20:12:40.138708,47db558000330044,BME280,647fdafffe0100ad,-85,1,1,0,913700000,125,7,4/5,3,4,21,rkf1QR9VeEQAAFBB,ae47f5411f55784400005041,ARiEUA==,01188450
2022-03-25 20:12:56.623482,472b544e00270032,IPS7100,647fdafffe0100ad,-94,-4,2,0,913900000,125,7,4/5,3,5,15,wW0AABA0AAB5BAAAbwAAABUAAAAEAAAAAAAAAANUwDx8+qU+lTfjPhJtCT+N61E/eZypP3mcqT8=,c16d000010340000790400006f0000001500000004000000000000000354c03c7cfaa53e9537e33e126d093f8deb513f799ca93f799ca93f,AU2OxQ==,014d8ec5
2022-03-25 20:13:06.077710,47bb558000280041,INA219Duo,647fdafffe0100ad,-85,0.5,6,0,914700000,125,7,4/5,3,6,3,KVxzwUw3aUAzMyPDAIAURClcAEJCYLVAM3OgQwBA40Q=,295c73c14c376940333323c300801444295c00424260b5403373a0430040e344,Ac5ZOw==,01ce593b
2022-03-25 20:13:08.487728,472b544e001b003c,IPS7100,647fdafffe0100ad,-85,9.8,0,0,913500000,125,7,4/5,3,874,15,IAoAAEwFAABdAwAArQAAAEYAAAAKAAAAAAAAAFf8DTvMMAY9i1f7PYIqiT5QXJg/N7sSQDe7EkA=,200a00004c0500005d030000ad000000460000000a0000000000000057fc0d3bcc30063d8b57fb3d822a893e505c983f37bb124037bb1240,AFZMtg==,00564cb6
2022-03-25 20:13:21.553120,47db558000340048,BME280,647fdafffe0100ad,-84,6.5,5,0,914500000,125,7,4/5,3,6,21,SOHsQddTeEQAAEBB,48e1ec41d753784400004041,AGa/nA==,0066bf9c
2022-03-25 20:14:04.388759,479b5580001a0031,PM,647fdafffe0100ad,-91,5.2,7,0,914900000,125,8,4/5,2,3,2,BgA=,0600,ASHTSg==,0121d34a
2022-03-25 20:14:08.551422,47db5580001e0039,INA219Duo,647fdafffe0100ad,-86,4.2,4,0,914300000,125,7,4/5,3,4,3,heufwfypcUDNzEnDAAA+RIXr/UFEi7xAM7OeQwCA6UQ=,85eb9fc1fca97140cdcc49c300003e4485ebfd41448bbc4033b39e430080e944,AcJQsA==,01c250b0
2022-03-25 20:14:09.534917,475a5fe30024001c,BME280,647fdafffe0100ad,-90,3.5,3,0,914100000,125,7,4/5,3,12,21,w/XyQcNVeEQAAFBB,c3f5f241c355784400005041,AbR+Zw==,01b47e67
2022-03-25 20:14:09.624881,475a5fe30035001a,PM,647fdafffe0100ad,-95,4.5,5,0,914500000,125,8,4/5,2,7,2,BgA=,0600,AYw2jg==,018c368e
2022-03-25 20:14:22.378772,472b544e001b003c,SCD30,647fdafffe0100ad,-82,6.8,0,0,913500000,125,7,4/5,3,882,33,AAAGQ1DE90EAHlxB,0000064350c4f741001e5c41,AFZMtg==,00564cb6
2022-03-25 20:14:32.734737,475a5fe300440023,BME280,647fdafffe0100ad,-89,8.8,3,0,914100000,125,7,4/5,3,10,21,KVztQT06eEQAAEBB,295ced413d3a784400004041,AEDc3g==,0040dcde
2022-03-25 20:14:48.149723,475a5fe300320019,GPGGALR,647fdafffe0100ad,-88,4,7,0,914900000,125,7,4/5,3,4,5,L+C7hgZ/QECaX80BgjBYwAAAAAAAAAAAzczMzMy8b0BI4XoUrvdQQFyPwvUoXO8/5gcDGRQOLQ==,2fe0bb86067f40409a5fcd01823058c00000000000000000cdccccccccbc6f4048e17a14aef750405c8fc2f5285cef3fe6070319140e2d,AMyheQ==,00cca179
2022-03-25 20:14:49.443377,472b544e001b003c,BME280,647fdafffe0100ad,-81,8.2,4,0,914300000,125,7,4/5,3,885,21,hevpQZo5eEQAAFBB,85ebe9419a39784400005041,AFZMtg==,00564cb6
2022-03-25 20:14:59.387314,472b544e001b003c,SCD30,647fdafffe0100ad,-85,6.5,2,0,913900000,125,7,4/5,3,886,33,AAAHQ8h4+EGAUk1B,00000743c878f84180524d41,AFZMtg==,00564cb6
2022-03-25 20:15:06.425379,47db558000420035,IPS7100,647fdafffe0100ad,-83,9.8,4,0,914300000,125,7,4/5,3,6,15,834AAJk5AADxBAAArgAAACIAAAAAAAAAAAAAAHZ13jyiOrg+3eP7PstGIz98qoo/j1GQP49RkD8=,f37e000099390000f1040000ae0000002200000000000000000000007675de3ca23ab83edde3fb3ecb46233f7caa8a3f8f51903f8f51903f,ATemCg==,0137a60a
2022-03-25 20:15:08.340880,8cf957200005854f,BME280,647fdafffe0100ad,-99,3.5,4,0,914300000,125,7,4/5,3,2,21,FK7vQYUbeEQAADBB,14aeef41851b784400003041,ANn+Ag==,00d9fe02
2022-03-25 20:15:50.603289,8cf957200005a003,INA219Duo,647fdafffe0100ad,-81,11,2,0,913900000,125,7,4/5,3,8,3,H4XrwLbzfUAzM5PCAACSQ+xRrEHFIMBAZuZTQwAAn0Q=,1f85ebc0b6f37d40333393c200009243ec51ac41c520c04066e6534300009f44,AaBytA==,01a072b4
2022-03-25 20:16:03.520968,47db5580001e0039,BME280,647fdafffe0100ad,-98,0,0,0,913500000,125,7,4/5,3,7,21,pHDnQWZ2eEQAAFBB,a470e7416676784400005041,AcJQsA==,01c250b0
2022-03-25 20:16:04.683189,475a5fe30024001c,IPS7100,647fdafffe0100ad,-95,-2.5,5,0,914500000,125,7,4/5,3,15,15,qTAAAOIaAAD/BQAAhgEAAKMAAAAAAAAAAAAAABCMKjx1qik+JvKmPjr9Jj/O/zFAzv8xQM7/MUA=,a9300000e21a0000ff05000086010000a30000000000000000000000108c2a3c75aa293e26f2a63e3afd263fceff3140ceff3140ceff3140,AbR+Zw==,01b47e67
2022-03-25 20:16:16.449348,475a5fe3002c0020,BME280,647fdafffe0100ad,-91,5,4,0,914300000,125,7,4/5,3,9,21,hevxQVJYeEQAAHBB,85ebf1415258784400007041,ACKOcQ==,00228e71
2022-03-25 20:16:55.118551,475a5fe3002e001f,PM,647fdafffe0100ad,-81,-8,6,0,914700000,125,8,4/5,2,1,2,BgA=,0600,APBbPQ==,00f05b3d
2022-03-25 20:17:09.074526,47db558000330044,BME280,647fdafffe0100ad,-93,-2,7,0,914900000,125,7,4/5,3,3,21,zcz2QcNVeEQAAEBB,cdccf641c355784400004041,AGcAzQ==,006700cd
2022-03-25 20:17:10.546883,475a5fe300200021,IPS7100,647fdafffe0100ad,-83,6.5,1,0,913700000,125,7,4/5,3,13,15,S0QAAHEhAAAuBAAAZAAAACoAAAAZAAAAAAAAAAZXbzyIvFQ+PKKjPo+dzj7BlHU/OwxnQGDraEA=,4b440000712100002e040000640000002a000000190000000000000006576f3c88bc543e3ca2a33e8f9dce3ec194753f3b0c674060eb6840,AdQCig==,01d4028a
2022-03-25 20:17:18.176948,479b558000380033,PM,647fdafffe0100ad,-81,-2.2,7,0,914900000,125,8,4/5,2,0,2,BgA=,0600,AawMSQ==,01ac0c49
2022-03-25 20:17:21.153918,47db558000330044,INA219Duo,647fdafffe0100ad,-80,-3,6,0,914700000,125,7,4/5,3,4,3,16OswRSuZ0CaGVzDAIBJRD0KAUIUrrdAM7OhQwDA50Q=,d7a3acc114ae67409a195cc3008049443d0a014214aeb74033b3a14300c0e744,AGcAzQ==,006700cd
2022-03-25 20:17:33.663971,8cf957200005a003,IPS7100,647fdafffe0100ad,-85,5.8,4,0,914300000,125,7,4/5,3,10,15,mT8AAIofAADrBAAA7wAAAFQAAAAAAAAAAAAAAHniXjwVd0g+VpqnPnodBz/8edE//HnRP81M5D8=,993f00008a1f0000eb040000ef00000054000000000000000000000079e25e3c1577483e569aa73e7a1d073ffc79d13ffc79d13fcd4ce43f,AaBytA==,01a072b4
2022-03-25 20:17:51.692003,479b558000320033,IPS7100,647fdafffe0100ad,-87,-0.2,6,0,914700000,125,7,4/5,3,3,15,cnMBAEOlAAALFAAAYwMAAD4AAAAEAAAAAAAAAK24oj2QV4Q/b/HIP0vaEkAp5EZAUI9lQFCPZUA=,7273010043a500000b140000630300003e0000000400000000000000adb8a23d9057843f6ff1c83f4bda124029e44640508f6540508f6540,APpswQ==,00fa6cc1
2022-03-25 20:17:54.060002,472b544e00230033,BME280,647fdafffe0100ad,-98,3,3,0,914100000,125,7,4/5,3,3,21,uB7vQTNTeEQAAHBB,b81eef413353784400007041,ALj16w==,00b8f5eb
2022-03-25 20:18:07.190252,472b544e001b003c,IPS7100,647fdafffe0100ad,-81,-0.8,6,0,914700000,125,7,4/5,3,907,15,xZsAAORPAAB4NgAA0QUAAL0AAAAAAAAAAAAAAJB6CD3aTP0+tb35P5h/TEA1SLVANUi1QDVItUA=,c59b0000e44f000078360000d1050000bd0000000000000000000000907a083dda4cfd3eb5bdf93f987f4c403548b5403548b5403548b540,AFZMtg==,00564cb6
2022-03-25 20:18:08.305864,47cb55800041001c,BME280,647fdafffe0100ad,-97,1.2,7,0,914900000,125,7,4/5,3,10,21,16PoQRRueEQAADBB,d7a3e841146e784400003041,Aew/Cg==,01ec3f0a
2022-03-25 20:18:15.668578,479b558000320033,INA219Duo,647fdafffe0100ad,-86,8.5,3,0,914100000,125,7,4/5,3,5,3,uB5twZhuckAzMw/DAIAKRClc/UG6SbxAmhmeQwAA6UQ=,b81e6dc1986e724033330fc300800a44295cfd41ba49bc409a199e430000e944,APpswQ==,00fa6cc1
2022-03-25 20:18:33.393213,477b41f2004c0035,PM,647fdafffe0100ad,-89,6.8,3,0,914100000,125,8,4/5,2,1,2,BgA=,0600,Aa5E4w==,01ae44e3
2022-03-25 20:18:36.218275,472b544e001b003c,IPS7100,647fdafffe0100ad,-72,7.2,4,0,914300000,125,7,4/5,3,910,15,bHwAAI8/AAAxIwAA5AMAAH0AAAAJAAAAAAAAABgH2jwmlMk+qNSqPyi6CkDzA3RAFIKZQBSCmUA=,6c7c00008f3f000031230000e40300007d00000009000000000000001807da3c2694c93ea8d4aa3f28ba0a40f30374401482994014829940,AFZMtg==,00564cb6
2022-03-25 20:18:52.705644,471a55800038004e,PM,647fdafffe0100ad,-94,-3.8,5,0,914500000,125,8,4/5,2,8,2,BgA=,0600,AETTMw==,0044d333
2022-03-25 20:18:55.596875,472b544e001b003c,GPGGALR,647fdafffe0100ad,-83,9,0,0,913500000,125,7,4/5,3,912,5,zF1LyAd/QEA8pYP1fzBYwGalSSno9qI/zczMzMyca0BSuB6F60lhQEjhehSuR+k/5gcDGRQSNA==,cc5d4bc8077f40403ca583f57f3058c066a54929e8f6a23fcdcccccccc9c6b4052b81e85eb49614048e17a14ae47e93fe6070319141234,AFZMtg==,00564cb6
2022-03-25 20:18:57.042499,475a5fe3003b001b,PM,647fdafffe0100ad,-86,4.8,7,0,914900000,125,8,4/5,2,0,2,BgM=,0603,AP86Dw==,00ff3a0f
2022-03-25 20:19:26.637076,477b41f2004c0035,GPGGALR,647fdafffe0100ad,-89,8,2,0,913900000,125,7,4/5,3,5,5,Ii8VYgh/QED4+FlsgDBYwBh47j1ccqw/mpmZmZmJbkCF61G4HtlzQOxRuB6F6/U/5gcDGRQTFw==,222f1562087f4040f8f8596c803058c01878ee3d5c72ac3f9a99999999896e4085eb51b81ed97340ec51b81e85ebf53fe6070319141317,Aa5E4w==,01ae44e3
2022-03-25 20:19:50.287040,475a5fe3003b001b,GPGGALR,647fdafffe0100ad,-87,9.8,3,0,914100000,125,7,4/5,3,3,5,W7bWFwl/QEAYz6ChfzBYwBLaci7FVdU/ZmZmZmYWbUAzMzMzM8NSQFK4HoXrUfA/5gcDGRQTLw==,5bb6d617097f404018cfa0a17f3058c012da722ec555d53f6666666666166d403333333333c3524052b81e85eb51f03fe607031914132f,AP86Dw==,00ff3a0f
2022-03-25 20:19:50.913714,472b544e0024002b,GPGGALR,647fdafffe0100ad,-78,1,6,0,914700000,125,7,4/5,3,8,5,Ap8fRgh/QEC0koH8fzBYwGalSSno9qI/MzMzMzNTbUDhehSuR9FrQArXo3A9Cu8/5gcDGRQTMA==,029f1f46087f4040b49281fc7f3058c066a54929e8f6a23f3333333333536d40e17a14ae47d16b400ad7a3703d0aef3fe6070319141330,AGLd/Q==,0062ddfd
2022-03-25 20:19:58.730935,479b558000320033,IPS7100,647fdafffe0100ad,-89,9.2,0,0,913500000,125,7,4/5,3,7,15,GqcAABxDAABGCAAAqgEAADIAAAAAAAAAAAAAAE1oEj1+v9g+CgElP2cpgD8t79Q/Le/UPy3v1D8=,1aa700001c43000046080000aa0100003200000000000000000000004d68123d7ebfd83e0a01253f6729803f2defd43f2defd43f2defd43f,APpswQ==,00fa6cc1
2022-03-25 20:20:00.094331,472b544e0024004b,IPS7100,647fdafffe0100ad,-81,1,6,0,914700000,125,7,4/5,3,1,15,oHUAAD44AAB1BgAAhQAAABUAAAAAAAAAAAAAAGEezjyxMrM+aM4FP7FpIj9nq2o/Z6tqP2eraj8=,a07500003e3800007506000085000000150000000000000000000000611ece3cb132b33e68ce053fb169223f67ab6a3f67ab6a3f67ab6a3f,AL2iOA==,00bda238
2022-03-25 20:20:07.796515,472b544e001b003c,IPS7100,647fdafffe0100ad,-83,5.8,1,0,913700000,125,7,4/5,3,921,15,s1IAAH0qAACpDQAA8QEAAE4AAAAAAAAAAAAAAFPqkDx9soY+j94gPz2ehT8EbQRABG0EQARtBEA=,b35200007d2a0000a90d0000f10100004e000000000000000000000053ea903c7db2863e8fde203f3d9e853f046d0440046d0440046d0440,AFZMtg==,00564cb6
2022-03-25 20:20:15.356295,47cb55800041001c,BME280,647fdafffe0100ad,-87,1.8,2,0,913900000,125,7,4/5,3,14,21,16PoQRRueEQAAFBB,d7a3e841146e784400005041,Aew/Cg==,01ec3f0a
2022-03-25 20:20:19.030481,47db558000330044,BME280,647fdafffe0100ad,-91,-3.2,6,0,914700000,125,7,4/5,3,3,21,w/X0QQBQeEQAAGBB,c3f5f4410050784400006041,AXQ9SA==,01743d48
2022-03-25 20:20:41.178691,472b544e0024004b,GPGGALR,647fdafffe0100ad,-87,8,2,0,913900000,125,7,4/5,3,4,5,SUvl7Qh/QEAuOi7qgDBYwL8OnDOitLc/ZmZmZmZGbUBmZmZmZpZ0QAAAAAAAAPQ/5gcDGRQUJg==,494be5ed087f40402e3a2eea803058c0bf0e9c33a2b4b73f6666666666466d406666666666967440000000000000f43fe6070319141426,AL2iOA==,00bda238
2022-03-25 20:21:04.514070,477b41f2004c0035,BME280,647fdafffe0100ad,-85,5.2,7,0,914900000,125,7,4/5,3,7,21,mpnpQTMzeEQAAEBB,9a99e9413333784400004041,Aa5E4w==,01ae44e3
2022-03-25 20:21:21.704398,472b544e001b003c,SCD30,647fdafffe0100ad,-83,6.2,0,0,913500000,125,7,4/5,3,929,33,AAABQ1DR+UEAiFtB,0000014350d1f94100885b41,AFZMtg==,00564cb6
2022-03-25 20:21:28.165876,475a5fe3003b001b,BME280,647fdafffe0100ad,-87,5.8,5,0,914500000,125,7,4/5,3,5,21,pHDvQWZWeEQAAEBB,a470ef416656784400004041,AP86Dw==,00ff3a0f
2022-03-25 20:21:28.704208,478b5fe30040004b,GPGGALR,647fdafffe0100ad,-89,5.8,2,0,913900000,125,7,4/5,3,7,5,thN7IQp/QEAol5uvfzBYwGalSSno9tI/ZmZmZmZGa0Bcj8L1KDxGQHsUrkfhevQ/5gcDGRQVGg==,b6137b210a7f404028979baf7f3058c066a54929e8f6d23f6666666666466b405c8fc2f5283c46407b14ae47e17af43fe607031914151a,AMIKOw==,00c20a3b
2022-03-25 20:21:29.719269,472b544e001b003c,MGS001,647fdafffe0100ad,-87,5,2,0,913900000,125,7,4/5,3,930,31,YqJBP2TKMj+aThRErt7NQwAAAABa6itEmwcTPhifj0A=,62a2413f64ca323f9a4e1444aedecd43000000005aea2b449b07133e189f8f40,AFZMtg==,00564cb6
2022-03-25 20:21:59.505560,8cf95720000589cc,PM,647fdafffe0100ad,-80,11,0,0,913500000,125,8,4/5,2,1,2,BgA=,0600,ALpsDQ==,00ba6c0d
2022-03-25 20:22:07.133688,472b544e0024004b,IPS7100,647fdafffe0100ad,-87,6.2,7,0,914900000,125,7,4/5,3,5,15,JAgAAJQFAADCAgAALgAAAAgAAAAAAAAAAAAAABRI5DozLAs9f6TcPY/+FT7H2YQ+x9mEPsfZhD4=,2408000094050000c20200002e0000000800000000000000000000001448e43a332c0b3d7fa4dc3d8ffe153ec7d9843ec7d9843ec7d9843e,AL2iOA==,00bda238
2022-03-25 20:22:13.189647,472b544e001b003c,MGS001,647fdafffe0100ad,-83,9.2,0,0,913500000,125,7,4/5,3,935,31,YqJBP2TKMj+aThRErt7NQwAAAABa6itEmwcTPhifj0A=,62a2413f64ca323f9a4e1444aedecd43000000005aea2b449b07133e189f8f40,AFZMtg==,00564cb6
2022-03-25 20:22:18.624785,47db5580001e0039,GPGGALR,647fdafffe0100ad,-97,7,3,0,914100000,125,7,4/5,3,4,5,YtuizAZ/QEAqOpLLfzBYwGalSSno9pI/AAAAAACwbEAfhetRuF52QM3MzMzMzPA/5gcDGRQWDw==,62dba2cc067f40402a3a92cb7f3058c066a54929e8f6923f0000000000b06c401f85eb51b85e7640cdccccccccccf03fe607031914160f,AL0Pdw==,00bd0f77
2022-03-25 20:22:49.147716,47db558000420035,PM,647fdafffe0100ad,-84,6,0,0,913500000,125,8,4/5,2,0,2,BgA=,0600,ADw3Fw==,003c3717
2022-03-25 20:22:50.739321,8cf9572000059fd7,PM,647fdafffe0100ad,-104,4.8,2,0,913900000,125,8,4/5,2,2,2,BgA=,0600,AXTbug==,0174dbba
2022-03-25 20:22:53.265388,472b544e001b003c,SCD30,647fdafffe0100ad,-87,7.5,2,0,913900000,125,7,4/5,3,940,33,AAAAQ+z49UEASFVB,00000043ecf8f54100485541,AFZMtg==,00564cb6
2022-03-25 20:22:59.834970,475a5fe300200021,PM,647fdafffe0100ad,-80,7.5,7,0,914900000,125,8,4/5,2,1,2,BgA=,0600,AZFTVg==,01915356
2022-03-25 20:23:07.768473,472b544e001b003c,IPS7100,647fdafffe0100ad,-86,2.8,6,0,914700000,125,7,4/5,3,942,15,O0YAAKcjAABaBgAASAEAAGwAAAAAAAAAAAAAACYidjyCPWI+HhXIPu1KKj+KOAVAijgFQIo4BUA=,3b460000a72300005a060000480100006c00000000000000000000002622763c823d623e1e15c83eed4a2a3f8a3805408a3805408a380540,AFZMtg==,00564cb6
2022-03-25 20:23:23.896232,475a5fe300200021,BME280,647fdafffe0100ad,-84,6.5,2,0,913900000,125,7,4/5,3,3,21,7FHkQYVLeEQAAIBB,ec51e441854b784400008041,AZFTVg==,01915356
2022-03-25 20:23:25.298731,47db558000420035,INA219Duo,647fdafffe0100ad,-84,7,5,0,914500000,125,7,4/5,3,3,3,9iimwQaBdUDNTErDAABNRI/CA0JxPbpAZmakQwBA70Q=,f628a6c106817540cd4c4ac300004d448fc20342713dba406666a4430040ef44,ADw3Fw==,003c3717
2022-03-25 20:23:42.402308,47db558000420035,GPGGALR,647fdafffe0100ad,-78,6,1,0,913700000,125,7,4/5,3,4,5,KLvv0Qh/QEDIWhgpgTBYwGalSSno9pI/ZmZmZmbGbkAAAAAAAAAAADMzMzMzM+s/5gcDGRQXJw==,28bbefd1087f4040c85a1829813058c066a54929e8f6923f6666666666c66e400000000000000000333333333333eb3fe6070319141727,ADw3Fw==,003c3717
2022-03-25 20:23:52.087693,47db558000340048,BME280,647fdafffe0100ad,-85,6.8,0,0,913500000,125,7,4/5,3,6,21,exTkQVxPeEQAADBB,7b14e4415c4f784400003041,Acq8Xw==,01cabc5f
2022-03-25 20:23:56.487439,47db5580001e0039,BME280,647fdafffe0100ad,-100,0,1,0,913700000,125,7,4/5,3,6,21,MzPfQXFteEQAAHBB,3333df41716d784400007041,AL0Pdw==,00bd0f77
2022-03-25 20:24:19.301269,47bb5580001f0020,BME280,647fdafffe0100ad,-89,7.8,2,0,913900000,125,7,4/5,3,10,21,w/XsQc2ceEQAACBB,c3f5ec41cd9c784400002041,AWelLQ==,0167a52d
2022-03-25 20:24:58.256801,475a5fe300440023,IPS7100,647fdafffe0100ad,-75,7.8,1,0,913700000,125,7,4/5,3,18,15,pkMAAAAjAAC2BgAAqwEAALIAAAAAAAAAAAAAAIYXbTyFz10+pNLKPmzOQD87j0VAGstFQBrLRUA=,a643000000230000b6060000ab010000b2000000000000000000000086176d3c85cf5d3ea4d2ca3e6cce403f3b8f45401acb45401acb4540,ARq5yA==,011ab9c8
2022-03-25 20:24:59.374938,472b544e001b003c,MGS001,647fdafffe0100ad,-83,0.2,3,0,914100000,125,7,4/5,3,954,31,YqJBP2TKMj+aThRErt7NQwAAAABa6itEmwcTPhifj0A=,62a2413f64ca323f9a4e1444aedecd43000000005aea2b449b07133e189f8f40,AFZMtg==,00564cb6
2022-03-25 20:25:18.004346,477b41f20048001f,PM,647fdafffe0100ad,-83,8.2,4,0,914300000,125,8,4/5,2,3,2,BgA=,0600,AW9S9g==,016f52f6
2022-03-25 20:25:18.415871,472b544e001b003c,BME280,647fdafffe0100ad,-73,3.8,6,0,914700000,125,7,4/5,3,956,21,hevjQTMzeEQAAGBB,85ebe3413333784400006041,AFZMtg==,00564cb6
2022-03-25 20:25:28.358537,472b544e001b003c,SCD30,647fdafffe0100ad,-85,8.2,2,0,913900000,125,7,4/5,3,957,33,AAD+QmCG8EEANVRB,0000fe426086f04100355441,AFZMtg==,00564cb6
2022-03-25 20:25:54.916028,472b544e001b003c,GPGGALR,647fdafffe0100ad,-90,2.8,7,0,914900000,125,7,4/5,3,960,5,LXU61wp/QEClhDXVgDBYwGalSSno9pI/mpmZmZmpbkBSuB6F60lhQEjhehSuR+k/5gcDGRQZNA==,2d753ad70a7f4040a58435d5803058c066a54929e8f6923f9a99999999a96e4052b81e85eb49614048e17a14ae47e93fe6070319141934,AFZMtg==,00564cb6
2022-03-25 20:26:09.007062,472b544e001b003c,IPS7100,647fdafffe0100ad,-80,7.8,0,0,913500000,125,7,4/5,3,962,15,RzUAAAcdAAA7BQAAGwEAAHoAAAAAAAAAAAAAABi4OjyRWzc+J1CjPr1KDj+ylQlAspUJQLKVCUA=,47350000071d00003b0500001b0100007a000000000000000000000018b83a3c915b373e2750a33ebd4a0e3fb2950940b2950940b2950940,AFZMtg==,00564cb6
2022-03-25 20:26:16.089708,8cf95720000589cc,PM,647fdafffe0100ad,-96,0.2,4,0,914300000,125,8,4/5,2,4,2,BgA=,0600,AeoEzA==,01ea04cc
2022-03-25 20:26:22.925333,472b544e001b003c,SCD30,647fdafffe0100ad,-92,-1.5,7,0,914900000,125,7,4/5,3,964,33,AAD+QkSp8kEAmFBB,0000fe4244a9f24100985041,AFZMtg==,00564cb6
2022-03-25 20:26:40.164060,8cf95720000589cc,BME280,647fdafffe0100ad,-82,8.8,2,0,913900000,125,7,4/5,3,6,21,rkfjQcMleEQAADBB,ae47e341c325784400003041,AeoEzA==,01ea04cc
2022-03-25 20:26:51.942741,475a5fe3002e0018,IPS7100,647fdafffe0100ad,-89,4,2,0,913900000,125,7,4/5,3,2,15,NIkAAGFEAABiCQAAvwAAADcAAAAKAAAAAAAAALNr8DxAO9k+wdcsP3nWVT/R5cc/ZEIqQGRCKkA=,348900006144000062090000bf000000370000000a00000000000000b36bf03c403bd93ec1d72c3f79d6553fd1e5c73f64422a4064422a40,AJ4R3A==,009e11dc
2022-03-25 20:26:52.905645,472b544e001b003c,BME280,647fdafffe0100ad,-87,8.2,2,0,913900000,125,7,4/5,3,967,21,w/XkQc0seEQAAGBB,c3f5e441cd2c784400006041,AFZMtg==,00564cb6
2022-03-25 20:26:59.482610,475a5fe30024001c,INA219Duo,647fdafffe0100ad,-91,-1.8,7,0,914900000,125,7,4/5,3,7,3,AACGQbTIdkDNTC1DAAAsRK5HIUBYOcRAMzPPQQAAHkM=,00008641b4c87640cd4c2d4300002c44ae4721405839c4403333cf4100001e43,AYiGRw==,01888647
2022-03-25 20:27:07.105325,472b544e001b003c,IPS7100,647fdafffe0100ad,-85,3.5,6,0,914700000,125,7,4/5,3,969,15,zTgAAFYdAACzBQAASwEAAHYAAAAEAAAAAAAAAGsQRzyz7zk+xgirPjGEHD9MzglAZkwnQGZMJ0A=,cd380000561d0000b30500004b0100007600000004000000000000006b10473cb3ef393ec608ab3e31841c3f4cce0940664c2740664c2740,AFZMtg==,00564cb6
2022-03-25 20:27:09.337570,8cf95720000589cc,GPGGALR,647fdafffe0100ad,-81,10.2,0,0,913500000,125,7,4/5,3,8,5,yhdekAd/QEDsMPt8gTBYwLw/3qtWJuQ/zczMzMy8bkDXo3A9ClcpQOF6FK5H4fY/5gcDGRQbBg==,ca175e90077f4040ec30fb7c813058c0bc3fdeab5626e43fcdccccccccbc6e40d7a3703d0a572940e17a14ae47e1f63fe6070319141b06,AeoEzA==,01ea04cc
2022-03-25 20:27:16.649930,8cf957200005854f,BME280,647fdafffe0100ad,-99,5.2,3,0,914100000,125,7,4/5,3,13,21,uB7rQRQOeEQAAEBB,b81eeb41140e784400004041,Aeqx/Q==,01eab1fd
2022-03-25 20:27:29.917941,472b544e001b003c,BME280,647fdafffe0100ad,-89,2.5,7,0,914900000,125,7,4/5,3,971,21,7FHkQVwveEQAAHBB,ec51e4415c2f784400007041,AFZMtg==,00564cb6
2022-03-25 20:27:45.930794,47db558000330044,BME280,647fdafffe0100ad,-87,9,4,0,914300000,125,7,4/5,3,2,21,hevtQZpJeEQAAFBB,85ebed419a49784400005041,AMvJRg==,00cbc946
2022-03-25 20:28:09.040797,475a5fe300480023,BME280,647fdafffe0100ad,-91,1.5,0,0,913500000,125,7,4/5,3,5,21,pHDxQR81eEQAACBB,a470f1411f35784400002041,AMwv3A==,00cc2fdc
2022-03-25 20:28:20.999070,472b544e001b003c,SCD30,647fdafffe0100ad,-81,2.8,6,0,914700000,125,7,4/5,3,977,33,AAD4QpAU8UGA6E1B,0000f8429014f14180e84d41,AFZMtg==,00564cb6
2022-03-25 20:28:25.946503,470a55800048003e,BME280,647fdafffe0100ad,-83,-4.8,6,0,914700000,125,7,4/5,3,6,21,ZmbuQYV7eEQAABBB,6666ee41857b784400001041,AA/2yQ==,000ff6c9
2022-03-25 20:28:37.761484,8cf9572000058551,GPGGALR,647fdafffe0100ad,-95,1,2,0,913900000,125,7,4/5,3,7,5,thN7IQp/QEAKZEuWgDBYwBh47j1ccqw/AAAAAADQakAK16NwPdpqQM3MzMzMzAJA5gcDGRQcIw==,b6137b210a7f40400a644b96803058c01878ee3d5c72ac3f0000000000d06a400ad7a3703dda6a40cdcccccccccc0240e6070319141c23,ALQs1A==,00b42cd4
2022-03-25 20:28:47.204753,8cf95720000589cc,BME280,647fdafffe0100ad,-81,7.5,7,0,914900000,125,7,4/5,3,10,21,w/XcQZopeEQAAEBB,c3f5dc419a29784400004041,AeoEzA==,01ea04cc
2022-03-25 20:28:48.059505,472b544e001b003c,BME280,647fdafffe0100ad,-86,-2,2,0,913900000,125,7,4/5,3,980,21,PQrjQbgueEQAAGBB,3d0ae341b82e784400006041,AFZMtg==,00564cb6
2022-03-25 20:29:18.379657,475a5fe3003b001b,IPS7100,647fdafffe0100ad,-80,-0.2,6,0,914700000,125,7,4/5,3,1,15,/9cAABVuAADyEQAAEQEAAB0AAAAaAAAAAAAAAJ8+PT3clS4/A7iUP1YCsj+e1OI/qdeSQKnXkkA=,ffd70000156e0000f2110000110100001d0000001a000000000000009f3e3d3ddc952e3f03b8943f5602b23f9ed4e23fa9d79240a9d79240,AORZyg==,00e459ca
2022-03-25 20:30:03.179528,475a5fe30035001b,PM,647fdafffe0100ad,-93,6.2,2,0,913900000,125,8,4/5,2,1,2,BgA=,0600,AdzPjQ==,01dccf8d
2022-03-25 20:30:03.729370,8cf9572000058551,IPS7100,647fdafffe0100ad,-90,1.2,5,0,914500000,125,7,4/5,3,8,15,MnMAAOIyAACyBAAA4AAAAC0AAAAAAAAAAAAAAPLbyTygFaM+DF3jPh7FIT82KJ0/NiidPzYonT8=,32730000e2320000b2040000e00000002d0000000000000000000000f2dbc93ca015a33e0c5de33e1ec5213f36289d3f36289d3f36289d3f,ALQs1A==,00b42cd4
2022-03-25 20:30:36.794896,47bb5580001f0020,BME280,647fdafffe0100ad,-84,8.8,1,0,913700000,125,7,4/5,3,2,21,MzPxQa6XeEQAABBB,3333f141ae97784400001041,ACp3wQ==,002a77c1
2022-03-25 20:30:42.603723,472b544e0024004b,IPS7100,647fdafffe0100ad,-87,4.8,5,0,914500000,125,7,4/5,3,14,15,nU0AAK8jAABbAwAANQAAAAUAAAAAAAAAAAAAAG8AiDyhCmQ+tvSfPp/Itj70QNk+9EDZPvRA2T4=,9d4d0000af2300005b030000350000000500000000000000000000006f00883ca10a643eb6f49f3e9fc8b63ef440d93ef440d93ef440d93e,ANFqAw==,00d16a03
2022-03-25 20:31:08.198159,8cf957200005854f,IPS7100,647fdafffe0100ad,-90,0.5,5,0,914500000,125,7,4/5,3,19,15,/2gAAAUyAAA5BQAAYgAAABkAAAAAAAAAAAAAADf9tzxGaZ8+m+/mPr13CD8UbF4/FGxePxRsXj8=,ff68000005320000390500006200000019000000000000000000000037fdb73c46699f3e9befe63ebd77083f146c5e3f146c5e3f146c5e3f,AazHow==,01acc7a3
2022-03-25 20:31:19.510628,472b544e0028002b,INA219Duo,647fdafffe0100ad,-83,-0.2,2,0,913900000,125,7,4/5,3,3,3,SOF2wVCNd0CaGRzDAIAWREjhokBGtsNAMzNHQgAAmEM=,48e176c1508d77409a191cc30080164448e1a24046b6c3403333474200009843,AQrbnw==,010adb9f
2022-03-25 20:31:30.999605,475a5fe3002e001f,PM,647fdafffe0100ad,-90,10,2,0,913900000,125,8,4/5,2,0,2,BgA=,0600,Af4D4w==,01fe03e3
2022-03-25 20:31:36.608455,472b544e0028002b,GPGGALR,647fdafffe0100ad,-80,-1.5,6,0,914700000,125,7,4/5,3,4,5,Ap8fRgh/QEDoMF9egDBYwGalSSno9qI/MzMzMzPjakBxPQrXo0hyQDMzMzMzM+s/5gcDGRQfIQ==,029f1f46087f4040e8305f5e803058c066a54929e8f6a23f3333333333e36a40713d0ad7a3487240333333333333eb3fe6070319141f21,AQrbnw==,010adb9f
2022-03-25 20:31:55.068878,475a5fe3002e001f,BME280,647fdafffe0100ad,-87,4.2,5,0,914500000,125,7,4/5,3,2,21,9ijmQSn8d0QAADBB,f628e64129fc774400003041,Af4D4w==,01fe03e3
2022-03-25 20:32:00.354843,47db558000420035,GPGGALR,647fdafffe0100ad,-83,9.8,0,0,913500000,125,7,4/5,3,18,5,zF1LyAd/QECWXzHjgDBYwGalSSno9pI/mpmZmZnZbEAAAAAAAAAAALgehetRuO4/5gcDGRQfOQ==,cc5d4bc8077f4040965f31e3803058c066a54929e8f6923f9a99999999d96c400000000000000000b81e85eb51b8ee3fe6070319141f39,AOrVTg==,00ead54e
2022-03-25 20:32:15.948233,475a5fe30035001a,BME280,647fdafffe0100ad,-77,3.2,1,0,913700000,125,7,4/5,3,3,21,PQrzQT1aeEQAAABB,3d0af3413d5a784400000041,AIPWZA==,0083d664
2022-03-25 20:32:28.027062,475a5fe30035001a,INA219Duo,647fdafffe0100ad,-86,4.8,5,0,914500000,125,7,4/5,3,4,3,cT2QwU5icECamUPDAAAiRNejAkJxPbpAZmajQwCA7UQ=,713d90c14e6270409a9943c300002244d7a30242713dba406666a3430080ed44,AIPWZA==,0083d664
2022-03-25 20:32:34.278813,475a5fe3002f001b,IPS7100,647fdafffe0100ad,-95,2.5,1,0,913700000,125,7,4/5,3,13,15,PmMAALYvAACCBQAApAAAABEAAAAAAAAAAAAAABTnrTyY9Zc++WjjPrDxFD+v61A/r+tQP6/rUD8=,3e630000b62f000082050000a400000011000000000000000000000014e7ad3c98f5973ef968e33eb0f1143fafeb503fafeb503fafeb503f,ARnLAQ==,0119cb01
2022-03-25 20:33:14.480444,472b544e0028002b,BME280,647fdafffe0100ad,-87,4.8,7,0,914900000,125,7,4/5,3,6,21,uB7nQY9ieEQAADBB,b81ee7418f62784400003041,AQrbnw==,010adb9f
2022-03-25 20:33:16.834574,8cf9572000059e7e,BME280,647fdafffe0100ad,-95,-0.2,3,0,914100000,125,7,4/5,3,8,21,PQrdQbheeEQAACBB,3d0add41b85e784400002041,AUVO+A==,01454ef8
2022-03-25 20:34:23.027751,475a5fe30035001a,BME280,647fdafffe0100ad,-89,-1.2,7,0,914900000,125,7,4/5,3,7,21,pHD/QXtUeEQAAABB,a470ff417b54784400000041,AIPWZA==,0083d664
2022-03-25 20:34:29.493811,472b544e001b003c,PM,647fdafffe0100ad,-87,8.2,2,0,913900000,125,7,4/5,3,2,2,AwM=,0303,AJfLsg==,0097cbb2
2022-03-25 20:34:35.449562,8cf9572000059fd7,BME280,647fdafffe0100ad,-95,6.5,3,0,914100000,125,7,4/5,3,8,21,AAD4QR81eEQAAEBB,0000f8411f35784400004041,AJ8jCw==,009f230b
2022-03-25 20:34:40.745196,47db558000330044,PM,647fdafffe0100ad,-86,5.8,5,0,914500000,125,8,4/5,2,7,2,BgA=,0600,ALJpmw==,00b2699b
2022-03-25 20:35:16.241593,479b5580001a0031,GPGGALR,647fdafffe0100ad,-87,3.5,6,0,914700000,125,7,4/5,3,13,5,3sg88gd/QEBvQ2FXgDBYwGalSSno9qI/AAAAAACAbUAzMzMzM/NbQKRwPQrXo/A/5gcDGRQjDQ==,dec83cf2077f40406f436157803058c066a54929e8f6a23f0000000000806d403333333333f35b40a4703d0ad7a3f03fe607031914230d,AeEJyg==,01e109ca
2022-03-25 20:35:21.969160,8cf95720000589cc,INA219Duo,647fdafffe0100ad,-81,9.5,1,0,913700000,125,7,4/5,3,3,3,cT2YQef7aUAAgElDAAA5RK5HBkJmZrZAZqanQwCA7kQ=,713d9841e7fb69400080494300003944ae4706426666b64066a6a7430080ee44,AV3Azg==,015dc0ce
2022-03-25 20:35:30.841271,475a5fe300320019,PM,647fdafffe0100ad,-85,8.2,0,0,913500000,125,8,4/5,2,1,2,BgA=,0600,AM8wSw==,00cf304b
2022-03-25 20:35:31.137720,472b544e001b003c,BME280,647fdafffe0100ad,-85,-2.8,6,0,914700000,125,7,4/5,3,10,21,XI/wQdcjeEQAAFBB,5c8ff041d723784400005041,AJfLsg==,0097cbb2
2022-03-25 20:35:32.206239,475a5fe30024001c,PM,647fdafffe0100ad,-90,7.8,1,0,913700000,125,8,4/5,2,9,2,BgA=,0600,APyPEw==,00fc8f13
2022-03-25 20:35:42.198301,47cb55800041001c,GPGGALR,647fdafffe0100ad,-91,5.5,5,0,914500000,125,7,4/5,3,4,5,Bn7+wgV/QEARqtTsgTBYwBLaci7FVeU/ZmZmZmbWa0DhehSuR3lsQOxRuB6F6/k/5gcDGRQjJw==,067efec2057f404011aad4ec813058c012da722ec555e53f6666666666d66b40e17a14ae47796c40ec51b81e85ebf93fe6070319142327,AAeL9g==,00078bf6
2022-03-25 20:36:54.104457,479b5580001a0031,BME280,647fdafffe0100ad,-87,6.2,5,0,914500000,125,7,4/5,3,15,21,PQr3QTNzeEQAACBB,3d0af7413373784400002041,AeEJyg==,01e109ca
2022-03-25 20:36:59.219052,472b544e001b003c,SCD30,647fdafffe0100ad,-87,6.2,5,0,914500000,125,7,4/5,3,20,33,AAAGQzBe/kFAAElB,00000643305efe4140004941,AJfLsg==,0097cbb2
2022-03-25 20:37:26.287430,472b544e001b003c,BME280,647fdafffe0100ad,-93,1.8,7,0,914900000,125,7,4/5,3,23,21,AADyQaQgeEQAAFBB,0000f241a420784400005041,AJfLsg==,0097cbb2
2022-03-25 20:37:36.226386,472b544e001b003c,SCD30,647fdafffe0100ad,-87,8.8,3,0,914100000,125,7,4/5,3,24,33,AAAHQ4h5/kHAa05B,000007438879fe41c06b4e41,AJfLsg==,0097cbb2
2022-03-25 20:37:55.018354,470a55800048003e,BME280,647fdafffe0100ad,-81,7,3,0,914100000,125,7,4/5,3,6,21,ZmbyQTNzeEQAABBB,6666f2413373784400001041,APoVxg==,00fa15c6
2022-03-25 20:37:57.990868,472b544e001b003c,MGS001,647fdafffe0100ad,-84,8.2,4,0,914300000,125,7,4/5,3,27,31,YqJBP2TKMj+aThRErt7NQwAAAABa6itEmwcTPhifj0A=,62a2413f64ca323f9a4e1444aedecd43000000005aea2b449b07133e189f8f40,AJfLsg==,0097cbb2
2022-03-25 20:38:01.049596,472b544e0024004b,GPGGALR,647fdafffe0100ad,-87,8.2,0,0,913500000,125,7,4/5,3,19,5,NJoGjAh/QEBC6wxMgTBYwBh47j1ccqw/ZmZmZmamakBcj8L1KGx0QMP1KFyPwvE/5gcDGRQlOg==,349a068c087f404042eb0c4c813058c01878ee3d5c72ac3f6666666666a66a405c8fc2f5286c7440c3f5285c8fc2f13fe607031914253a,AXuORw==,017b8e47
2022-03-25 20:38:10.209388,8cf9572000059e7e,PM,647fdafffe0100ad,-97,-0.2,6,0,914700000,125,8,4/5,2,2,2,BgA=,0600,Aej9Pg==,01e8fd3e
2022-03-25 20:38:15.856948,479b558000320033,BME280,647fdafffe0100ad,-77,-0.5,6,0,914700000,125,7,4/5,3,4,21,AAD2QRQueEQAABBB,0000f641142e784400001041,AdwYXQ==,01dc185d
2022-03-25 20:38:22.391339,8cf9572000059e7e,IPS7100,647fdafffe0100ad,-87,9.8,3,0,914100000,125,7,4/5,3,3,15,oicBALqSAABkEQAAzwEAACUAAAAFAAAAAAAAALuCgT0tIGk/TRSwP5Cw4T/dVhBAo3A0QKNwNEA=,a2270100ba92000064110000cf010000250000000500000000000000bb82813d2d20693f4d14b03f90b0e13fdd561040a3703440a3703440,Aej9Pg==,01e8fd3e
2022-03-25 20:38:43.596430,47bb558000280041,INA219Duo,647fdafffe0100ad,-86,6.5,1,0,913700000,125,7,4/5,3,7,3,KVyBwef7aUCaGR3DAIAPRMP1AUIzM7NAzYyiQwDA40Q=,295c81c1e7fb69409a191dc300800f44c3f501423333b340cd8ca24300c0e344,ANaZ+w==,00d699fb
2022-03-25 20:38:59.262724,47db5580001e0039,PM,647fdafffe0100ad,-97,1,1,0,913700000,125,8,4/5,2,10,2,BgM=,0603,ABKcnw==,00129c9f
2022-03-25 20:39:03.458947,8cf9572000059e7e,GPGGALR,647fdafffe0100ad,-83,-0.2,6,0,914700000,125,7,4/5,3,6,5,vThH1gd/QEClhDXVgDBYwGxDxTh/E8o/zczMzMysbEDD9Shcj0JVQD0K16NwPfI/5gcDGRQnAA==,bd3847d6077f4040a58435d5803058c06c43c5387f13ca3fcdccccccccac6c40c3f5285c8f4255403d0ad7a3703df23fe6070319142700,Aej9Pg==,01e8fd3e
2022-03-25 20:39:06.283816,47bb5580001f0020,PM,647fdafffe0100ad,-90,0,4,0,914300000,125,8,4/5,2,9,2,BgA=,0600,AUZl0g==,014665d2
2022-03-25 20:39:08.978706,47db558000350047,GPGGALR,647fdafffe0100ad,-91,0.2,7,0,914900000,125,7,4/5,3,7,5,iPdyWAd/QEDp01V6gDBYwGalSSno9qI/ZmZmZmbmbUAAAAAAAIBIQFK4HoXrUfA/5gcDGRQnBg==,88f77258077f4040e9d3557a803058c066a54929e8f6a23f6666666666e66d40000000000080484052b81e85eb51f03fe6070319142706,AEc5ww==,004739c3
2022-03-25 20:39:18.128920,475a5fe3002e0018,BME280,647fdafffe0100ad,-83,7,0,0,913500000,125,7,4/5,3,15,21,KVzpQZopeEQAAEBB,295ce9419a29784400004041,AfpkfQ==,01fa647d
2022-03-25 20:39:25.067392,47db558000420035,PM,647fdafffe0100ad,-77,-1.2,4,0,914300000,125,8,4/5,2,16,2,BgA=,0600,AHVADQ==,0075400d
2022-03-25 20:39:26.152185,472b544e00230033,IPS7100,647fdafffe0100ad,-95,-1.8,2,0,913900000,125,7,4/5,3,3,15,Sk4BACWuAACpJwAA+wIAAJMAAAADAAAAAAAAANhxkj3c44k/v88IQI6hMUDjTJZAl2SjQJdko0A=,4a4e010025ae0000a9270000fb020000930000000300000000000000d871923ddce3893fbfcf08408ea13140e34c96409764a3409764a340,AFFc2A==,00515cd8
2022-03-25 20:39:30.353526,47bb5580001f0020,BME280,647fdafffe0100ad,-84,7,2,0,913900000,125,7,4/5,3,11,21,j8IAQsOFeEQAABBB,8fc20042c385784400001041,AUZl0g==,014665d2
2022-03-25 20:39:52.508008,47db5580001e0039,GPGGALR,647fdafffe0100ad,-89,5.2,5,0,914500000,125,7,4/5,3,14,5,dEaU9gZ/QECxTJTEfzBYwGalSSno9qI/AAAAAACAbkBcj8L1KGxcQGZmZmZmZu4/5gcDGRQnMQ==,744694f6067f4040b14c94c47f3058c066a54929e8f6a23f0000000000806e405c8fc2f5286c5c40666666666666ee3fe6070319142731,ABKcnw==,00129c9f
2022-03-25 20:39:57.018322,475a5fe30035001a,PM,647fdafffe0100ad,-85,1,5,0,914500000,125,8,4/5,2,8,2,BgA=,0600,AVbAuA==,0156c0b8
2022-03-25 20:40:11.014816,479b558000320033,IPS7100,647fdafffe0100ad,-79,9.2,2,0,913900000,125,7,4/5,3,7,15,JJoAAMQ7AACLBAAAuQAAADIAAAA1AAAAAAAAAFUNBz0dnME+odP/PnSpJz+2qKc/oqbcQKKm3EA=,249a0000c43b00008b040000b9000000320000003500000000000000550d073d1d9cc13ea1d3ff3e74a9273fb6a8a73fa2a6dc40a2a6dc40,AdwYXQ==,01dc185d
2022-03-25 20:40:12.170127,475a5fe300480023,BME280,647fdafffe0100ad,-93,5.5,0,0,913500000,125,7,4/5,3,2,21,AAD6QXskeEQAACBB,0000fa417b24784400002041,AIPMvg==,0083ccbe
2022-03-25 20:40:15.004789,475a5fe300200021,PM,647fdafffe0100ad,-82,6.2,2,0,913900000,125,8,4/5,2,1,2,BgA=,0600,AJORiw==,0093918b
2022-03-25 20:40:38.654577,472b544e001b003c,BME280,647fdafffe0100ad,-94,1.8,7,0,914900000,125,7,4/5,3,45,21,CtfzQVwfeEQAAFBB,0ad7f3415c1f784400005041,AJfLsg==,0097cbb2
2022-03-25 20:40:43.871130,472b544e0024002b,BME280,647fdafffe0100ad,-86,4.2,4,0,914300000,125,7,4/5,3,6,21,j8IAQo9CeEQAACBB,8fc200428f42784400002041,AZw8rw==,019c3caf
2022-03-25 20:41:30.505940,472b544e0028002b,BME280,647fdafffe0100ad,-91,6.8,0,0,913500000,125,7,4/5,3,2,21,CtfvQZpZeEQAACBB,0ad7ef419a59784400002041,AB1JQQ==,001d4941
2022-03-25 20:41:35.173775,8cf9572000059fd7,GPGGALR,647fdafffe0100ad,-87,1.2,1,0,913700000,125,7,4/5,3,6,5,hbGFIAd/QED4+FlsgDBYwBh47j1ccrw/MzMzMzPDbUAAAAAAADhtQHE9CtejcPE/5gcDGRQpIA==,85b18520077f4040f8f8596c803058c01878ee3d5c72bc3f3333333333c36d400000000000386d40713d0ad7a370f13fe6070319142920,AcolEA==,01ca2510
2022-03-25 20:41:42.593487,472b544e0028002b,INA219Duo,647fdafffe0100ad,-77,7,7,0,914900000,125,7,4/5,3,3,3,ZmaWwcdLd0AzsyvDAIA2RD0K1z/8qcFAZmaGQQAAzEI=,666696c1c74b774033b32bc3008036443d0ad73ffca9c140666686410000cc42,AB1JQQ==,001d4941
2022-03-25 20:41:48.532771,8cf95720000589cc,BME280,647fdafffe0100ad,-83,8.5,0,0,913500000,125,7,4/5,3,7,21,pHDvQUgReEQAACBB,a470ef414811784400002041,AGufxw==,006b9fc7
2022-03-25 20:41:54.122236,47db558000340048,BME280,647fdafffe0100ad,-84,9.2,2,0,913900000,125,7,4/5,3,6,21,j8LxQXs0eEQAACBB,8fc2f1417b34784400002041,Aao5Yg==,01aa3962
2022-03-25 20:42:25.972906,472b544e001b003c,IPS7100,647fdafffe0100ad,-80,7,0,0,913500000,125,7,4/5,3,57,15,WAQAALgEAADhAwAAuQAAACAAAAAHAAAAAAAAAFWmczpC8uY8ziAHPjLGkj7BiTU/N8G/PzfBvz8=,58040000b8040000e1030000b900000020000000070000000000000055a6733a42f2e63cce20073e32c6923ec189353f37c1bf3f37c1bf3f,AJfLsg==,0097cbb2
2022-03-25 20:42:45.445981,8cf957200005854f,BME280,647fdafffe0100ad,-96,-0.5,1,0,913700000,125,7,4/5,3,8,21,KVztQSn8d0QAAFBB,295ced4129fc774400005041,AJSzGg==,0094b31a
2022-03-25 20:43:31.344538,472b544e0024004b,INA219Duo,647fdafffe0100ad,-85,7.8,3,0,914100000,125,7,4/5,3,3,3,4XqIwRSuZ0CamRvDAAANRJqZ+UFI4bpAAECcQwBA5EQ=,e17a88c114ae67409a991bc300000d449a99f94148e1ba4000409c430040e444,AGwe6Q==,006c1ee9
2022-03-25 20:43:38.235353,479b5580001a0031,PM,647fdafffe0100ad,-92,0.2,3,0,914100000,125,8,4/5,2,0,2,BgA=,0600,ANcOvA==,00d70ebc
2022-03-25 20:43:51.458942,475a5fe3003b001b,BME280,647fdafffe0100ad,-77,7,0,0,913500000,125,7,4/5,3,2,21,j8LrQXs0eEQAAGBB,8fc2eb417b34784400006041,AIVXRQ==,00855745
2022-03-25 20:44:01.166212,47db558000340048,BME280,647fdafffe0100ad,-84,6,7,0,914900000,125,7,4/5,3,10,21,XI/qQXs0eEQAAEBB,5c8fea417b34784400004041,Aao5Yg==,01aa3962
2022-03-25 20:44:03.536695,475a5fe3003b001b,INA219Duo,647fdafffe0100ad,-84,5.5,3,0,914100000,125,7,4/5,3,3,3,9iiUQSPbeUBmZkVDAIA2RB+Fyz9qvMRAmpl5QQAAwEI=,f628944123db794066664543008036441f85cb3f6abcc4409a9979410000c042,AIVXRQ==,00855745
2022-03-25 20:44:14.171682,477b41f2004c0035,PM,647fdafffe0100ad,-85,9.2,3,0,914100000,125,8,4/5,2,7,2,BgA=,0600,AMgAqQ==,00c800a9
2022-03-25 20:44:15.945312,472b544e001b003c,SCD30,647fdafffe0100ad,-87,-0.8,6,0,914700000,125,7,4/5,3,69,33,AAAJQxwHAEJAc1NB,000009431c07004240735341,AJfLsg==,0097cbb2
2022-03-25 20:44:21.092756,8cf9572000058551,BME280,647fdafffe0100ad,-91,0,6,0,914700000,125,7,4/5,3,3,21,4XrkQWY2eEQAABBB,e17ae4416636784400001041,ASrCKw==,012ac22b
2022-03-25 20:44:23.111508,472b544e001b003c,IPS7100,647fdafffe0100ad,-91,6.5,4,0,914300000,125,7,4/5,3,70,15,WQQAAMkDAABGBAAACwEAAEoAAAAAAAAAAAAAAPHPczqVs7o8nVkMPjiWuD4r8qo/K/KqPyvyqj8=,59040000c9030000460400000b0100004a0000000000000000000000f1cf733a95b3ba3c9d590c3e3896b83e2bf2aa3f2bf2aa3f2bf2aa3f,AJfLsg==,0097cbb2
2022-03-25 20:44:50.191767,472b544e001b003c,IPS7100,647fdafffe0100ad,-85,10.8,1,0,913700000,125,7,4/5,3,73,15,3gkAAHoGAAD4AwAA8gAAADsAAAAIAAAAAAAAAK1UCjvT3SE9tyUVPhWAsj7CVI8/rKL/P6yi/z8=,de0900007a060000f8030000f20000003b0000000800000000000000ad540a3bd3dd213db725153e1580b23ec2548f3faca2ff3faca2ff3f,AJfLsg==,0097cbb2
