dateTime,temperature,pressure,humidity,altitude
2022-03-25 19:09:34.118902,31.94,99352.00,12.00,165.55
2022-03-25 19:09:44.158529,31.91,99347.00,11.00,165.97
2022-03-25 19:09:54.197984,31.83,99352.00,12.00,165.55
2022-03-25 19:10:04.237641,31.79,99348.00,12.00,165.89
2022-03-25 19:10:14.276798,31.75,99347.00,12.00,165.97
2022-03-25 19:10:24.331793,31.78,99349.00,13.00,165.80
2022-03-25 19:10:34.371604,31.74,99342.00,12.00,166.39
2022-03-25 19:10:44.411372,31.74,99347.00,12.00,165.97
2022-03-25 19:10:54.451511,31.72,99349.00,12.00,165.80
2022-03-25 19:11:04.506188,31.71,99352.00,12.00,165.55
2022-03-25 19:11:14.545868,31.74,99350.00,12.00,165.72
2022-03-25 19:11:24.585895,31.73,99350.00,11.00,165.72
2022-03-25 19:11:34.640996,31.76,99348.00,11.00,165.89
2022-03-25 19:11:44.680243,31.83,99349.00,12.00,165.80
2022-03-25 19:11:54.719891,31.85,99348.00,11.00,165.89
2022-03-25 19:12:04.759766,31.91,99348.00,13.00,165.89
2022-03-25 19:12:14.798914,31.95,99350.00,13.00,165.72
2022-03-25 19:12:24.853862,32.00,99348.00,12.00,165.89
2022-03-25 19:12:34.893659,32.04,99350.00,12.00,165.72
2022-03-25 19:12:44.933561,32.10,99348.00,12.00,165.89
2022-03-25 19:12:54.973509,32.11,99350.00,13.00,165.72
2022-03-25 19:13:05.028643,32.10,99346.00,12.00,166.06
2022-03-25 19:13:15.068346,32.10,99345.00,12.00,166.14
2022-03-25 19:13:25.107920,32.15,99349.00,12.00,165.80
2022-03-25 19:13:35.147796,32.18,99350.00,13.00,165.72
2022-03-25 19:13:45.202835,32.12,99345.00,13.00,166.14
2022-03-25 19:13:55.242381,32.12,99344.00,12.00,166.23
2022-03-25 19:14:05.282369,32.14,99346.00,12.00,166.06
2022-03-25 19:14:15.321524,32.16,99341.00,12.00,166.48
2022-03-25 19:14:25.376346,32.15,99345.00,12.00,166.14
2022-03-25 19:14:35.416153,32.22,99343.00,13.00,166.31
2022-03-25 19:14:45.455778,32.15,99345.00,12.00,166.14
2022-03-25 19:14:55.495688,32.13,99342.00,12.00,166.39
2022-03-25 19:15:05.550719,32.17,99342.00,12.00,166.39
2022-03-25 19:15:15.590418,32.17,99338.00,13.00,166.73
2022-03-25 19:15:25.630186,32.17,99336.00,12.00,166.90
2022-03-25 19:15:35.669903,32.21,99339.00,12.00,166.65
2022-03-25 19:15:45.724577,32.28,99336.00,13.00,166.90
2022-03-25 19:15:55.764215,32.35,99338.00,13.00,166.73
2022-03-25 19:16:05.804152,32.27,99335.00,12.00,166.99
2022-03-25 19:16:15.843225,32.24,99334.00,12.00,167.07
2022-03-25 19:16:25.883164,32.25,99333.00,12.00,167.16
2022-03-25 19:16:35.938062,32.24,99334.00,12.00,167.07
2022-03-25 19:16:45.977949,32.27,99331.00,12.00,167.32
2022-03-25 19:16:56.017826,32.35,99331.00,12.00,167.32
2022-03-25 19:17:06.057423,32.41,99336.00,13.00,166.90
2022-03-25 19:17:16.112231,32.42,99334.00,12.00,167.07
2022-03-25 19:17:26.152142,32.43,99331.00,12.00,167.32
2022-03-25 19:17:36.192058,32.46,99334.00,13.00,167.07
2022-03-25 19:17:46.231172,32.48,99333.00,12.00,167.16
2022-03-25 19:17:56.286217,32.45,99330.00,12.00,167.41
2022-03-25 19:18:06.325770,32.46,99329.00,12.00,167.49
2022-03-25 19:18:16.365607,32.53,99331.00,12.00,167.32
2022-03-25 19:18:26.405405,32.53,99332.00,12.00,167.24
2022-03-25 19:18:36.460101,32.52,99330.00,12.00,167.41
2022-03-25 19:18:46.500026,32.45,99330.00,12.00,167.41
2022-03-25 19:18:56.539664,32.48,99327.00,12.00,167.66
2022-03-25 19:19:06.579374,32.52,99332.00,11.00,167.24
2022-03-25 19:19:16.619200,32.54,99332.00,11.00,167.24
2022-03-25 19:19:26.674144,32.60,99329.00,12.00,167.49
2022-03-25 19:19:36.713894,32.66,99331.00,12.00,167.32
2022-03-25 19:19:46.753651,32.73,99330.00,13.00,167.41
2022-03-25 19:19:56.808498,32.79,99328.00,14.00,167.58
2022-03-25 19:20:06.848308,32.87,99326.00,13.00,167.75
2022-03-25 19:20:16.887755,32.92,99325.00,13.00,167.83
2022-03-25 19:20:26.927445,32.93,99326.00,12.00,167.75
2022-03-25 19:20:36.982423,32.92,99328.00,12.00,167.58
2022-03-25 19:20:47.022292,32.98,99327.00,12.00,167.66
2022-03-25 19:20:57.062103,33.01,99323.00,12.00,168.00
2022-03-25 19:21:07.101740,33.08,99324.00,13.00,167.92
2022-03-25 19:21:17.156729,33.12,99322.00,12.00,168.09
2022-03-25 19:21:27.196502,33.17,99321.00,13.00,168.17
2022-03-25 19:21:37.236516,33.23,99317.00,13.00,168.51
2022-03-25 19:21:47.291049,33.19,99322.00,12.00,168.09
2022-03-25 19:21:57.330740,33.21,99321.00,12.00,168.17
2022-03-25 19:22:07.370110,33.26,99323.00,13.00,168.00
2022-03-25 19:22:17.409937,33.28,99326.00,12.00,167.75
2022-03-25 19:22:27.464983,33.23,99324.00,11.00,167.92
2022-03-25 19:22:37.504760,33.04,99323.00,11.00,168.00
2022-03-25 19:22:47.544819,33.02,99327.00,11.00,167.66
2022-03-25 19:22:57.584610,33.01,99324.00,11.00,167.92
2022-03-25 19:23:07.639301,33.07,99325.00,12.00,167.83
2022-03-25 19:23:17.679096,33.09,99321.00,12.00,168.17
2022-03-25 19:23:27.718884,33.05,99324.00,12.00,167.92
2022-03-25 19:23:37.759100,32.98,99325.00,12.00,167.83
2022-03-25 19:23:47.813816,32.97,99329.00,12.00,167.49
2022-03-25 19:23:57.853570,33.02,99321.00,12.00,168.17
2022-03-25 19:24:07.893087,33.09,99324.00,12.00,167.92
2022-03-25 19:24:17.947713,33.15,99321.00,12.00,168.17
2022-03-25 19:24:27.987457,33.20,99320.00,11.00,168.25
2022-03-25 19:24:38.027273,33.25,99319.00,11.00,168.34
2022-03-25 19:24:48.067046,33.31,99320.00,12.00,168.25
2022-03-25 19:24:58.107088,33.34,99319.00,11.00,168.34
2022-03-25 19:25:08.161926,33.32,99318.00,11.00,168.42
2022-03-25 19:25:18.201926,33.30,99320.00,11.00,168.25
2022-03-25 19:25:28.241717,33.34,99318.00,11.00,168.42
2022-03-25 19:25:38.281620,33.38,99317.00,11.00,168.51
2022-03-25 19:25:48.336097,33.37,99318.00,11.00,168.42
2022-03-25 19:25:58.376129,33.38,99319.00,11.00,168.34
2022-03-25 19:26:08.415748,33.35,99323.00,11.00,168.00
2022-03-25 19:26:18.455409,33.24,99320.00,12.00,168.25
2022-03-25 19:26:28.510246,33.23,99321.00,12.00,168.17
2022-03-25 19:26:38.550108,33.29,99321.00,12.00,168.17
2022-03-25 19:26:48.589936,33.32,99320.00,12.00,168.25
2022-03-25 19:26:58.630043,33.32,99318.00,12.00,168.42
2022-03-25 19:27:08.684691,33.33,99318.00,11.00,168.42
2022-03-25 19:27:18.724493,33.30,99318.00,11.00,168.42
2022-03-25 19:27:28.764261,33.29,99320.00,12.00,168.25
2022-03-25 19:27:38.803918,33.34,99320.00,13.00,168.25
2022-03-25 19:27:48.858645,33.34,99322.00,12.00,168.09
2022-03-25 19:27:58.898375,33.29,99320.00,12.00,168.25
2022-03-25 19:28:08.937849,33.23,99320.00,11.00,168.25
2022-03-25 19:28:18.993103,33.06,99318.00,11.00,168.42
2022-03-25 19:28:29.032966,32.94,99323.00,11.00,168.00
2022-03-25 19:28:39.072740,32.96,99319.00,12.00,168.34
2022-03-25 19:28:49.112837,32.85,99321.00,11.00,168.17
2022-03-25 19:28:59.167802,32.74,99319.00,11.00,168.34
2022-03-25 19:29:09.207849,32.70,99324.00,12.00,167.92
2022-03-25 19:29:19.247639,32.69,99319.00,11.00,168.34
2022-03-25 19:29:29.287407,32.72,99319.00,12.00,168.34
2022-03-25 19:29:39.327124,32.72,99317.00,12.00,168.51
2022-03-25 19:29:49.381566,32.69,99320.00,12.00,168.25
2022-03-25 19:29:59.421525,32.70,99322.00,13.00,168.09
2022-03-25 19:30:09.461234,32.68,99319.00,13.00,168.34
2022-03-25 19:30:19.516032,32.70,99318.00,12.00,168.42
2022-03-25 19:30:29.555784,32.75,99320.00,12.00,168.25
2022-03-25 19:30:39.595738,32.75,99323.00,12.00,168.00
2022-03-25 19:30:49.635703,32.78,99320.00,12.00,168.25
2022-03-25 19:30:59.690671,32.85,99321.00,13.00,168.17
2022-03-25 19:31:54.301306,32.88,99322.00,12.00,168.09
2022-03-25 19:32:04.356156,32.88,99321.00,12.00,168.17
2022-03-25 19:32:14.395796,32.93,99321.00,12.00,168.17
2022-03-25 19:32:24.435400,32.92,99320.00,11.00,168.25
2022-03-25 19:32:34.490348,32.84,99319.00,11.00,168.34
2022-03-25 19:32:44.530148,32.78,99323.00,12.00,168.00
2022-03-25 19:32:54.570073,32.67,99320.00,11.00,168.25
2022-03-25 19:33:04.609796,32.58,99322.00,12.00,168.09
2022-03-25 19:33:14.649690,32.55,99323.00,12.00,168.00
2022-03-25 19:33:24.704752,32.51,99322.00,12.00,168.09
2022-03-25 19:33:34.744414,32.56,99323.00,13.00,168.00
2022-03-25 19:33:44.784319,32.68,99320.00,12.00,168.25
2022-03-25 19:33:54.823646,32.72,99324.00,12.00,167.92
2022-03-25 19:34:04.878701,32.69,99322.00,11.00,168.09
2022-03-25 19:34:14.918067,32.73,99319.00,10.00,168.34
2022-03-25 19:34:24.958212,32.81,99320.00,12.00,168.25
2022-03-25 19:34:34.997986,32.81,99323.00,11.00,168.00
2022-03-25 19:34:45.053059,32.85,99322.00,12.00,168.09
2022-03-25 19:34:55.092972,32.85,99320.00,13.00,168.25
2022-03-25 19:35:05.132872,32.71,99319.00,12.00,168.34
2022-03-25 19:35:15.172960,32.67,99317.00,11.00,168.51
2022-03-25 19:35:25.227719,32.55,99321.00,11.00,168.17
2022-03-25 19:35:35.267574,32.45,99319.00,11.00,168.34
2022-03-25 19:35:45.306945,32.33,99319.00,12.00,168.34
2022-03-25 19:35:55.346444,32.27,99318.00,11.00,168.42
2022-03-25 19:36:05.386313,32.24,99318.00,11.00,168.42
2022-03-25 19:36:15.441089,32.23,99320.00,11.00,168.25
2022-03-25 19:36:25.480993,32.17,99321.00,11.00,168.17
2022-03-25 19:36:35.520739,32.12,99321.00,11.00,168.17
2022-03-25 19:36:45.575662,32.04,99325.00,10.00,167.83
2022-03-25 19:36:55.615501,31.95,99317.00,12.00,168.51
2022-03-25 19:37:05.655460,31.85,99321.00,11.00,168.17
2022-03-25 19:37:15.695174,31.72,99321.00,10.00,168.17
2022-03-25 19:37:25.750000,31.64,99318.00,11.00,168.42
2022-03-25 19:37:35.789819,31.60,99321.00,11.00,168.17
2022-03-25 19:37:45.829416,31.56,99319.00,11.00,168.34
2022-03-25 19:37:55.869219,31.55,99319.00,11.00,168.34
2022-03-25 19:38:05.908670,31.53,99321.00,12.00,168.17
2022-03-25 19:38:15.963337,31.52,99319.00,12.00,168.34
2022-03-25 19:38:26.003190,31.60,99315.00,12.00,168.68
2022-03-25 19:38:36.043010,31.65,99320.00,12.00,168.25
2022-03-25 19:38:46.082839,31.56,99319.00,12.00,168.34
2022-03-25 19:38:56.137649,31.40,99319.00,12.00,168.34
2022-03-25 19:39:06.177549,31.20,99320.00,11.00,168.25
2022-03-25 19:39:16.217279,31.19,99319.00,13.00,168.34
2022-03-25 19:39:26.272414,31.17,99318.00,12.00,168.42
2022-03-25 19:39:36.311997,31.16,99321.00,12.00,168.17
2022-03-25 19:39:46.351281,31.15,99321.00,13.00,168.17
2022-03-25 19:39:56.391075,31.18,99315.00,13.00,168.68
2022-03-25 19:40:06.430481,31.19,99319.00,12.00,168.34
2022-03-25 19:40:16.485177,31.19,99320.00,12.00,168.25
2022-03-25 19:40:26.524731,31.13,99316.00,12.00,168.59
2022-03-25 19:40:36.564203,31.09,99322.00,12.00,168.09
2022-03-25 19:40:46.619431,31.10,99323.00,12.00,168.00
2022-03-25 19:40:56.659143,31.14,99320.00,13.00,168.25
2022-03-25 19:41:06.698797,31.22,99320.00,14.00,168.25
2022-03-25 19:41:16.738790,31.30,99319.00,14.00,168.34
2022-03-25 19:41:26.793499,31.41,99321.00,13.00,168.17
2022-03-25 19:41:36.833314,31.46,99321.00,13.00,168.17
2022-03-25 19:41:46.872429,31.45,99319.00,13.00,168.34
2022-03-25 19:41:56.912132,31.46,99316.00,13.00,168.59
2022-03-25 19:42:06.951665,31.53,99321.00,13.00,168.17
2022-03-25 19:42:17.006585,31.60,99324.00,13.00,167.92
2022-03-25 19:42:27.046383,31.63,99323.00,13.00,168.00
2022-03-25 19:42:37.086149,31.72,99321.00,13.00,168.17
2022-03-25 19:42:47.125657,31.80,99327.00,13.00,167.66
2022-03-25 19:42:57.180780,31.92,99324.00,13.00,167.92
2022-03-25 19:43:07.220681,31.99,99324.00,14.00,167.92
2022-03-25 19:43:17.260245,31.99,99319.00,12.00,168.34
2022-03-25 19:43:27.315119,31.97,99323.00,12.00,168.00
2022-03-25 19:43:37.354856,31.84,99321.00,13.00,168.17
2022-03-25 19:43:47.394189,31.78,99318.00,12.00,168.42
2022-03-25 19:43:57.433754,31.74,99323.00,12.00,168.00
2022-03-25 19:44:07.488271,31.81,99323.00,13.00,168.00
2022-03-25 19:44:17.528135,31.82,99320.00,12.00,168.25
2022-03-25 19:44:27.567907,31.57,99319.00,11.00,168.34
2022-03-25 19:44:37.607549,31.64,99317.00,12.00,168.51
2022-03-25 19:44:47.662648,31.71,99319.00,12.00,168.34
2022-03-25 19:44:57.702582,31.82,99320.00,12.00,168.25
2022-03-25 19:45:07.742116,31.87,99316.00,12.00,168.59
2022-03-25 19:45:17.782108,31.91,99319.00,11.00,168.34
2022-03-25 19:45:27.837031,31.96,99318.00,12.00,168.42
2022-03-25 19:45:37.876874,32.06,99317.00,13.00,168.51
2022-03-25 19:45:47.916496,32.12,99313.00,13.00,168.85
2022-03-25 19:45:57.956365,32.14,99319.00,13.00,168.34
2022-03-25 19:46:07.995805,32.22,99308.00,13.00,169.27
2022-03-25 19:46:18.050237,32.27,99312.00,12.00,168.93
2022-03-25 19:46:28.090079,32.33,99311.00,12.00,169.02
2022-03-25 19:46:38.129865,32.42,99309.00,12.00,169.19
2022-03-25 19:46:48.169876,32.40,99310.00,11.00,169.10
2022-03-25 19:46:58.224758,32.43,99312.00,11.00,168.93
2022-03-25 19:47:08.264252,32.49,99309.00,11.00,169.19
2022-03-25 19:47:18.304130,32.44,99311.00,11.00,169.02
2022-03-25 19:47:28.359092,32.44,99312.00,13.00,168.93
2022-03-25 19:47:38.398881,32.39,99316.00,11.00,168.59
2022-03-25 19:47:48.438553,32.43,99313.00,12.00,168.85
2022-03-25 19:47:58.478340,32.40,99315.00,11.00,168.68
2022-03-25 19:48:08.532869,32.37,99306.00,11.00,169.44
2022-03-25 19:48:18.572521,32.33,99307.00,11.00,169.35
2022-03-25 19:48:28.612245,32.33,99310.00,11.00,169.10
2022-03-25 19:48:38.652011,32.34,99311.00,12.00,169.02
2022-03-25 19:48:48.691961,32.36,99308.00,11.00,169.27
2022-03-25 19:48:58.746875,32.33,99309.00,11.00,169.19
2022-03-25 19:49:08.786682,32.29,99310.00,12.00,169.10
2022-03-25 19:49:18.826422,32.18,99308.00,11.00,169.27
2022-03-25 19:49:28.881747,32.11,99309.00,11.00,169.19
2022-03-25 19:49:38.921591,32.10,99311.00,12.00,169.02
2022-03-25 19:49:48.961118,31.95,99310.00,12.00,169.10
2022-03-25 19:49:59.000783,32.04,99312.00,12.00,168.93
2022-03-25 19:50:09.055197,32.16,99309.00,13.00,169.19
2022-03-25 19:50:19.094869,32.28,99309.00,12.00,169.19
2022-03-25 19:50:29.134650,32.40,99310.00,13.00,169.10
2022-03-25 19:50:39.174492,32.50,99310.00,13.00,169.10
2022-03-25 19:50:49.214287,32.57,99309.00,13.00,169.19
2022-03-25 19:50:59.269286,32.68,99309.00,13.00,169.19
2022-03-25 19:51:09.309110,32.72,99310.00,11.00,169.10
2022-03-25 19:51:19.349057,32.77,99310.00,12.00,169.10
2022-03-25 19:51:29.388467,32.83,99309.00,12.00,169.19
2022-03-25 19:51:39.443508,32.87,99313.00,12.00,168.85
2022-03-25 19:51:49.482954,32.94,99306.00,13.00,169.44
2022-03-25 19:51:59.523022,32.90,99307.00,12.00,169.35
2022-03-25 19:52:09.577495,32.98,99307.00,12.00,169.35
2022-03-25 19:52:19.617000,33.03,99304.00,12.00,169.61
2022-03-25 19:52:29.656767,32.98,99308.00,12.00,169.27
2022-03-25 19:52:39.696549,32.95,99306.00,12.00,169.44
2022-03-25 19:52:49.751621,33.05,99304.00,12.00,169.61
2022-03-25 19:52:59.791517,33.17,99305.00,13.00,169.52
2022-03-25 19:53:09.831370,33.23,99305.00,12.00,169.52
2022-03-25 19:53:19.871254,33.30,99305.00,12.00,169.52
2022-03-25 19:53:29.911011,33.32,99304.00,12.00,169.61
2022-03-25 19:53:39.966269,33.35,99304.00,11.00,169.61
2022-03-25 19:53:50.006150,33.41,99305.00,12.00,169.52
2022-03-25 19:54:00.045756,33.46,99303.00,12.00,169.69
2022-03-25 19:54:10.100428,33.55,99303.00,12.00,169.69
2022-03-25 19:54:20.140211,33.53,99301.00,12.00,169.86
2022-03-25 19:54:30.179755,33.34,99302.00,11.00,169.78
2022-03-25 19:54:40.219718,33.39,99300.00,11.00,169.95
2022-03-25 19:54:50.274814,33.50,99299.00,12.00,170.03
2022-03-25 19:55:00.314397,33.53,99298.00,12.00,170.12
2022-03-25 19:55:10.354443,33.60,99299.00,12.00,170.03
2022-03-25 19:55:20.393983,33.70,99301.00,12.00,169.86
2022-03-25 19:55:30.449146,33.76,99299.00,12.00,170.03
2022-03-25 19:55:40.488857,33.74,99299.00,12.00,170.03
2022-03-25 19:55:50.528284,33.65,99295.00,11.00,170.37
2022-03-25 19:56:00.583276,33.51,99297.00,11.00,170.20
2022-03-25 19:56:10.622340,33.21,99293.00,11.00,170.54
2022-03-25 19:56:20.662427,33.21,99295.00,11.00,170.37
2022-03-25 19:56:30.702244,33.16,99293.00,10.00,170.54
2022-03-25 19:56:40.757006,33.08,99293.00,10.00,170.54
2022-03-25 19:56:50.796997,33.02,99293.00,11.00,170.54
2022-03-25 19:57:00.836841,32.86,99296.00,11.00,170.28
2022-03-25 19:57:10.876512,32.86,99292.00,12.00,170.63
2022-03-25 19:57:20.931625,32.84,99291.00,11.00,170.71
2022-03-25 19:57:30.971558,32.88,99289.00,12.00,170.88
2022-03-25 19:57:41.011544,32.98,99287.00,12.00,171.05
2022-03-25 19:57:51.050887,33.09,99290.00,11.00,170.79
2022-03-25 19:58:01.105968,33.14,99287.00,11.00,171.05
2022-03-25 19:58:11.145491,33.21,99287.00,11.00,171.05
2022-03-25 19:58:21.185341,33.24,99287.00,12.00,171.05
2022-03-25 19:58:31.225176,33.31,99284.00,12.00,171.30
2022-03-25 19:58:41.280342,33.32,99285.00,12.00,171.22
2022-03-25 19:58:51.320127,33.37,99281.00,11.00,171.56
2022-03-25 19:59:01.360133,33.38,99282.00,12.00,171.47
2022-03-25 19:59:11.399677,33.43,99287.00,12.00,171.05
2022-03-25 19:59:21.439259,33.46,99286.00,13.00,171.13
2022-03-25 19:59:31.494458,33.54,99284.00,13.00,171.30
2022-03-25 19:59:41.534571,33.59,99284.00,13.00,171.30
2022-03-25 19:59:51.573820,33.67,99286.00,13.00,171.13
2022-03-25 20:00:01.628981,33.45,99282.00,11.00,171.47
2022-03-25 20:00:11.668442,33.07,99281.00,11.00,171.56
2022-03-25 20:00:21.708364,32.76,99283.00,11.00,171.39
2022-03-25 20:00:31.748152,32.86,99282.00,11.00,171.47
2022-03-25 20:00:41.803095,32.94,99278.00,11.00,171.81
2022-03-25 20:00:51.842727,33.06,99276.00,12.00,171.98
2022-03-25 20:01:01.882734,33.17,99276.00,12.00,171.98
2022-03-25 20:01:11.922329,33.24,99279.00,11.00,171.72
2022-03-25 20:01:21.962146,33.24,99281.00,12.00,171.56
2022-03-25 20:01:32.017260,33.40,99280.00,12.00,171.64
2022-03-25 20:01:42.057292,33.50,99279.00,12.00,171.72
2022-03-25 20:01:52.096756,33.54,99281.00,11.00,171.56
2022-03-25 20:02:02.151874,33.64,99279.00,12.00,171.72
2022-03-25 20:02:12.191534,33.52,99277.00,12.00,171.89
2022-03-25 20:02:22.231262,33.51,99281.00,11.00,171.56
2022-03-25 20:02:32.271032,33.63,99281.00,11.00,171.56
2022-03-25 20:02:42.326105,33.67,99278.00,12.00,171.81
2022-03-25 20:02:52.365866,33.73,99282.00,12.00,171.47
2022-03-25 20:03:02.405683,33.78,99280.00,11.00,171.64
2022-03-25 20:03:12.445874,33.83,99279.00,11.00,171.72
2022-03-25 20:03:22.485489,33.83,99278.00,12.00,171.81
2022-03-25 20:03:32.540553,33.94,99280.00,12.00,171.64
2022-03-25 20:03:42.580500,33.96,99279.00,12.00,171.72
2022-03-25 20:03:52.619904,33.98,99279.00,12.00,171.72
2022-03-25 20:04:02.659952,34.06,99280.00,12.00,171.64
2022-03-25 20:04:12.714657,34.12,99281.00,11.00,171.56
2022-03-25 20:04:22.754462,34.16,99280.00,11.00,171.64
2022-03-25 20:04:32.794264,34.17,99280.00,11.00,171.64
2022-03-25 20:04:42.849200,34.19,99276.00,11.00,171.98
2022-03-25 20:04:52.889224,34.20,99279.00,12.00,171.72
2022-03-25 20:05:02.929192,34.19,99280.00,12.00,171.64
2022-03-25 20:05:12.969203,34.22,99279.00,11.00,171.72
2022-03-25 20:05:23.023957,34.29,99277.00,11.00,171.89
2022-03-25 20:05:33.063726,34.34,99276.00,12.00,171.98
2022-03-25 20:05:43.103736,34.42,99275.00,11.00,172.06
2022-03-25 20:05:53.143152,34.45,99275.00,12.00,172.06
2022-03-25 20:06:03.183066,34.55,99275.00,12.00,172.06
2022-03-25 20:06:13.237763,34.48,99277.00,12.00,171.89
2022-03-25 20:06:23.277461,34.48,99278.00,11.00,171.81
2022-03-25 20:06:33.317523,34.33,99279.00,11.00,171.72
2022-03-25 20:06:43.372491,34.11,99277.00,11.00,171.89
2022-03-25 20:06:53.412541,33.79,99278.00,11.00,171.81
2022-03-25 20:07:03.452475,33.26,99278.00,10.00,171.81
2022-03-25 20:07:13.492282,33.01,99274.00,10.00,172.15
2022-03-25 20:07:23.547440,32.88,99278.00,10.00,171.81
2022-03-25 20:07:33.587361,32.87,99273.00,11.00,172.23
2022-03-25 20:07:43.627007,32.97,99275.00,10.00,172.06
2022-03-25 20:07:53.666624,33.06,99273.00,12.00,172.23
2022-03-25 20:08:03.721508,33.12,99276.00,11.00,171.98
2022-03-25 20:08:13.760852,33.20,99279.00,12.00,171.72
2022-03-25 20:08:23.800731,33.27,99273.00,10.00,172.23
2022-03-25 20:08:33.855812,33.17,99273.00,11.00,172.23
2022-03-25 20:08:43.895660,33.17,99275.00,11.00,172.06
2022-03-25 20:08:53.935558,33.10,99274.00,11.00,172.15
2022-03-25 20:09:03.975286,33.10,99271.00,11.00,172.40
2022-03-25 20:09:14.030431,33.00,99271.00,10.00,172.40
2022-03-25 20:09:24.070100,33.06,99267.00,11.00,172.74
2022-03-25 20:09:34.110058,33.19,99271.00,12.00,172.40
2022-03-25 20:09:44.149724,33.34,99266.00,12.00,172.82
2022-03-25 20:09:54.204385,33.44,99273.00,11.00,172.23
2022-03-25 20:10:04.244177,33.56,99270.00,12.00,172.49
2022-03-25 20:10:14.283264,33.64,99273.00,12.00,172.23
2022-03-25 20:10:24.323177,33.73,99270.00,12.00,172.49
2022-03-25 20:10:34.378080,33.79,99270.00,12.00,172.49
2022-03-25 20:10:44.417866,33.83,99271.00,12.00,172.40
2022-03-25 20:10:54.457848,33.79,99273.00,12.00,172.23
2022-03-25 20:11:04.498074,33.87,99270.00,12.00,172.49
2022-03-25 20:11:14.552572,33.95,99275.00,11.00,172.06
2022-03-25 20:11:24.592343,34.02,99275.00,11.00,172.06
2022-03-25 20:11:34.632002,34.10,99276.00,12.00,171.98
2022-03-25 20:11:44.671892,34.10,99271.00,11.00,172.40
2022-03-25 20:11:54.726530,34.11,99277.00,11.00,171.89
2022-03-25 20:12:04.766151,34.12,99274.00,11.00,172.15
2022-03-25 20:12:14.805577,34.06,99269.00,11.00,172.57
2022-03-25 20:12:24.845606,33.96,99272.00,11.00,172.32
2022-03-25 20:12:34.900542,33.93,99272.00,11.00,172.32
2022-03-25 20:12:44.940630,33.92,99271.00,11.00,172.40
2022-03-25 20:12:54.980441,33.88,99274.00,11.00,172.15
2022-03-25 20:13:05.020569,33.86,99271.00,11.00,172.40
2022-03-25 20:13:15.075383,33.84,99277.00,11.00,171.89
2022-03-25 20:13:25.115455,33.84,99275.00,11.00,172.06
2022-03-25 20:13:35.155150,33.81,99275.00,11.00,172.06
2022-03-25 20:13:45.194664,33.78,99278.00,11.00,171.81
2022-03-25 20:13:55.234156,33.72,99276.00,11.00,171.98
2022-03-25 20:14:05.289343,33.72,99274.00,12.00,172.15
2022-03-25 20:14:15.328881,33.78,99274.00,12.00,172.15
2022-03-25 20:14:25.368619,33.82,99273.00,11.00,172.23
2022-03-25 20:14:35.408472,33.88,99275.00,11.00,172.06
2022-03-25 20:14:45.463411,33.90,99273.00,11.00,172.23
2022-03-25 20:14:55.503511,33.83,99272.00,11.00,172.32
2022-03-25 20:15:05.543173,33.80,99268.00,11.00,172.65
2022-03-25 20:15:15.583204,33.67,99269.00,11.00,172.57
2022-03-25 20:15:25.638238,33.68,99271.00,11.00,172.40
2022-03-25 20:15:35.678069,33.67,99271.00,11.00,172.40
2022-03-25 20:15:45.717802,33.74,99270.00,12.00,172.49
2022-03-25 20:15:55.757300,33.72,99270.00,12.00,172.49
2022-03-25 20:16:05.812278,33.77,99271.00,12.00,172.40
2022-03-25 20:16:15.851672,33.80,99271.00,11.00,172.40
2022-03-25 20:16:25.891285,33.81,99267.00,11.00,172.74
2022-03-25 20:16:35.931083,33.81,99267.00,11.00,172.74
2022-03-25 20:16:45.985906,33.81,99270.00,11.00,172.49
2022-03-25 20:16:56.025856,33.74,99264.00,11.00,172.99
2022-03-25 20:17:06.065601,33.59,99260.00,11.00,173.33
2022-03-25 20:17:16.105457,33.58,99264.00,11.00,172.99
2022-03-25 20:17:26.160595,33.55,99263.00,12.00,173.08
2022-03-25 20:17:36.200330,33.48,99260.00,11.00,173.33
2022-03-25 20:17:46.239835,33.43,99265.00,11.00,172.91
2022-03-25 20:17:56.294806,33.40,99266.00,12.00,172.82
2022-03-25 20:18:06.334160,33.43,99266.00,11.00,172.82
2022-03-25 20:18:16.373418,33.39,99265.00,12.00,172.91
2022-03-25 20:18:26.413353,33.34,99264.00,11.00,172.99
2022-03-25 20:18:36.453269,33.34,99267.00,12.00,172.74
2022-03-25 20:18:46.508087,33.33,99267.00,11.00,172.74
2022-03-25 20:18:56.547940,33.29,99267.00,11.00,172.74
2022-03-25 20:19:06.587757,33.27,99265.00,11.00,172.91
2022-03-25 20:19:16.642676,33.28,99267.00,11.00,172.74
2022-03-25 20:19:26.682653,33.31,99263.00,11.00,173.08
2022-03-25 20:19:36.722485,33.33,99264.00,11.00,172.99
2022-03-25 20:19:46.761998,33.24,99266.00,11.00,172.82
2022-03-25 20:19:56.816753,33.18,99267.00,11.00,172.74
2022-03-25 20:20:06.856377,33.23,99267.00,12.00,172.74
2022-03-25 20:20:16.895554,33.24,99266.00,12.00,172.82
2022-03-25 20:20:26.935405,33.24,99267.00,11.00,172.74
2022-03-25 20:20:36.975387,33.28,99267.00,12.00,172.74
2022-03-25 20:20:47.030330,33.28,99269.00,12.00,172.57
2022-03-25 20:20:57.070164,33.22,99270.00,11.00,172.49
2022-03-25 20:21:07.110149,33.23,99265.00,11.00,172.91
2022-03-25 20:21:17.150136,33.30,99265.00,11.00,172.91
2022-03-25 20:21:27.205046,33.26,99266.00,11.00,172.82
2022-03-25 20:21:37.244781,33.33,99263.00,11.00,173.08
2022-03-25 20:21:47.284055,33.36,99261.00,10.00,173.25
2022-03-25 20:21:57.339239,33.37,99260.00,10.00,173.33
2022-03-25 20:22:07.378807,33.37,99260.00,10.00,173.33
2022-03-25 20:22:17.418530,33.36,99258.00,10.00,173.50
2022-03-25 20:22:27.458389,33.38,99261.00,11.00,173.25
2022-03-25 20:22:37.513135,33.14,99257.00,11.00,173.59
2022-03-25 20:22:47.553200,33.09,99260.00,11.00,173.33
2022-03-25 20:22:57.592984,33.09,99262.00,10.00,173.16
2022-03-25 20:23:07.632638,32.76,99259.00,11.00,173.42
2022-03-25 20:23:17.672271,32.80,99258.00,11.00,173.50
2022-03-25 20:23:27.727451,32.68,99259.00,10.00,173.42
2022-03-25 20:23:37.767504,32.62,99257.00,11.00,173.59
2022-03-25 20:23:47.806684,32.63,99257.00,10.00,173.59
2022-03-25 20:23:57.861967,32.61,99259.00,10.00,173.42
2022-03-25 20:24:07.901416,32.60,99253.00,10.00,173.93
2022-03-25 20:24:17.941091,32.63,99255.00,11.00,173.76
2022-03-25 20:24:27.980683,32.65,99253.00,11.00,173.93
2022-03-25 20:24:38.020274,32.62,99254.00,11.00,173.84
2022-03-25 20:24:48.075461,32.61,99251.00,10.00,174.09
2022-03-25 20:24:58.115373,32.65,99256.00,11.00,173.67
2022-03-25 20:25:08.154891,32.59,99251.00,11.00,174.09
2022-03-25 20:25:18.194720,32.62,99247.00,11.00,174.43
2022-03-25 20:25:28.234562,32.61,99244.00,11.00,174.69
2022-03-25 20:25:38.289847,32.58,99248.00,11.00,174.35
2022-03-25 20:25:48.329224,32.55,99244.00,10.00,174.69
2022-03-25 20:25:58.368874,32.65,99244.00,11.00,174.69
2022-03-25 20:26:08.423623,32.62,99244.00,11.00,174.69
2022-03-25 20:26:18.463452,32.58,99244.00,11.00,174.69
2022-03-25 20:26:28.503233,32.39,99247.00,11.00,174.43
2022-03-25 20:26:38.543236,32.31,99246.00,11.00,174.52
2022-03-25 20:26:48.598033,32.31,99245.00,12.00,174.60
2022-03-25 20:26:58.637731,32.25,99240.00,12.00,175.02
2022-03-25 20:27:08.677591,32.21,99241.00,12.00,174.94
2022-03-25 20:27:18.717149,32.26,99237.00,12.00,175.28
2022-03-25 20:27:28.757187,32.35,99242.00,13.00,174.86
2022-03-25 20:27:38.812103,32.47,99237.00,13.00,175.28
2022-03-25 20:27:48.851552,32.55,99238.00,13.00,175.19
2022-03-25 20:27:58.891248,32.65,99235.00,13.00,175.45
2022-03-25 20:28:08.946070,32.73,99239.00,12.00,175.11
2022-03-25 20:28:18.985590,32.78,99237.00,12.00,175.28
2022-03-25 20:28:29.025621,32.86,99237.00,12.00,175.28
2022-03-25 20:28:39.065534,32.91,99237.00,12.00,175.28
2022-03-25 20:28:49.120380,32.89,99233.00,11.00,175.62
2022-03-25 20:28:59.160077,32.94,99233.00,11.00,175.62
2022-03-25 20:29:09.199835,32.97,99233.00,12.00,175.62
2022-03-25 20:29:19.239558,33.05,99238.00,12.00,175.19
2022-03-25 20:29:29.279515,33.11,99239.00,12.00,175.11
2022-03-25 20:29:39.334564,33.14,99236.00,11.00,175.36
2022-03-25 20:29:49.373801,33.22,99235.00,12.00,175.45
2022-03-25 20:29:59.413468,33.21,99233.00,11.00,175.62
2022-03-25 20:30:09.452834,33.24,99233.00,11.00,175.62
2022-03-25 20:30:19.507895,33.17,99233.00,10.00,175.62
2022-03-25 20:30:29.547619,33.15,99229.00,11.00,175.96
2022-03-25 20:30:39.587549,33.21,99232.00,10.00,175.70
2022-03-25 20:30:49.642822,33.30,99231.00,11.00,175.79
2022-03-25 20:30:59.682616,33.34,99230.00,11.00,175.87
2022-03-25 20:31:55.039728,33.58,99232.00,12.00,175.70
2022-03-25 20:32:05.079339,33.61,99234.00,12.00,175.53
2022-03-25 20:32:15.118911,33.63,99235.00,12.00,175.45
2022-03-25 20:32:25.158716,33.70,99236.00,12.00,175.36
2022-03-25 20:32:35.213765,33.73,99235.00,12.00,175.45
2022-03-25 20:32:45.253693,33.65,99235.00,11.00,175.45
2022-03-25 20:32:55.293677,33.66,99236.00,12.00,175.36
2022-03-25 20:33:05.333289,33.63,99233.00,11.00,175.62
2022-03-25 20:33:15.373205,33.67,99234.00,12.00,175.53
2022-03-25 20:33:25.428014,33.77,99240.00,12.00,175.02
2022-03-25 20:33:35.467929,33.85,99236.00,12.00,175.36
2022-03-25 20:33:45.507533,33.95,99237.00,13.00,175.28
2022-03-25 20:33:55.546946,34.03,99235.00,13.00,175.45
2022-03-25 20:34:05.602299,34.08,99234.00,12.00,175.53
2022-03-25 20:34:15.641395,34.04,99232.00,13.00,175.70
2022-03-25 20:34:25.681143,34.10,99235.00,13.00,175.45
2022-03-25 20:34:35.736136,34.17,99235.00,13.00,175.45
2022-03-25 20:34:45.776146,34.27,99231.00,12.00,175.79
2022-03-25 20:34:55.815989,34.32,99230.00,11.00,175.87
2022-03-25 20:35:05.855712,34.38,99234.00,11.00,175.53
2022-03-25 20:35:15.910554,34.41,99229.00,11.00,175.96
2022-03-25 20:35:25.950559,34.42,99229.00,11.00,175.96
2022-03-25 20:35:35.990206,34.46,99230.00,11.00,175.87
2022-03-25 20:35:46.029790,34.38,99232.00,11.00,175.70
2022-03-25 20:35:56.069331,34.41,99232.00,12.00,175.70
2022-03-25 20:36:06.124113,34.46,99230.00,12.00,175.87
2022-03-25 20:36:16.163772,34.51,99227.00,12.00,176.13
2022-03-25 20:36:26.203642,34.56,99228.00,12.00,176.04
2022-03-25 20:36:36.243411,34.60,99231.00,12.00,175.79
2022-03-25 20:36:46.298768,34.67,99233.00,12.00,175.62
2022-03-25 20:36:56.338670,34.59,99230.00,12.00,175.87
2022-03-25 20:37:06.378319,34.49,99228.00,10.00,176.04
2022-03-25 20:37:16.433210,34.42,99226.00,11.00,176.21
2022-03-25 20:37:26.473060,34.25,99226.00,10.00,176.21
2022-03-25 20:37:36.512625,34.23,99231.00,10.00,175.79
2022-03-25 20:37:46.552009,34.23,99227.00,12.00,176.13
2022-03-25 20:37:56.591963,34.21,99228.00,11.00,176.04
2022-03-25 20:38:06.646602,34.08,99227.00,11.00,176.13
2022-03-25 20:38:16.686318,34.10,99231.00,11.00,175.79
2022-03-25 20:38:26.726311,34.18,99229.00,13.00,175.96
2022-03-25 20:38:36.766546,34.25,99227.00,11.00,176.13
2022-03-25 20:38:46.821362,34.30,99226.00,10.00,176.21
2022-03-25 20:38:56.861528,34.35,99225.00,11.00,176.30
2022-03-25 20:39:06.901334,34.40,99223.00,11.00,176.46
2022-03-25 20:39:16.956135,34.42,99226.00,11.00,176.21
2022-03-25 20:39:26.995946,34.46,99224.00,11.00,176.38
2022-03-25 20:39:37.035946,34.31,99224.00,10.00,176.38
2022-03-25 20:39:47.075489,34.12,99227.00,10.00,176.13
2022-03-25 20:39:57.130339,34.15,99231.00,11.00,175.79
2022-03-25 20:40:07.169818,33.94,99229.00,10.00,175.96
2022-03-25 20:40:17.209470,33.95,99234.00,11.00,175.53
2022-03-25 20:40:27.249337,33.78,99237.00,11.00,175.28
2022-03-25 20:40:37.289475,33.50,99230.00,11.00,175.87
2022-03-25 20:40:47.344276,33.55,99235.00,11.00,175.45
2022-03-25 20:40:57.384091,33.65,99229.00,12.00,175.96
2022-03-25 20:41:07.424026,33.71,99231.00,11.00,175.79
2022-03-25 20:41:17.463663,33.76,99228.00,11.00,176.04
2022-03-25 20:41:27.518761,33.80,99231.00,11.00,175.79
2022-03-25 20:41:37.558808,33.85,99230.00,11.00,175.87
2022-03-25 20:41:47.598282,33.89,99229.00,11.00,175.96
2022-03-25 20:41:57.637783,33.96,99226.00,11.00,176.21
2022-03-25 20:42:07.692558,34.03,99226.00,11.00,176.21
2022-03-25 20:42:17.732396,34.05,99228.00,11.00,176.04
2022-03-25 20:42:27.772301,34.11,99229.00,12.00,175.96
2022-03-25 20:42:37.811859,34.08,99227.00,12.00,176.13
2022-03-25 20:42:47.866860,34.14,99227.00,11.00,176.13
2022-03-25 20:42:57.906735,34.22,99225.00,11.00,176.30
2022-03-25 20:43:07.946899,34.27,99225.00,11.00,176.30
2022-03-25 20:43:18.001680,34.29,99222.00,11.00,176.55
2022-03-25 20:43:28.041660,34.32,99225.00,11.00,176.30
2022-03-25 20:43:38.081744,34.35,99224.00,11.00,176.38
2022-03-25 20:43:48.120758,34.36,99226.00,11.00,176.21
2022-03-25 20:43:58.176122,34.40,99226.00,11.00,176.21
2022-03-25 20:44:08.215308,34.37,99225.00,11.00,176.30
2022-03-25 20:44:18.255046,34.38,99229.00,11.00,175.96
2022-03-25 20:44:28.294971,34.43,99224.00,11.00,176.38
2022-03-25 20:44:38.350047,34.45,99221.00,11.00,176.63
2022-03-25 20:44:48.389775,34.44,99223.00,11.00,176.46
