dateTime,nh3,co,no2,c3h8,c4h10,ch4,h2,c2h5oh  
2022-03-25 19:09:27.409962,0.04,0.00,22.07,6.54,17313.48,7222.25,249743.66,8.61
2022-03-25 19:09:37.450059,0.04,0.00,18.65,5.17,12136.65,5341.59,133760.59,6.65
2022-03-25 19:09:47.504441,0.04,0.00,21.68,6.38,16670.12,6993.73,233648.78,8.38
2022-03-25 19:09:57.544473,0.04,0.00,26.31,8.12,23971.39,9520.42,478530.22,11.26
2022-03-25 19:10:07.583464,0.04,0.00,20.93,5.79,14405.32,6178.22,205113.42,7.94
2022-03-25 19:10:17.623173,0.04,0.00,18.08,4.75,10666.06,4786.76,119250.13,6.35
2022-03-25 19:10:27.663000,0.04,0.00,20.93,5.79,14405.32,6178.22,205113.42,7.94
2022-03-25 19:10:37.717953,0.04,0.00,22.90,6.71,17992.07,7461.91,286230.75,9.11
2022-03-25 19:10:47.757930,0.04,0.00,21.68,6.23,16059.67,6775.67,233648.78,8.38
2022-03-25 19:10:57.797579,0.04,0.00,21.30,6.08,15480.00,6567.43,218810.33,8.15
2022-03-25 19:11:07.837363,0.05,0.00,17.28,4.37,9432.93,4312.58,100932.89,5.92
2022-03-25 19:11:17.892411,0.04,0.00,22.07,6.38,16670.12,6993.73,249743.66,8.61
2022-03-25 19:11:27.932179,0.04,0.00,22.48,6.54,17313.48,7222.25,267223.19,8.85
2022-03-25 19:11:37.971883,0.04,0.00,20.93,6.08,15480.00,6567.43,205113.42,7.94
2022-03-25 19:11:48.010981,0.04,0.00,20.93,5.93,14929.16,6368.47,205113.42,7.94
2022-03-25 19:11:58.066186,0.05,0.00,17.03,4.46,9721.74,4424.43,95607.69,5.79
2022-03-25 19:12:08.105594,0.05,0.00,17.80,4.75,10666.06,4786.76,112721.79,6.20
2022-03-25 19:12:18.145343,0.04,0.00,22.07,6.23,16059.67,6775.67,100932.89,5.92
2022-03-25 19:12:28.185079,0.04,0.00,22.48,6.71,17992.07,7461.91,218810.33,8.15
2022-03-25 19:12:38.240064,0.04,0.00,22.48,6.38,20265.53,8255.20,354136.78,9.94
2022-03-25 19:12:48.279824,0.04,0.00,18.65,6.54,17313.48,7222.25,286230.75,9.11
2022-03-25 19:12:58.320005,0.04,0.00,20.23,5.53,13432.07,5821.94,180744.38,7.53
2022-03-25 19:13:08.359754,0.05,0.00,17.80,4.65,10337.58,4661.29,112721.79,6.20
2022-03-25 19:13:18.414549,0.04,0.00,22.48,6.38,16670.12,6993.73,267223.19,8.85
2022-03-25 19:13:28.454197,0.04,0.00,21.68,6.08,15480.00,6567.43,233648.78,8.38
2022-03-25 19:13:38.494109,0.04,0.00,23.34,6.54,17313.48,7222.25,306927.56,9.37
2022-03-25 19:13:48.533553,0.04,0.00,22.07,6.38,16670.12,6993.73,249743.66,8.61
2022-03-25 19:13:58.588621,0.04,0.00,18.94,5.17,12136.65,5341.59,141828.56,6.82
2022-03-25 19:14:08.628136,0.04,0.00,19.57,5.17,12136.65,5341.59,159838.98,7.16
2022-03-25 19:14:18.667718,0.04,0.00,22.07,6.38,16670.12,6993.73,249743.66,8.61
2022-03-25 19:14:28.707676,0.04,0.00,22.90,6.38,16670.12,6993.73,286230.75,9.11
2022-03-25 19:14:38.762491,0.04,0.00,17.28,4.55,10023.05,4540.60,100932.89,5.92
2022-03-25 19:14:48.802181,0.04,0.00,20.93,5.93,14929.16,6368.47,205113.42,7.94
2022-03-25 19:14:58.842098,0.04,0.00,21.68,6.08,15480.00,6567.43,233648.78,8.38
2022-03-25 19:15:08.881927,0.04,0.00,23.34,6.89,18708.40,7713.41,306927.56,9.37
2022-03-25 19:15:18.936619,0.04,0.00,21.30,5.79,14405.32,6178.22,218810.33,8.15
2022-03-25 19:15:28.976464,0.04,0.00,18.94,5.17,12136.65,5341.59,141828.56,6.82
2022-03-25 19:15:39.016331,0.04,0.00,21.30,5.93,14929.16,6368.47,218810.33,8.61
2022-03-25 19:15:49.055606,0.04,0.00,21.68,6.23,16059.67,6775.67,218810.33,8.15
2022-03-25 19:15:59.110702,0.04,0.00,23.79,6.54,14405.32,6178.22,233648.78,8.38
2022-03-25 19:16:09.149877,0.04,0.00,19.57,4.65,10337.58,4661.29,112721.79,6.20
2022-03-25 19:16:19.189587,0.05,0.00,22.07,6.08,15480.00,6567.43,249743.66,8.61
2022-03-25 19:16:29.229510,0.04,0.00,23.34,6.71,17992.07,7461.91,306927.56,9.37
2022-03-25 19:16:39.269125,0.05,0.00,17.03,4.37,9432.93,4312.58,95607.69,5.79
2022-03-25 19:16:49.324179,0.04,0.00,22.07,6.38,16670.12,6993.73,249743.66,8.61
2022-03-25 19:16:59.364157,0.04,0.00,21.30,6.23,16059.67,6775.67,218810.33,8.15
2022-03-25 19:17:09.403827,0.04,0.00,23.79,7.07,19465.23,7977.56,329495.09,9.65
2022-03-25 19:17:19.443388,0.04,0.00,23.79,7.07,19465.23,7977.56,329495.09,9.65
2022-03-25 19:17:29.498558,0.04,0.00,18.65,4.95,11368.20,5053.02,133760.59,6.65
2022-03-25 19:17:39.538429,0.04,0.00,22.48,6.38,16670.12,6993.73,267223.19,8.85
2022-03-25 19:17:49.577754,0.04,0.00,23.79,6.71,17992.07,7461.91,329495.09,9.65
2022-03-25 19:17:59.617281,0.04,0.00,23.34,6.71,17992.07,7461.91,306927.56,9.37
2022-03-25 19:18:09.671793,0.04,0.00,20.57,5.79,14405.32,6178.22,192455.52,7.73
2022-03-25 19:18:19.711686,0.04,0.00,18.94,5.17,12136.65,5341.59,141828.56,6.82
2022-03-25 19:18:29.751426,0.04,0.00,22.90,6.54,17313.48,7222.25,286230.75,9.11
2022-03-25 19:18:39.791292,0.03,0.00,25.25,7.46,21112.55,8547.26,410594.22,10.57
2022-03-25 19:18:49.846143,0.03,0.00,24.74,7.26,20265.53,8255.20,381083.03,10.25
2022-03-25 19:18:59.885850,0.04,0.00,22.90,6.71,17992.07,7461.91,286230.75,9.37
2022-03-25 19:19:09.925929,0.05,0.00,17.80,4.65,10337.58,4661.29,354136.78,9.94
2022-03-25 19:19:19.965332,0.04,0.00,22.90,6.54,17313.48,7461.91,329495.09,9.65
2022-03-25 19:19:30.020477,0.04,0.00,22.90,4.65,10337.58,4661.29,133760.59,6.65
2022-03-25 19:19:40.060291,0.04,0.00,22.90,6.71,17992.07,7461.91,286230.75,9.11
2022-03-25 19:19:50.099902,0.03,0.00,24.74,7.46,21112.55,8547.26,381083.03,10.25
2022-03-25 19:20:00.139556,0.03,0.00,24.74,7.26,20265.53,8255.20,381083.03,10.25
2022-03-25 19:20:10.194297,0.04,0.00,23.79,6.71,17992.07,7461.91,329495.09,9.65
2022-03-25 19:20:20.234019,0.05,0.00,18.65,4.95,11368.20,5053.02,133760.59,6.65
2022-03-25 19:20:30.273887,0.04,0.00,22.07,6.23,16059.67,6775.67,249743.66,8.61
2022-03-25 19:20:40.313620,0.03,0.00,25.77,7.46,21112.55,8547.26,442964.84,10.90
2022-03-25 19:20:50.368563,0.04,0.00,23.79,6.89,18708.40,7713.41,329495.09,9.65
2022-03-25 19:21:00.408370,0.04,0.00,24.26,7.07,19465.23,7977.56,354136.78,9.94
2022-03-25 19:21:10.447882,0.05,0.00,18.08,4.65,10337.58,4661.29,119250.13,6.35
2022-03-25 19:21:20.487766,0.04,0.00,21.30,5.93,14929.16,6368.47,218810.33,8.15
2022-03-25 19:21:30.542749,0.04,0.00,23.79,6.71,17992.07,7461.91,329495.09,9.65
2022-03-25 19:21:40.582805,0.04,0.00,23.79,6.71,17992.07,7461.91,329495.09,9.65
2022-03-25 19:21:50.622337,0.03,0.00,24.26,6.89,18708.40,7713.41,354136.78,9.94
2022-03-25 19:22:00.677129,0.04,0.00,18.94,4.95,11368.20,5053.02,141828.56,6.82
2022-03-25 19:22:10.716314,0.04,0.00,22.07,6.08,15480.00,6567.43,249743.66,8.61
2022-03-25 19:22:20.756216,0.04,0.00,22.90,6.54,17313.48,7222.25,286230.75,6.65
2022-03-25 19:22:30.796064,0.04,0.00,24.26,6.38,16670.12,6993.73,286230.75,9.11
2022-03-25 19:22:40.851148,0.04,0.00,23.79,7.07,19465.23,8255.20,442964.84,10.90
2022-03-25 19:22:50.891025,0.04,0.00,18.08,6.71,17992.07,7461.91,329495.09,9.65
2022-03-25 19:23:00.930936,0.04,0.00,24.74,7.26,20265.53,8255.20,381083.03,10.25
2022-03-25 19:23:10.970265,0.05,0.00,17.80,4.55,10023.05,4540.60,112721.79,6.20
2022-03-25 19:23:21.025445,0.04,0.00,22.90,6.71,17992.07,7461.91,286230.75,9.11
2022-03-25 19:23:31.065383,0.03,0.00,24.74,6.89,18708.40,7713.41,381083.03,10.25
2022-03-25 19:23:41.105344,0.04,0.00,23.79,6.89,18708.40,7713.41,329495.09,9.65
2022-03-25 19:23:51.144987,0.03,0.00,23.79,7.26,20265.53,8255.20,329495.09,9.65
2022-03-25 19:24:01.199902,0.04,0.00,18.94,5.06,11743.65,5194.37,141828.56,6.82
2022-03-25 19:24:11.239370,0.04,0.00,23.34,6.54,17313.48,7222.25,306927.56,9.37
2022-03-25 19:24:21.278836,0.04,0.00,23.79,6.38,16670.12,6993.73,329495.09,9.65
2022-03-25 19:24:31.333810,0.04,0.00,23.79,6.71,17992.07,7461.91,329495.09,9.65
2022-03-25 19:24:41.373440,0.04,0.00,22.90,6.54,17313.48,7222.25,286230.75,9.11
2022-03-25 19:24:51.413453,0.05,0.00,17.54,4.55,10023.05,4540.60,106627.32,6.06
2022-03-25 19:25:01.453273,0.04,0.00,23.34,6.71,17992.07,7461.91,306927.56,9.37
2022-03-25 19:25:11.493233,0.04,0.00,21.68,6.54,17313.48,7222.25,233648.78,8.38
2022-03-25 19:25:21.548213,0.03,0.00,24.26,7.07,19465.23,7977.56,354136.78,9.94
2022-03-25 19:25:31.587950,0.04,0.00,24.74,7.07,19465.23,7977.56,381083.03,10.25
2022-03-25 19:25:41.627785,0.04,0.00,18.94,5.17,12136.65,5341.59,141828.56,9.94
2022-03-25 19:25:51.667356,0.04,0.00,22.07,6.08,15480.00,6567.43,286230.75,9.11
2022-03-25 19:26:01.707316,0.04,0.00,23.79,6.71,17992.07,4204.82,95607.69,5.79
2022-03-25 19:26:11.761921,0.04,0.00,22.48,6.54,17313.48,7222.25,306927.56,9.37
2022-03-25 19:26:21.801876,0.04,0.00,22.48,6.23,16059.67,6775.67,267223.19,8.85
2022-03-25 19:26:31.841487,0.04,0.00,23.34,6.54,17313.48,7222.25,306927.56,9.37
2022-03-25 19:26:41.896495,0.04,0.00,22.90,6.38,16670.12,6993.73,286230.75,9.11
2022-03-25 19:26:51.936234,0.05,0.00,17.54,4.46,9721.74,4424.43,106627.32,6.06
2022-03-25 19:27:01.976233,0.04,0.00,22.07,6.23,16059.67,6775.67,249743.66,8.61
2022-03-25 19:27:12.015711,0.04,0.00,22.90,6.54,17313.48,7222.25,286230.75,9.11
2022-03-25 19:27:22.070817,0.04,0.00,23.79,6.89,18708.40,7713.41,329495.09,9.65
2022-03-25 19:27:32.110551,0.04,0.00,24.26,7.07,19465.23,7977.56,354136.78,9.94
2022-03-25 19:27:42.150287,0.04,0.00,18.65,4.95,11368.20,5053.02,133760.59,6.65
2022-03-25 19:27:52.189589,0.04,0.00,24.26,7.46,21112.55,8547.26,354136.78,9.94
2022-03-25 19:28:02.244845,0.03,0.00,25.25,7.46,21112.55,8547.26,410594.22,10.57
2022-03-25 19:28:12.284241,0.04,0.00,23.34,6.89,18708.40,7713.41,306927.56,9.37
2022-03-25 19:28:22.324293,0.04,0.00,22.48,6.54,17313.48,7222.25,267223.19,8.85
2022-03-25 19:28:32.379315,0.05,0.00,17.28,4.55,10023.05,4540.60,100932.89,5.92
2022-03-25 19:28:42.419191,0.03,0.00,23.79,7.07,19465.23,7977.56,329495.09,9.65
2022-03-25 19:28:52.459084,0.03,0.00,24.74,7.07,19465.23,7977.56,381083.03,10.25
2022-03-25 19:29:02.499029,0.04,0.00,22.48,6.38,16670.12,6993.73,267223.19,8.38
2022-03-25 19:29:12.554104,0.04,0.00,23.34,6.89,18708.40,7713.41,354136.78,9.94
2022-03-25 19:29:22.593907,0.04,0.00,20.23,5.66,13906.80,8547.26,306927.56,9.37
2022-03-25 19:29:32.633734,0.04,0.00,23.34,6.89,18708.40,7713.41,329495.09,9.65
2022-03-25 19:29:42.673313,0.04,0.00,16.78,4.37,9432.93,4312.58,90623.73,5.67
2022-03-25 19:29:52.727872,0.04,0.00,22.48,6.54,17313.48,7222.25,267223.19,8.85
2022-03-25 19:30:02.768012,0.04,0.00,18.36,4.95,11368.20,5053.02,126249.46,6.50
2022-03-25 19:30:12.807521,0.04,0.00,23.34,6.71,17992.07,7461.91,306927.56,9.37
2022-03-25 19:30:22.847264,0.04,0.00,22.48,6.38,16670.12,6993.73,267223.19,8.85
2022-03-25 19:30:32.901942,0.04,0.00,18.36,4.75,10666.06,4786.76,126249.46,6.50
2022-03-25 19:30:42.942064,0.04,0.00,24.26,6.89,18708.40,7713.41,354136.78,9.94
2022-03-25 19:30:52.982064,0.03,0.00,24.26,6.71,17992.07,7461.91,354136.78,9.94
2022-03-25 19:31:47.639819,0.05,0.00,17.03,4.37,9432.93,4312.58,95607.69,5.79
2022-03-25 19:31:57.647476,0.04,0.00,22.90,6.54,17313.48,7222.25,286230.75,9.11
2022-03-25 19:32:07.686891,0.04,0.00,19.89,5.41,12979.67,5655.02,169896.95,7.34
2022-03-25 19:32:17.741751,0.04,0.00,23.79,6.71,17992.07,7461.91,329495.09,9.65
2022-03-25 19:32:27.781832,0.04,0.00,23.79,7.07,19465.23,7977.56,329495.09,9.65
2022-03-25 19:32:37.821510,0.04,0.00,19.25,5.29,12548.27,5495.03,150503.08,6.99
2022-03-25 19:32:47.876578,0.04,0.00,22.90,6.71,17992.07,7461.91,286230.75,9.11
2022-03-25 19:32:57.916392,0.04,0.00,22.90,6.54,17313.48,7222.25,286230.75,9.11
2022-03-25 19:33:07.956015,0.04,0.00,22.07,6.08,15480.00,6567.43,249743.66,8.61
2022-03-25 19:33:17.995782,0.04,0.00,20.23,5.41,12979.67,5655.02,180744.38,7.53
2022-03-25 19:33:28.035851,0.04,0.00,20.23,5.66,13906.80,5996.20,180744.38,7.53
2022-03-25 19:33:38.090889,0.04,0.00,22.07,6.23,16059.67,6775.67,249743.66,8.61
2022-03-25 19:33:48.130290,0.04,0.00,23.79,6.54,17313.48,7222.25,329495.09,9.65
2022-03-25 19:33:58.170008,0.04,0.00,24.26,7.07,19465.23,7977.56,354136.78,9.94
2022-03-25 19:34:08.209509,0.04,0.00,20.23,5.06,11743.65,5194.37,180744.38,7.53
2022-03-25 19:34:18.264587,0.04,0.00,21.30,6.08,15480.00,6567.43,218810.33,8.15
2022-03-25 19:34:28.304596,0.04,0.00,23.34,6.71,17992.07,7461.91,306927.56,10.25
2022-03-25 19:34:38.344217,0.04,0.00,22.90,6.54,17313.48,7222.25,106627.32,6.06
2022-03-25 19:34:48.384061,0.04,0.00,22.90,6.71,17992.07,7222.25,286230.75,9.11
2022-03-25 19:34:58.439206,0.05,0.00,17.80,6.71,17992.07,7461.91,286230.75,9.11
2022-03-25 19:35:08.479056,0.04,0.00,22.90,6.71,17992.07,7461.91,286230.75,9.11
2022-03-25 19:35:18.519222,0.04,0.00,22.07,6.23,16059.67,6775.67,249743.66,8.61
2022-03-25 19:35:28.558720,0.05,0.00,17.80,4.85,11009.32,4917.25,112721.79,6.20
2022-03-25 19:35:38.613850,0.04,0.00,21.68,6.23,16059.67,6775.67,233648.78,8.38
2022-03-25 19:35:48.653025,0.04,0.00,21.68,6.08,15480.00,6567.43,233648.78,8.38
2022-03-25 19:35:58.692705,0.04,0.00,21.30,6.38,16670.12,6993.73,218810.33,8.15
2022-03-25 19:36:08.732334,0.04,0.00,18.36,4.95,11368.20,5053.02,126249.46,6.50
2022-03-25 19:36:18.772094,0.05,0.00,18.94,5.41,12979.67,5655.02,141828.56,6.82
2022-03-25 19:36:28.827125,0.04,0.00,21.68,6.38,16670.12,6993.73,233648.78,8.38
2022-03-25 19:36:38.866950,0.04,0.00,23.79,6.89,18708.40,7713.41,329495.09,9.65
2022-03-25 19:36:48.906581,0.04,0.00,22.48,6.71,17992.07,7461.91,267223.19,8.85
2022-03-25 19:36:58.946829,0.04,0.00,21.68,6.38,16670.12,6993.73,233648.78,8.38
2022-03-25 19:37:09.001565,0.04,0.00,22.48,6.71,17992.07,7461.91,267223.19,8.85
2022-03-25 19:37:19.041443,0.04,0.00,23.79,6.89,18708.40,7713.41,329495.09,9.65
2022-03-25 19:37:29.081179,0.04,0.00,22.48,6.71,17992.07,7461.91,267223.19,8.85
2022-03-25 19:37:39.136209,0.03,0.00,23.79,7.46,21112.55,8547.26,329495.09,9.65
2022-03-25 19:37:49.175493,0.04,0.00,18.65,5.06,11743.65,5194.37,133760.59,9.11
2022-03-25 19:37:59.215340,0.04,0.00,23.79,6.89,18708.40,7713.41,329495.09,9.65
2022-03-25 19:38:09.254594,0.04,0.00,20.57,5.79,14405.32,5495.03,141828.56,6.82
2022-03-25 19:38:19.294206,0.03,0.00,24.26,7.26,9155.97,4204.82,95607.69,5.79
2022-03-25 19:38:29.349507,0.04,0.00,22.48,6.54,17313.48,7222.25,267223.19,8.85
2022-03-25 19:38:39.389173,0.04,0.00,22.90,6.71,17992.07,7461.91,286230.75,9.11
2022-03-25 19:38:49.429058,0.04,0.00,24.26,6.71,17992.07,7461.91,354136.78,9.94
2022-03-25 19:38:59.468769,0.04,0.00,20.93,5.93,14929.16,6368.47,205113.42,7.94
2022-03-25 19:39:09.523737,0.05,0.00,17.28,4.55,10023.05,4540.60,100932.89,5.92
2022-03-25 19:39:19.563554,0.04,0.00,20.57,5.79,14405.32,6178.22,192455.52,7.73
2022-03-25 19:39:29.603603,0.04,0.00,22.90,6.89,18708.40,7713.41,286230.75,9.11
2022-03-25 19:39:39.643039,0.04,0.00,23.79,6.71,17992.07,7461.91,329495.09,9.65
2022-03-25 19:39:49.697614,0.04,0.00,23.34,6.89,18708.40,7713.41,306927.56,9.37
2022-03-25 19:39:59.737453,0.04,0.00,21.68,6.23,16059.67,6775.67,233648.78,8.38
2022-03-25 19:40:09.776641,0.04,0.00,19.57,5.17,12136.65,5341.59,159838.98,7.16
2022-03-25 19:40:19.816125,0.04,0.00,22.07,6.89,18708.40,7713.41,249743.66,8.61
2022-03-25 19:40:29.870918,0.03,0.00,23.34,6.89,18708.40,7713.41,306927.56,9.37
2022-03-25 19:40:39.910602,0.05,0.00,17.54,4.65,10337.58,4661.29,106627.32,6.06
2022-03-25 19:40:49.950648,0.04,0.00,23.34,7.07,19465.23,7977.56,306927.56,9.37
2022-03-25 19:41:00.005391,0.04,0.00,23.34,6.71,17992.07,7461.91,306927.56,9.37
2022-03-25 19:41:10.045254,0.04,0.00,23.34,6.71,17992.07,7461.91,306927.56,6.65
2022-03-25 19:41:20.085045,0.03,0.00,24.26,7.26,20265.53,8255.20,249743.66,8.61
2022-03-25 19:41:30.124591,0.05,0.00,17.80,4.65,10337.58,7222.25,286230.75,9.11
2022-03-25 19:41:40.179504,0.04,0.00,22.48,6.23,21112.55,8547.26,381083.03,10.25
2022-03-25 19:41:50.218643,0.04,0.00,23.79,7.07,19465.23,7977.56,329495.09,9.65
2022-03-25 19:42:00.258500,0.03,0.00,20.93,6.08,15480.00,6567.43,205113.42,7.94
2022-03-25 19:42:10.297842,0.04,0.00,23.34,6.23,16059.67,6775.67,306927.56,9.37
2022-03-25 19:42:20.337734,0.04,0.00,22.90,6.71,17992.07,7461.91,286230.75,9.11
2022-03-25 19:42:30.392762,0.03,0.00,25.25,7.46,21112.55,8547.26,410594.22,10.57
2022-03-25 19:42:40.432536,0.03,0.00,18.08,4.75,10666.06,4786.76,119250.13,6.35
2022-03-25 19:42:50.472007,0.03,0.00,24.74,7.26,20265.53,8255.20,381083.03,10.25
2022-03-25 19:43:00.527058,0.03,0.00,24.74,7.26,20265.53,8255.20,381083.03,10.25
2022-03-25 19:43:10.566865,0.04,0.00,22.90,6.38,16670.12,6993.73,286230.75,9.11
2022-03-25 19:43:20.606351,0.03,0.00,25.25,7.26,20265.53,8255.20,410594.22,10.57
2022-03-25 19:43:30.646133,0.05,0.00,18.08,5.06,11743.65,5194.37,119250.13,6.35
2022-03-25 19:43:40.701118,0.04,0.00,23.79,6.89,18708.40,7713.41,329495.09,9.65
2022-03-25 19:43:50.740511,0.03,0.00,24.26,7.07,19465.23,7977.56,354136.78,9.94
2022-03-25 19:44:00.780105,0.03,0.00,24.74,7.26,20265.53,8255.20,381083.03,10.25
2022-03-25 19:44:10.819429,0.04,0.00,21.68,6.23,16059.67,6775.67,233648.78,8.38
2022-03-25 19:44:20.874311,0.04,0.00,18.65,5.06,11743.65,5194.37,133760.59,6.65
2022-03-25 19:44:30.914209,0.03,0.00,25.25,7.46,21112.55,8547.26,410594.22,7.73
2022-03-25 19:44:40.953817,0.04,0.00,23.34,6.71,17992.07,7461.91,106627.32,6.06
2022-03-25 19:44:50.993628,0.04,0.00,21.68,6.23,16059.67,6993.73,306927.56,9.37
2022-03-25 19:45:01.034029,0.04,0.00,21.30,6.08,17992.07,7461.91,306927.56,9.37
2022-03-25 19:45:11.088509,0.04,0.00,22.48,7.26,20265.53,8255.20,267223.19,8.85
2022-03-25 19:45:21.128322,0.04,0.00,21.68,6.08,15480.00,6567.43,233648.78,8.38
2022-03-25 19:45:31.167921,0.05,0.00,17.03,4.29,9155.97,4204.82,95607.69,5.79
2022-03-25 19:45:41.223231,0.04,0.00,22.07,5.93,14929.16,6368.47,249743.66,8.61
2022-03-25 19:45:51.262870,0.04,0.00,23.34,6.89,18708.40,7713.41,306927.56,9.37
2022-03-25 19:46:01.302538,0.04,0.00,20.23,6.38,16670.12,6993.73,180744.38,7.53
2022-03-25 19:46:11.342056,0.04,0.00,22.48,6.38,16670.12,6993.73,267223.19,8.85
2022-03-25 19:46:21.381331,0.04,0.00,23.34,6.54,17313.48,7222.25,306927.56,9.37
2022-03-25 19:46:31.436456,0.03,0.00,23.34,6.71,17992.07,7461.91,306927.56,9.37
2022-03-25 19:46:41.476349,0.04,0.00,22.90,6.71,17992.07,7461.91,286230.75,9.11
2022-03-25 19:46:51.516055,0.03,0.00,25.25,7.46,21112.55,8547.26,410594.22,10.57
2022-03-25 19:47:01.555664,0.05,0.00,17.54,4.65,10337.58,4661.29,106627.32,6.06
2022-03-25 19:47:11.610557,0.04,0.00,21.68,6.23,16059.67,6775.67,233648.78,8.38
2022-03-25 19:47:21.650534,0.04,0.00,23.34,6.71,17992.07,7461.91,306927.56,9.37
2022-03-25 19:47:31.690376,0.04,0.00,23.79,6.54,17313.48,7222.25,329495.09,9.65
2022-03-25 19:47:41.745243,0.04,0.00,24.26,6.89,18708.40,7713.41,354136.78,9.94
2022-03-25 19:47:51.784752,0.05,0.00,17.80,4.65,10337.58,4661.29,112721.79,6.20
2022-03-25 19:48:01.824556,0.04,0.00,22.90,6.38,16670.12,6993.73,205113.42,7.94
2022-03-25 19:48:11.863818,0.04,0.00,23.34,6.71,17992.07,4917.25,126249.46,6.50
2022-03-25 19:48:21.918728,0.04,0.00,22.07,6.38,17992.07,7461.91,286230.75,9.11
2022-03-25 19:48:31.958639,0.04,0.00,24.74,7.46,21112.55,8547.26,381083.03,10.25
2022-03-25 19:48:41.998440,0.04,0.00,24.26,7.07,19465.23,7977.56,354136.78,9.94
2022-03-25 19:48:52.038327,0.03,0.00,24.26,7.26,20265.53,8255.20,354136.78,9.94
2022-03-25 19:49:02.077924,0.04,0.00,20.57,5.79,14405.32,6178.22,192455.52,7.73
2022-03-25 19:49:12.133082,0.03,0.00,25.25,7.67,22009.87,8854.74,410594.22,10.57
2022-03-25 19:49:22.172959,0.04,0.00,22.90,6.71,17992.07,7461.91,286230.75,9.11
2022-03-25 19:49:32.212878,0.03,0.00,24.26,7.26,20265.53,8255.20,354136.78,9.94
2022-03-25 19:49:42.267885,0.05,0.00,18.08,4.75,10666.06,4786.76,119250.13,6.35
2022-03-25 19:49:52.307442,0.03,0.00,24.74,7.26,20265.53,8255.20,381083.03,10.25
2022-03-25 19:50:02.347140,0.04,0.00,21.30,6.08,15480.00,6567.43,218810.33,8.15
2022-03-25 19:50:12.386305,0.03,0.00,24.74,7.46,21112.55,8547.26,381083.03,10.25
2022-03-25 19:50:22.441297,0.03,0.00,24.74,7.26,20265.53,8255.20,381083.03,10.25
2022-03-25 19:50:32.481011,0.05,0.00,18.36,4.75,10666.06,4786.76,126249.46,6.50
2022-03-25 19:50:42.520683,0.04,0.00,24.26,7.07,19465.23,7977.56,354136.78,9.94
2022-03-25 19:50:52.560631,0.04,0.00,24.26,6.71,17992.07,7461.91,354136.78,9.94
2022-03-25 19:51:02.600379,0.04,0.00,21.30,5.66,13906.80,5996.20,218810.33,8.15
2022-03-25 19:51:12.655460,0.04,0.00,24.26,6.89,18708.40,7713.41,354136.78,9.94
2022-03-25 19:51:22.695327,0.04,0.00,20.23,5.53,13432.07,5821.94,517670.88,11.63
2022-03-25 19:51:32.734798,0.04,0.00,23.79,7.26,20265.53,8255.20,381083.03,10.25
2022-03-25 19:51:42.774632,0.04,0.00,23.79,6.89,10666.06,4786.76,119250.13,6.35
2022-03-25 19:51:52.829355,0.03,0.00,27.47,6.89,18708.40,7713.41,381083.03,10.25
2022-03-25 19:52:02.869427,0.05,0.00,22.48,6.23,16059.67,6775.67,267223.19,8.85
2022-03-25 19:52:12.908629,0.04,0.00,23.79,6.54,17313.48,7222.25,329495.09,9.65
2022-03-25 19:52:22.963309,0.04,0.00,25.25,7.07,19465.23,7977.56,410594.22,10.57
2022-03-25 19:52:33.003265,0.04,0.00,22.48,6.54,17313.48,7222.25,267223.19,8.85
2022-03-25 19:52:43.043132,0.03,0.00,25.77,7.46,21112.55,8547.26,442964.84,10.90
2022-03-25 19:52:53.082926,0.04,0.00,23.79,6.89,18708.40,7713.41,329495.09,9.65
2022-03-25 19:53:03.122639,0.04,0.00,23.79,6.71,17992.07,7461.91,329495.09,9.65
2022-03-25 19:53:13.177682,0.05,0.00,18.36,4.75,10666.06,4786.76,126249.46,6.50
2022-03-25 19:53:23.217540,0.04,0.00,23.34,6.54,17313.48,7222.25,306927.56,9.37
2022-03-25 19:53:33.257513,0.04,0.00,22.48,6.08,15480.00,6567.43,267223.19,8.85
2022-03-25 19:53:43.312616,0.04,0.00,23.79,6.89,18708.40,7713.41,329495.09,9.65
2022-03-25 19:53:53.352249,0.04,0.00,23.79,6.89,18708.40,7713.41,329495.09,9.65
2022-03-25 19:54:03.392073,0.05,0.00,17.54,4.37,9432.93,4312.58,106627.32,6.06
2022-03-25 19:54:13.431502,0.04,0.00,22.48,6.08,15480.00,6567.43,267223.19,8.85
2022-03-25 19:54:23.486564,0.04,0.00,24.26,6.71,17992.07,7461.91,354136.78,9.94
2022-03-25 19:54:33.526119,0.04,0.00,23.79,6.71,17992.07,7461.91,329495.09,9.65
2022-03-25 19:54:43.565978,0.04,0.00,22.90,6.38,16670.12,6993.73,286230.75,9.65
2022-03-25 19:54:53.605879,0.05,0.00,17.28,4.29,9155.97,4204.82,306927.56,9.37
2022-03-25 19:55:03.660764,0.04,0.00,23.34,6.54,16059.67,6775.67,267223.19,8.85
2022-03-25 19:55:13.700761,0.04,0.00,22.48,4.46,9721.74,4424.43,106627.32,6.06
2022-03-25 19:55:23.740364,0.04,0.00,22.07,6.08,15480.00,6567.43,249743.66,8.61
2022-03-25 19:55:33.780306,0.04,0.00,23.79,6.71,17992.07,7461.91,329495.09,9.65
2022-03-25 19:55:43.835054,0.04,0.00,23.34,6.54,17313.48,7222.25,306927.56,9.37
2022-03-25 19:55:53.874709,0.04,0.00,24.26,6.71,17992.07,7461.91,354136.78,9.94
2022-03-25 19:56:03.914307,0.05,0.00,17.28,4.37,9432.93,4312.58,100932.89,5.92
2022-03-25 19:56:13.968789,0.04,0.00,21.68,6.08,15480.00,6567.43,233648.78,8.38
2022-03-25 19:56:24.008556,0.04,0.00,23.79,6.89,18708.40,7713.41,329495.09,9.65
2022-03-25 19:56:34.048408,0.04,0.00,22.07,6.38,16670.12,6993.73,249743.66,8.61
2022-03-25 19:56:44.088317,0.04,0.00,22.48,6.54,17313.48,7222.25,267223.19,8.85
2022-03-25 19:56:54.143318,0.05,0.00,18.08,4.65,10337.58,4661.29,119250.13,6.35
2022-03-25 19:57:04.183104,0.04,0.00,22.48,6.38,16670.12,6993.73,267223.19,8.85
2022-03-25 19:57:14.223086,0.04,0.00,23.34,6.71,17992.07,7461.91,306927.56,9.37
2022-03-25 19:57:24.262713,0.04,0.00,23.34,6.89,18708.40,7713.41,306927.56,9.37
2022-03-25 19:57:34.302747,0.04,0.00,22.48,6.38,16670.12,6993.73,267223.19,8.85
2022-03-25 19:57:44.357699,0.05,0.00,16.55,4.13,8635.17,4000.85,85955.38,5.54
2022-03-25 19:57:54.397268,0.04,0.00,22.90,6.54,17313.48,7222.25,286230.75,9.11
2022-03-25 19:58:04.437493,0.04,0.00,22.90,6.54,17313.48,7222.25,100932.89,5.92
2022-03-25 19:58:14.491821,0.04,0.00,22.90,6.23,16059.67,6775.67,267223.19,8.85
2022-03-25 19:58:24.531741,0.04,0.00,22.48,6.38,17992.07,7461.91,267223.19,8.85
2022-03-25 19:58:34.571460,0.04,0.00,18.65,6.08,15480.00,6567.43,249743.66,8.61
2022-03-25 19:58:44.611451,0.04,0.00,22.90,6.54,17313.48,7222.25,286230.75,9.11
2022-03-25 19:58:54.651244,0.05,0.00,18.36,4.75,10666.06,4786.76,126249.46,6.50
2022-03-25 19:59:04.706224,0.04,0.00,22.07,6.23,16059.67,6775.67,249743.66,8.61
2022-03-25 19:59:14.746093,0.04,0.00,22.48,6.23,16059.67,6775.67,267223.19,8.85
2022-03-25 19:59:24.785772,0.04,0.00,23.79,6.89,18708.40,7713.41,329495.09,9.65
2022-03-25 19:59:34.825684,0.04,0.00,23.34,6.54,17313.48,7222.25,306927.56,9.37
2022-03-25 19:59:44.880479,0.05,0.00,17.28,4.29,9155.97,4204.82,100932.89,5.92
2022-03-25 19:59:54.920305,0.04,0.00,20.93,5.53,13432.07,5821.94,205113.42,7.94
2022-03-25 20:00:04.960051,0.04,0.00,24.26,6.89,18708.40,7713.41,354136.78,9.94
2022-03-25 20:00:15.014813,0.04,0.00,22.48,6.38,16670.12,6993.73,267223.19,8.85
2022-03-25 20:00:25.054797,0.04,0.00,22.07,6.23,16059.67,6775.67,249743.66,8.61
2022-03-25 20:00:35.094420,0.05,0.00,18.08,4.65,10337.58,4661.29,119250.13,6.35
2022-03-25 20:00:45.134131,0.04,0.00,22.90,6.71,17992.07,7461.91,286230.75,9.11
2022-03-25 20:00:55.189153,0.04,0.00,21.68,6.38,16670.12,6993.73,233648.78,8.38
2022-03-25 20:01:05.228977,0.04,0.00,23.79,6.71,17992.07,7461.91,329495.09,9.65
2022-03-25 20:01:15.268567,0.04,0.00,22.90,6.38,16670.12,6993.73,286230.75,9.11
2022-03-25 20:01:25.308412,0.04,0.00,22.07,6.71,17992.07,7461.91,249743.66,9.65
2022-03-25 20:01:35.348358,0.04,0.00,23.79,6.71,17992.07,7461.91,306927.56,9.37
2022-03-25 20:01:45.403237,0.04,0.00,25.25,7.46,11743.65,5194.37,141828.56,6.82
2022-03-25 20:01:55.443067,0.04,0.00,25.25,7.07,19465.23,7977.56,381083.03,10.25
2022-03-25 20:02:05.483084,0.04,0.00,24.26,6.71,17992.07,7461.91,354136.78,9.94
2022-03-25 20:02:15.537725,0.04,0.00,24.26,6.54,17313.48,7222.25,354136.78,9.94
2022-03-25 20:02:25.577761,0.04,0.00,24.74,7.07,19465.23,7977.56,381083.03,10.25
2022-03-25 20:02:35.617393,0.05,0.00,18.36,4.85,11009.32,4917.25,126249.46,6.50
2022-03-25 20:02:45.657447,0.03,0.00,24.74,7.26,20265.53,8255.20,381083.03,10.25
2022-03-25 20:02:55.712246,0.04,0.00,24.26,6.71,17992.07,7461.91,354136.78,9.94
2022-03-25 20:03:05.752032,0.04,0.00,22.48,6.23,16059.67,6775.67,267223.19,8.85
2022-03-25 20:03:15.792175,0.04,0.00,24.74,6.89,18708.40,7713.41,381083.03,10.25
2022-03-25 20:03:25.831763,0.04,0.00,22.07,5.93,14929.16,6368.47,249743.66,8.61
2022-03-25 20:03:35.871740,0.04,0.00,24.26,7.46,21112.55,8547.26,354136.78,9.94
2022-03-25 20:03:45.926531,0.04,0.00,23.79,6.38,16670.12,6993.73,329495.09,9.65
2022-03-25 20:03:55.966328,0.04,0.00,24.74,6.89,18708.40,7713.41,381083.03,10.25
2022-03-25 20:04:06.006166,0.04,0.00,18.65,4.75,10666.06,4786.76,133760.59,6.65
2022-03-25 20:04:16.060872,0.04,0.00,23.79,6.54,17313.48,7222.25,329495.09,9.65
2022-03-25 20:04:26.100801,0.04,0.00,25.25,7.46,21112.55,8547.26,410594.22,10.57
2022-03-25 20:04:36.140655,0.03,0.00,24.26,6.71,17992.07,7461.91,354136.78,9.94
2022-03-25 20:04:46.180450,0.04,0.00,22.48,6.23,16059.67,6775.67,267223.19,9.94
2022-03-25 20:04:56.235612,0.04,0.00,19.25,5.06,11743.65,5194.37,410594.22,10.57
2022-03-25 20:05:06.275356,0.04,0.00,25.77,7.67,18708.40,7713.41,354136.78,9.94
2022-03-25 20:05:16.315422,0.04,0.00,24.26,6.38,16670.12,6993.73,306927.56,9.37
2022-03-25 20:05:26.355522,0.03,0.00,24.26,7.46,21112.55,8547.26,354136.78,9.94
2022-03-25 20:05:36.410181,0.04,0.00,24.26,6.71,17992.07,7461.91,354136.78,9.94
2022-03-25 20:05:46.449620,0.03,0.00,25.77,7.89,22961.39,9178.73,442964.84,10.90
2022-03-25 20:05:56.489525,0.04,0.00,25.25,7.07,19465.23,7977.56,410594.22,10.57
2022-03-25 20:06:06.528946,0.05,0.00,16.31,3.83,7711.02,3634.23,81579.20,5.43
2022-03-25 20:06:16.583973,0.03,0.00,25.77,7.26,20265.53,8255.20,442964.84,10.90
2022-03-25 20:06:26.623840,0.03,0.00,25.25,7.46,21112.55,8547.26,410594.22,10.57
2022-03-25 20:06:36.663871,0.03,0.00,25.77,7.26,20265.53,8255.20,442964.84,10.90
2022-03-25 20:06:46.703834,0.03,0.00,26.31,7.46,21112.55,8547.26,478530.22,11.26
2022-03-25 20:06:56.758789,0.05,0.00,17.80,4.75,10666.06,4786.76,112721.79,6.20
2022-03-25 20:07:06.798714,0.04,0.00,22.48,6.54,17313.48,7222.25,267223.19,8.85
2022-03-25 20:07:16.838565,0.04,0.00,23.34,6.71,17992.07,7461.91,306927.56,9.37
2022-03-25 20:07:26.878666,0.03,0.00,24.74,7.26,20265.53,8255.20,381083.03,10.25
2022-03-25 20:07:36.933596,0.04,0.00,22.90,6.54,17313.48,7222.25,286230.75,9.11
2022-03-25 20:07:46.972967,0.05,0.00,17.80,4.75,10666.06,4786.76,112721.79,6.20
2022-03-25 20:07:57.012965,0.04,0.00,23.79,7.07,19465.23,7977.56,329495.09,9.65
2022-03-25 20:08:07.052183,0.04,0.00,22.07,6.23,16059.67,6775.67,249743.66,7.73
2022-03-25 20:08:17.107183,0.03,0.00,25.25,7.46,21112.55,8547.26,267223.19,8.85
2022-03-25 20:08:27.147130,0.04,0.00,23.34,6.89,17313.48,7222.25,306927.56,9.37
2022-03-25 20:08:37.186880,0.05,0.00,17.54,6.71,17992.07,7461.91,286230.75,9.11
2022-03-25 20:08:47.242025,0.04,0.00,24.74,7.26,20265.53,8255.20,381083.03,10.25
2022-03-25 20:08:57.281844,0.04,0.00,20.23,5.66,13906.80,5996.20,180744.38,7.53
2022-03-25 20:09:07.321713,0.04,0.00,23.34,6.71,17992.07,7461.91,306927.56,9.37
2022-03-25 20:09:17.361612,0.04,0.00,22.90,6.71,17992.07,7461.91,286230.75,9.11
2022-03-25 20:09:27.416550,0.03,0.00,24.74,7.07,19465.23,7977.56,381083.03,10.25
2022-03-25 20:09:37.456546,0.04,0.00,24.74,7.07,19465.23,7977.56,381083.03,10.25
2022-03-25 20:09:47.495755,0.04,0.00,18.94,4.95,11368.20,5053.02,141828.56,6.82
2022-03-25 20:09:57.535401,0.04,0.00,23.79,6.54,17313.48,7222.25,329495.09,9.65
2022-03-25 20:10:07.590042,0.04,0.00,21.30,5.66,13906.80,5996.20,218810.33,8.15
2022-03-25 20:10:17.629571,0.04,0.00,23.79,6.89,18708.40,7713.41,329495.09,9.65
2022-03-25 20:10:27.669570,0.03,0.00,25.25,7.46,21112.55,8547.26,410594.22,10.57
2022-03-25 20:10:37.709099,0.04,0.00,18.36,4.75,10666.06,4786.76,126249.46,6.50
2022-03-25 20:10:47.764087,0.04,0.00,22.90,6.38,16670.12,6993.73,286230.75,9.11
2022-03-25 20:10:57.803995,0.03,0.00,25.77,7.46,21112.55,8547.26,442964.84,10.90
2022-03-25 20:11:07.844065,0.03,0.00,24.74,7.26,20265.53,8255.20,381083.03,10.25
2022-03-25 20:11:17.898973,0.04,0.00,24.74,7.07,19465.23,7977.56,381083.03,10.25
2022-03-25 20:11:27.938695,0.04,0.00,18.65,4.95,11368.20,5053.02,133760.59,10.25
2022-03-25 20:11:37.978324,0.04,0.00,24.26,6.71,17992.07,7461.91,442964.84,10.90
2022-03-25 20:11:48.017764,0.03,0.00,25.25,7.46,11743.65,5194.37,150503.08,6.99
2022-03-25 20:11:58.057527,0.04,0.00,24.26,7.07,19465.23,7977.56,354136.78,9.94
2022-03-25 20:12:08.096789,0.05,0.00,21.68,5.93,14929.16,6368.47,233648.78,8.38
2022-03-25 20:12:18.151839,0.04,0.00,23.79,7.07,19465.23,7977.56,329495.09,9.65
2022-03-25 20:12:28.191954,0.03,0.00,25.25,7.26,20265.53,8255.20,410594.22,10.57
2022-03-25 20:12:38.231664,0.04,0.00,18.94,5.06,11743.65,5194.37,141828.56,6.82
2022-03-25 20:12:48.286891,0.03,0.00,26.31,7.46,21112.55,8547.26,478530.22,11.26
2022-03-25 20:12:58.326854,0.04,0.00,23.34,6.54,17313.48,7222.25,306927.56,9.37
2022-03-25 20:13:08.366808,0.03,0.00,24.74,7.26,20265.53,8255.20,381083.03,10.25
2022-03-25 20:13:18.406679,0.03,0.00,24.74,7.26,20265.53,8255.20,381083.03,10.25
2022-03-25 20:13:28.446359,0.04,0.00,18.94,4.95,11368.20,5053.02,141828.56,6.82
2022-03-25 20:13:38.501485,0.04,0.00,23.79,7.07,19465.23,7977.56,329495.09,9.65
2022-03-25 20:13:48.540774,0.04,0.00,23.79,6.89,18708.40,7713.41,329495.09,9.65
2022-03-25 20:13:58.580525,0.04,0.00,20.57,5.66,13906.80,5996.20,192455.52,7.73
2022-03-25 20:14:08.620300,0.04,0.00,20.57,5.79,14405.32,6178.22,192455.52,7.73
2022-03-25 20:14:18.675048,0.05,0.00,18.08,4.85,11009.32,4917.25,119250.13,6.35
2022-03-25 20:14:28.715011,0.04,0.00,22.90,6.71,17992.07,7461.91,286230.75,9.11
2022-03-25 20:14:38.754857,0.04,0.00,22.90,6.38,16670.12,6993.73,286230.75,9.11
2022-03-25 20:14:48.794572,0.03,0.00,24.74,7.26,20265.53,8255.20,381083.03,9.65
2022-03-25 20:14:58.849735,0.04,0.00,24.26,7.07,19465.23,7977.56,517670.88,11.63
2022-03-25 20:15:08.889692,0.04,0.00,18.36,4.95,23971.39,9520.42,410594.22,10.57
2022-03-25 20:15:18.929823,0.04,0.00,22.07,7.46,21112.55,8547.26,381083.03,10.25
2022-03-25 20:15:28.969451,0.03,0.00,18.65,5.17,12136.65,5341.59,133760.59,6.65
2022-03-25 20:15:39.024505,0.04,0.00,24.74,7.07,19465.23,7977.56,381083.03,10.25
2022-03-25 20:15:49.063972,0.03,0.00,25.25,7.46,21112.55,8547.26,410594.22,10.57
2022-03-25 20:15:59.103476,0.03,0.00,25.25,7.46,21112.55,8547.26,410594.22,10.57
2022-03-25 20:16:09.143031,0.04,0.00,20.23,5.53,13432.07,5821.94,180744.38,7.53
2022-03-25 20:16:19.197905,0.04,0.00,19.25,5.06,11743.65,5194.37,150503.08,6.99
2022-03-25 20:16:29.237699,0.04,0.00,24.26,7.07,19465.23,7977.56,354136.78,9.94
2022-03-25 20:16:39.277426,0.04,0.00,22.90,6.71,17992.07,7461.91,286230.75,9.11
2022-03-25 20:16:49.317114,0.04,0.00,23.79,7.26,20265.53,8255.20,329495.09,9.65
2022-03-25 20:16:59.372084,0.04,0.00,22.90,6.54,17313.48,7222.25,286230.75,9.11
2022-03-25 20:17:09.411983,0.05,0.00,17.54,4.65,10337.58,4661.29,106627.32,6.06
2022-03-25 20:17:19.451670,0.03,0.00,25.77,7.46,21112.55,8547.26,442964.84,10.90
2022-03-25 20:17:29.506900,0.04,0.00,23.79,6.89,18708.40,7713.41,329495.09,9.65
2022-03-25 20:17:39.546611,0.03,0.00,24.74,7.26,20265.53,8255.20,381083.03,10.25
2022-03-25 20:17:49.586102,0.04,0.00,23.79,7.07,19465.23,7977.56,329495.09,9.65
2022-03-25 20:17:59.625915,0.04,0.00,20.57,5.29,12548.27,5495.03,192455.52,7.73
2022-03-25 20:18:09.680116,0.04,0.00,18.65,5.06,11743.65,5194.37,133760.59,7.73
2022-03-25 20:18:19.719753,0.04,0.00,22.48,6.38,16670.12,6993.73,126249.46,6.50
2022-03-25 20:18:29.759517,0.03,0.00,24.74,7.46,21112.55,7977.56,329495.09,9.65
2022-03-25 20:18:39.799447,0.04,0.00,18.65,7.26,20265.53,8255.20,381083.03,10.25
2022-03-25 20:18:49.839382,0.04,0.00,24.26,7.07,19465.23,7977.56,354136.78,9.94
2022-03-25 20:18:59.894362,0.04,0.00,23.79,7.07,19465.23,7977.56,329495.09,9.65
2022-03-25 20:19:09.934046,0.04,0.00,18.08,4.85,11009.32,4917.25,119250.13,6.35
2022-03-25 20:19:19.973955,0.04,0.00,23.79,7.07,19465.23,7977.56,329495.09,9.65
2022-03-25 20:19:30.029135,0.03,0.00,24.74,7.46,21112.55,8547.26,381083.03,10.25
2022-03-25 20:19:40.068943,0.03,0.00,24.74,7.07,19465.23,7977.56,381083.03,10.25
2022-03-25 20:19:50.108029,0.04,0.00,23.79,7.26,20265.53,8255.20,329495.09,9.65
2022-03-25 20:20:00.147819,0.05,0.00,18.08,5.06,11743.65,5194.37,119250.13,6.35
2022-03-25 20:20:10.202233,0.04,0.00,22.48,5.79,14405.32,6178.22,267223.19,8.85
2022-03-25 20:20:20.241809,0.04,0.00,22.48,6.54,17313.48,7222.25,267223.19,8.85
2022-03-25 20:20:30.281925,0.04,0.00,22.48,6.89,18708.40,7713.41,267223.19,8.85
2022-03-25 20:20:40.321715,0.04,0.00,23.79,6.89,18708.40,7713.41,329495.09,9.65
2022-03-25 20:20:50.361538,0.04,0.00,23.79,6.89,18708.40,7713.41,329495.09,9.65
2022-03-25 20:21:00.416624,0.03,0.00,23.79,6.71,17992.07,7461.91,329495.09,9.65
2022-03-25 20:21:10.456536,0.03,0.00,24.74,7.26,20265.53,8255.20,381083.03,10.25
2022-03-25 20:21:20.496387,0.03,0.00,24.74,7.26,20265.53,8255.20,381083.03,10.25
2022-03-25 20:21:30.535936,0.05,0.00,16.78,4.37,9432.93,4312.58,90623.73,9.94
2022-03-25 20:21:40.591188,0.04,0.00,21.68,6.54,17313.48,7222.25,354136.78,9.94
2022-03-25 20:21:50.630545,0.03,0.00,23.34,6.89,18708.40,9520.42,442964.84,10.90
2022-03-25 20:22:00.670220,0.04,0.00,22.90,6.89,18708.40,7713.41,249743.66,8.61
2022-03-25 20:22:10.725098,0.04,0.00,20.57,5.41,12979.67,5655.02,192455.52,7.73
2022-03-25 20:22:20.764794,0.04,0.00,22.07,6.54,17313.48,7222.25,249743.66,8.61
2022-03-25 20:22:30.804514,0.03,0.00,23.79,7.26,20265.53,8255.20,329495.09,9.65
2022-03-25 20:22:40.844223,0.05,0.00,16.78,4.55,10023.05,4540.60,90623.73,5.67
2022-03-25 20:22:50.884095,0.04,0.00,22.07,6.54,17313.48,7222.25,249743.66,8.61
2022-03-25 20:23:00.939127,0.04,0.00,23.34,6.71,17992.07,7461.91,306927.56,9.37
2022-03-25 20:23:10.978864,0.04,0.00,21.30,6.23,16059.67,6775.67,218810.33,8.15
2022-03-25 20:23:21.018707,0.03,0.00,24.26,7.07,19465.23,7977.56,354136.78,9.94
2022-03-25 20:23:31.058445,0.04,0.00,17.80,4.46,9721.74,4424.43,112721.79,6.20
2022-03-25 20:23:41.113827,0.04,0.00,23.34,7.07,19465.23,7977.56,306927.56,9.37
2022-03-25 20:23:51.153111,0.04,0.00,22.48,6.54,17313.48,7222.25,267223.19,8.85
2022-03-25 20:24:01.193222,0.04,0.00,21.68,6.23,16059.67,6775.67,233648.78,8.38
2022-03-25 20:24:11.247715,0.03,0.00,24.74,7.26,20265.53,8255.20,381083.03,10.25
2022-03-25 20:24:21.287148,0.05,0.00,17.80,4.85,11009.32,4917.25,112721.79,6.20
2022-03-25 20:24:31.326843,0.04,0.00,23.79,7.07,19465.23,7977.56,329495.09,9.65
2022-03-25 20:24:41.366661,0.04,0.00,21.68,6.23,16059.67,6775.67,233648.78,8.38
2022-03-25 20:24:51.406635,0.04,0.00,22.90,7.26,20265.53,8255.20,286230.75,7.53
2022-03-25 20:25:01.461583,0.04,0.00,22.07,6.23,16059.67,6775.67,249743.66,8.61
2022-03-25 20:25:11.501213,0.04,0.00,17.80,4.65,10337.58,7713.41,306927.56,9.37
2022-03-25 20:25:21.541181,0.04,0.00,22.07,6.54,17313.48,7222.25,267223.19,8.85
2022-03-25 20:25:31.580953,0.04,0.00,19.57,4.65,10337.58,4661.29,159838.98,7.16
2022-03-25 20:25:41.621012,0.04,0.00,22.07,6.54,17313.48,7222.25,249743.66,8.61
2022-03-25 20:25:51.675456,0.04,0.00,22.90,6.54,17313.48,7222.25,286230.75,9.11
2022-03-25 20:26:01.715345,0.04,0.00,21.68,6.23,16059.67,6775.67,233648.78,8.38
2022-03-25 20:26:11.754837,0.03,0.00,22.90,6.89,18708.40,7713.41,286230.75,9.11
2022-03-25 20:26:21.809748,0.04,0.00,18.08,4.85,11009.32,4917.25,119250.13,6.35
2022-03-25 20:26:31.849756,0.03,0.00,23.79,7.07,19465.23,7977.56,329495.09,9.65
2022-03-25 20:26:41.889599,0.04,0.00,23.34,6.89,18708.40,7713.41,306927.56,9.37
2022-03-25 20:26:51.929054,0.04,0.00,21.30,5.93,14929.16,6368.47,218810.33,8.15
2022-03-25 20:27:01.983978,0.04,0.00,23.79,7.46,21112.55,8547.26,329495.09,9.65
2022-03-25 20:27:12.023764,0.05,0.00,16.78,4.29,9155.97,4204.82,90623.73,5.67
2022-03-25 20:27:22.063388,0.04,0.00,23.34,6.89,18708.40,7713.41,306927.56,9.37
2022-03-25 20:27:32.103282,0.04,0.00,21.30,6.23,16059.67,6775.67,218810.33,8.15
2022-03-25 20:27:42.143061,0.03,0.00,24.26,7.07,19465.23,7977.56,354136.78,9.94
2022-03-25 20:27:52.197839,0.04,0.00,22.48,5.79,14405.32,6178.22,267223.19,8.85
2022-03-25 20:28:02.238209,0.05,0.00,18.08,4.75,10666.06,4786.76,119250.13,6.35
2022-03-25 20:28:12.276976,0.03,0.00,24.74,7.07,19465.23,7977.56,381083.03,8.61
2022-03-25 20:28:22.331886,0.04,0.00,23.79,6.89,18708.40,7713.41,100932.89,5.92
2022-03-25 20:28:32.371750,0.04,0.00,22.48,6.54,17313.48,7222.25,286230.75,9.11
2022-03-25 20:28:42.411758,0.04,0.00,22.48,6.71,17992.07,7461.91,306927.56,9.37
2022-03-25 20:28:52.451599,0.05,0.00,24.74,7.26,20265.53,8255.20,381083.03,10.25
2022-03-25 20:29:02.506322,0.04,0.00,22.90,6.54,17313.48,7222.25,286230.75,9.11
2022-03-25 20:29:12.546000,0.04,0.00,18.65,5.06,11743.65,5194.37,133760.59,6.65
2022-03-25 20:29:22.585745,0.04,0.00,22.90,6.23,16059.67,6775.67,286230.75,9.11
2022-03-25 20:29:32.625894,0.03,0.00,24.74,7.26,20265.53,8255.20,381083.03,10.25
2022-03-25 20:29:42.665656,0.04,0.00,21.68,6.23,16059.67,6775.67,233648.78,8.38
2022-03-25 20:29:52.720280,0.04,0.00,24.26,7.07,19465.23,7977.56,354136.78,9.94
2022-03-25 20:30:02.759879,0.05,0.00,16.55,4.29,9155.97,4204.82,85955.38,5.54
2022-03-25 20:30:12.799213,0.04,0.00,22.90,6.71,17992.07,7461.91,286230.75,9.11
2022-03-25 20:30:22.838904,0.04,0.00,22.07,6.23,16059.67,6775.67,249743.66,8.61
2022-03-25 20:30:32.893947,0.04,0.00,22.90,6.54,17313.48,7222.25,286230.75,9.11
2022-03-25 20:30:42.934077,0.04,0.00,22.48,6.54,17313.48,7222.25,267223.19,8.85
2022-03-25 20:30:52.973778,0.05,0.00,18.08,4.85,11009.32,4917.25,119250.13,6.35
2022-03-25 20:31:48.363405,0.03,0.00,21.30,6.08,15480.00,6567.43,218810.33,8.15
2022-03-25 20:31:58.370648,0.05,0.00,22.07,6.08,15480.00,6567.43,249743.66,8.61
2022-03-25 20:32:08.425413,0.04,0.00,20.57,6.38,16670.12,6993.73,192455.52,7.73
2022-03-25 20:32:18.465424,0.04,0.00,20.57,5.79,14405.32,6178.22,192455.52,7.73
2022-03-25 20:32:28.505267,0.04,0.00,19.25,5.29,12548.27,5495.03,150503.08,6.99
2022-03-25 20:32:38.544824,0.04,0.00,23.79,7.07,19465.23,7977.56,329495.09,9.65
2022-03-25 20:32:48.600111,0.03,0.00,25.25,7.26,20265.53,8255.20,410594.22,10.57
2022-03-25 20:32:58.640048,0.03,0.00,24.74,7.07,19465.23,7977.56,381083.03,10.25
2022-03-25 20:33:08.679590,0.04,0.00,18.36,4.85,11009.32,4917.25,126249.46,6.50
2022-03-25 20:33:18.719415,0.04,0.00,24.26,7.07,19465.23,7977.56,354136.78,9.94
2022-03-25 20:33:28.759119,0.03,0.00,24.74,7.46,21112.55,8547.26,381083.03,10.25
2022-03-25 20:33:38.814200,0.04,0.00,24.26,7.46,21112.55,8547.26,354136.78,9.94
2022-03-25 20:33:48.853764,0.04,0.00,24.74,7.26,20265.53,8255.20,381083.03,10.25
2022-03-25 20:33:58.893420,0.04,0.00,18.94,4.85,11009.32,4917.25,141828.56,6.82
2022-03-25 20:34:08.932964,0.04,0.00,19.89,5.29,12548.27,5495.03,169896.95,7.34
2022-03-25 20:34:18.987578,0.04,0.00,24.26,6.71,17992.07,7461.91,354136.78,9.94
2022-03-25 20:34:29.027476,0.04,0.00,22.90,6.23,16059.67,6775.67,286230.75,10.90
2022-03-25 20:34:39.067473,0.03,0.00,25.25,7.26,20265.53,8255.20,381083.03,10.25
2022-03-25 20:34:49.122503,0.04,0.00,19.57,5.06,11743.65,8255.20,478530.22,11.26
2022-03-25 20:34:59.162308,0.03,0.00,24.74,7.07,17992.07,7461.91,381083.03,10.25
2022-03-25 20:35:09.201907,0.03,0.00,19.25,4.75,10666.06,4786.76,150503.08,6.99
2022-03-25 20:35:19.241742,0.03,0.00,24.26,7.07,19465.23,7977.56,354136.78,9.94
2022-03-25 20:35:29.296963,0.03,0.00,25.25,7.26,20265.53,8255.20,410594.22,10.57
2022-03-25 20:35:39.336612,0.04,0.00,23.79,6.71,17992.07,7461.91,329495.09,9.65
2022-03-25 20:35:49.376050,0.04,0.00,22.48,7.07,19465.23,7977.56,267223.19,8.85
2022-03-25 20:35:59.415741,0.04,0.00,19.57,5.17,12136.65,5341.59,159838.98,7.16
2022-03-25 20:36:09.455271,0.04,0.00,23.34,6.54,17313.48,7222.25,306927.56,9.37
2022-03-25 20:36:19.510059,0.03,0.00,25.25,7.26,20265.53,8255.20,410594.22,10.57
2022-03-25 20:36:29.549940,0.04,0.00,24.74,7.07,19465.23,7977.56,381083.03,10.25
2022-03-25 20:36:39.589957,0.04,0.00,24.74,7.07,19465.23,7977.56,381083.03,10.25
2022-03-25 20:36:49.630010,0.04,0.00,19.25,4.65,10337.58,4661.29,150503.08,6.99
2022-03-25 20:36:59.684880,0.04,0.00,23.79,6.54,17313.48,7222.25,329495.09,9.65
2022-03-25 20:37:09.724688,0.03,0.00,25.25,7.26,20265.53,8255.20,410594.22,10.57
2022-03-25 20:37:19.764402,0.03,0.00,25.25,6.71,17992.07,7461.91,410594.22,10.57
2022-03-25 20:37:29.819246,0.04,0.00,22.48,5.93,14929.16,6368.47,267223.19,8.85
2022-03-25 20:37:39.859054,0.05,0.00,17.80,4.75,10666.06,4786.76,112721.79,6.20
2022-03-25 20:37:49.898340,0.03,0.00,24.26,6.89,18708.40,7713.41,354136.78,9.94
2022-03-25 20:37:59.938243,0.04,0.00,23.79,6.71,17992.07,7461.91,90623.73,5.67
2022-03-25 20:38:09.978018,0.04,0.00,19.89,5.93,14929.16,7222.25,286230.75,9.11
2022-03-25 20:38:20.032493,0.04,0.00,23.34,6.54,19465.23,7977.56,354136.78,9.94
2022-03-25 20:38:30.072653,0.05,0.00,23.79,6.89,18708.40,7713.41,329495.09,9.65
2022-03-25 20:38:40.112688,0.04,0.00,23.79,6.54,17313.48,7222.25,329495.09,9.65
2022-03-25 20:38:50.152582,0.05,0.00,17.28,4.37,9432.93,4312.58,100932.89,5.92
2022-03-25 20:39:00.207641,0.04,0.00,21.30,5.93,14929.16,6368.47,218810.33,8.15
2022-03-25 20:39:10.248245,0.04,0.00,23.34,6.89,18708.40,7713.41,306927.56,9.37
2022-03-25 20:39:20.287284,0.04,0.00,22.90,6.71,17992.07,7461.91,286230.75,9.11
2022-03-25 20:39:30.342412,0.04,0.00,22.48,6.38,16670.12,6993.73,267223.19,8.85
2022-03-25 20:39:40.382316,0.04,0.00,18.65,4.95,11368.20,5053.02,133760.59,6.65
2022-03-25 20:39:50.421554,0.04,0.00,24.26,7.07,19465.23,7977.56,354136.78,9.94
2022-03-25 20:40:00.461667,0.04,0.00,23.34,6.71,17992.07,7461.91,306927.56,9.37
2022-03-25 20:40:10.501046,0.04,0.00,22.90,6.54,17313.48,7222.25,286230.75,9.11
2022-03-25 20:40:20.555770,0.04,0.00,22.48,6.54,17313.48,7222.25,267223.19,8.85
2022-03-25 20:40:30.595493,0.05,0.00,16.31,4.05,8390.20,3904.27,81579.20,5.43
2022-03-25 20:40:40.635524,0.04,0.00,23.34,6.89,18708.40,7713.41,306927.56,9.37
2022-03-25 20:40:50.675522,0.03,0.00,24.26,7.46,21112.55,8547.26,354136.78,9.94
2022-03-25 20:41:00.730410,0.04,0.00,23.34,6.71,17992.07,7461.91,306927.56,9.37
2022-03-25 20:41:10.770118,0.04,0.00,22.48,6.38,16670.12,6993.73,267223.19,8.85
2022-03-25 20:41:20.810250,0.05,0.00,17.80,4.75,10666.06,4786.76,306927.56,9.37
2022-03-25 20:41:30.849770,0.04,0.00,22.48,6.54,17313.48,6775.67,233648.78,8.38
2022-03-25 20:41:40.905167,0.04,0.00,23.34,6.71,10666.06,4786.76,112721.79,6.20
2022-03-25 20:41:50.944623,0.04,0.00,22.90,6.54,17313.48,7222.25,286230.75,9.11
2022-03-25 20:42:00.984128,0.04,0.00,23.79,6.54,17313.48,7222.25,329495.09,9.65
2022-03-25 20:42:11.023612,0.04,0.00,23.79,6.71,17992.07,7461.91,329495.09,9.65
2022-03-25 20:42:21.078597,0.04,0.00,23.79,6.71,17992.07,7461.91,329495.09,9.65
2022-03-25 20:42:31.118399,0.04,0.00,19.25,5.06,11743.65,5194.37,150503.08,6.99
2022-03-25 20:42:41.158150,0.04,0.00,23.34,6.54,17313.48,7222.25,306927.56,9.37
2022-03-25 20:42:51.198051,0.04,0.00,23.34,6.54,17313.48,7222.25,306927.56,9.37
2022-03-25 20:43:01.253192,0.04,0.00,23.34,6.54,17313.48,7222.25,306927.56,9.37
2022-03-25 20:43:11.293002,0.04,0.00,23.34,6.54,17313.48,7222.25,306927.56,9.37
2022-03-25 20:43:21.332773,0.05,0.00,17.54,4.46,9721.74,4424.43,106627.32,6.06
2022-03-25 20:43:31.387891,0.04,0.00,22.48,6.54,17313.48,7222.25,267223.19,8.85
2022-03-25 20:43:41.427801,0.04,0.00,23.34,6.71,17992.07,7461.91,306927.56,9.37
2022-03-25 20:43:51.467248,0.04,0.00,23.79,6.71,17992.07,7461.91,329495.09,9.65
2022-03-25 20:44:01.507318,0.04,0.00,22.48,6.23,16059.67,6775.67,267223.19,8.85
2022-03-25 20:44:11.561771,0.05,0.00,18.08,4.55,10023.05,4540.60,119250.13,6.35
2022-03-25 20:44:21.601440,0.04,0.00,23.79,6.71,17992.07,7461.91,329495.09,9.65
2022-03-25 20:44:31.641418,0.04,0.00,22.48,6.38,16670.12,6993.73,267223.19,8.85
2022-03-25 20:44:41.681195,0.04,0.00,22.48,6.23,16059.67,6775.67,354136.78,9.94
2022-03-25 20:44:51.721136,0.03,0.00,25.25,6.38,16670.12,8854.74,410594.22,10.57
