dateTime,countPerMinute,radiationValue,timeSpent,LIBRADCount
2022-03-25 19:09:29.523304,60.0000,0.4872,10000,10
2022-03-25 19:09:39.683828,24.0000,0.1949,10000,4
2022-03-25 19:09:49.828992,42.0000,0.3410,10000,7
2022-03-25 19:09:59.989611,84.0000,0.6821,10000,14
2022-03-25 19:10:10.134764,12.0000,0.0974,10000,2
2022-03-25 19:10:20.295368,120.0000,0.9744,10000,20
2022-03-25 19:10:30.440601,0.0000,0.0000,10000,0
2022-03-25 19:10:40.601219,102.0000,0.8282,10000,17
2022-03-25 19:10:50.746211,0.0000,0.0000,10000,0
2022-03-25 19:11:00.906745,24.0000,0.1949,10000,4
2022-03-25 19:11:11.052163,18.0000,0.1462,10000,3
2022-03-25 19:11:21.212672,30.0000,0.2436,10000,5
2022-03-25 19:11:31.357969,0.0000,0.0000,10000,0
2022-03-25 19:11:41.518387,60.0000,0.4872,10000,10
2022-03-25 19:11:51.663615,24.0000,0.1949,10000,4
2022-03-25 19:12:01.808743,12.0000,0.0974,10000,2
2022-03-25 19:12:11.969320,66.0000,0.5359,10000,11
2022-03-25 19:12:22.114723,42.0000,0.3410,10000,7
2022-03-25 19:12:32.274956,0.0000,0.0000,10000,0
2022-03-25 19:12:42.420484,36.0000,0.2923,10000,6
2022-03-25 19:12:52.580857,48.0000,0.3898,10000,8
2022-03-25 19:13:02.726316,42.0000,0.3410,10000,7
2022-03-25 19:13:12.886823,36.0000,0.2923,10000,6
2022-03-25 19:13:23.031865,54.0000,0.4385,10000,9
2022-03-25 19:13:33.192440,54.0000,0.4385,10000,9
2022-03-25 19:13:43.337773,48.0000,0.3898,10000,8
2022-03-25 19:13:53.498308,0.0000,0.0000,10000,0
2022-03-25 19:14:03.643386,0.0000,0.0000,10000,0
2022-03-25 19:14:13.804151,24.0000,0.1949,10000,4
2022-03-25 19:14:23.964627,72.0000,0.5846,10000,12
2022-03-25 19:14:34.109844,24.0000,0.1949,10000,4
2022-03-25 19:14:44.254974,0.0000,0.0000,10000,0
2022-03-25 19:14:54.415628,12.0000,0.0974,10000,2
2022-03-25 19:15:04.576212,42.0000,0.3410,10000,7
2022-03-25 19:15:14.721499,24.0000,0.1949,10000,4
2022-03-25 19:15:24.866806,30.0000,0.2436,10000,5
2022-03-25 19:15:35.027352,102.0000,0.8282,10000,17
2022-03-25 19:15:45.172281,24.0000,0.1949,10000,4
2022-03-25 19:15:55.333020,54.0000,0.4385,10000,9
2022-03-25 19:16:05.478261,60.0000,0.4872,10000,10
2022-03-25 19:16:15.638635,12.0000,0.0974,10000,2
2022-03-25 19:16:25.783710,18.0000,0.1462,10000,3
2022-03-25 19:16:35.944307,42.0000,0.3410,10000,7
2022-03-25 19:16:46.089706,24.0000,0.1949,10000,4
2022-03-25 19:16:56.250190,54.0000,0.4385,10000,9
2022-03-25 19:17:06.395454,66.0000,0.5359,10000,11
2022-03-25 19:17:16.556061,36.0000,0.2923,10000,6
2022-03-25 19:17:26.701758,18.0000,0.1462,10000,3
2022-03-25 19:17:36.862143,60.0000,0.4872,10000,10
2022-03-25 19:17:47.022611,36.0000,0.2923,10000,6
2022-03-25 19:17:57.167965,54.0000,0.4385,10000,9
2022-03-25 19:18:07.328402,0.0000,0.0000,10000,0
2022-03-25 19:18:17.473908,60.0000,0.4872,10000,10
2022-03-25 19:18:27.634208,12.0000,0.0974,10000,2
2022-03-25 19:18:37.779611,0.0000,0.0000,10000,0
2022-03-25 19:18:47.939984,12.0000,0.0974,10000,2
2022-03-25 19:18:58.085297,42.0000,0.3410,10000,7
2022-03-25 19:19:08.245578,48.0000,0.3898,10000,8
2022-03-25 19:19:18.390649,0.0000,0.0000,10000,0
2022-03-25 19:19:28.551399,60.0000,0.4872,10000,10
2022-03-25 19:19:38.696480,42.0000,0.3410,10000,7
2022-03-25 19:19:48.842090,12.0000,0.0974,10000,2
2022-03-25 19:19:59.002408,24.0000,0.1949,10000,4
2022-03-25 19:20:09.147487,30.0000,0.2436,10000,5
2022-03-25 19:20:19.308121,36.0000,0.2923,10000,6
2022-03-25 19:20:29.468744,24.0000,0.1949,10000,4
2022-03-25 19:20:39.613985,36.0000,0.2923,10000,6
2022-03-25 19:20:49.774637,42.0000,0.3410,10000,7
2022-03-25 19:20:59.919778,12.0000,0.0974,10000,2
2022-03-25 19:21:10.080474,36.0000,0.2923,10000,6
2022-03-25 19:21:20.225851,24.0000,0.1949,10000,4
2022-03-25 19:21:30.386149,12.0000,0.0974,10000,2
2022-03-25 19:21:40.531634,12.0000,0.0974,10000,2
2022-03-25 19:21:50.691981,36.0000,0.2923,10000,6
2022-03-25 19:22:00.837538,36.0000,0.2923,10000,6
2022-03-25 19:22:10.997907,66.0000,0.5359,10000,11
2022-03-25 19:22:21.143467,54.0000,0.4385,10000,9
2022-03-25 19:22:31.303656,48.0000,0.3898,10000,8
2022-03-25 19:22:41.448795,30.0000,0.2436,10000,5
2022-03-25 19:22:51.609409,24.0000,0.1949,10000,4
2022-03-25 19:23:01.754465,0.0000,0.0000,10000,0
2022-03-25 19:23:11.915104,66.0000,0.5359,10000,11
2022-03-25 19:23:22.060256,24.0000,0.1949,10000,4
2022-03-25 19:23:32.220821,12.0000,0.0974,10000,2
2022-03-25 19:23:42.366125,0.0000,0.0000,10000,0
2022-03-25 19:23:52.526582,24.0000,0.1949,10000,4
2022-03-25 19:24:02.671843,66.0000,0.5359,10000,11
2022-03-25 19:24:12.832274,42.0000,0.3410,10000,7
2022-03-25 19:24:22.977582,54.0000,0.4385,10000,9
2022-03-25 19:24:33.138100,0.0000,0.0000,10000,0
2022-03-25 19:24:43.283433,54.0000,0.4385,10000,9
2022-03-25 19:24:53.443945,24.0000,0.1949,10000,4
2022-03-25 19:25:03.589444,54.0000,0.4385,10000,9
2022-03-25 19:25:13.749770,24.0000,0.1949,10000,4
2022-03-25 19:25:23.895005,0.0000,0.0000,10000,0
2022-03-25 19:25:34.055350,24.0000,0.1949,10000,4
2022-03-25 19:25:44.200873,36.0000,0.2923,10000,6
2022-03-25 19:25:54.361493,96.0000,0.7795,10000,16
2022-03-25 19:26:04.506575,42.0000,0.3410,10000,7
2022-03-25 19:26:14.667025,30.0000,0.2436,10000,5
2022-03-25 19:26:24.812129,42.0000,0.3410,10000,7
2022-03-25 19:26:34.972664,0.0000,0.0000,10000,0
2022-03-25 19:26:45.117903,12.0000,0.0974,10000,2
2022-03-25 19:26:55.278463,24.0000,0.1949,10000,4
2022-03-25 19:27:05.423687,90.0000,0.7308,10000,15
2022-03-25 19:27:15.584224,48.0000,0.3898,10000,8
2022-03-25 19:27:25.729430,30.0000,0.2436,10000,5
2022-03-25 19:27:35.889964,12.0000,0.0974,10000,2
2022-03-25 19:27:46.035234,42.0000,0.3410,10000,7
2022-03-25 19:27:56.195819,12.0000,0.0974,10000,2
2022-03-25 19:28:06.341062,24.0000,0.1949,10000,4
2022-03-25 19:28:16.501777,66.0000,0.5359,10000,11
2022-03-25 19:28:26.647034,36.0000,0.2923,10000,6
2022-03-25 19:28:36.807591,12.0000,0.0974,10000,2
2022-03-25 19:28:46.952903,54.0000,0.4385,10000,9
2022-03-25 19:28:57.113503,12.0000,0.0974,10000,2
2022-03-25 19:29:07.258777,60.0000,0.4872,10000,10
2022-03-25 19:29:17.419311,24.0000,0.1949,10000,4
2022-03-25 19:29:27.564430,0.0000,0.0000,10000,0
2022-03-25 19:29:37.725174,30.0000,0.2436,10000,5
2022-03-25 19:29:47.870242,12.0000,0.0974,10000,2
2022-03-25 19:29:58.030816,72.0000,0.5846,10000,12
2022-03-25 19:30:08.175878,0.0000,0.0000,10000,0
2022-03-25 19:30:18.336401,12.0000,0.0974,10000,2
2022-03-25 19:30:28.481545,0.0000,0.0000,10000,0
2022-03-25 19:30:38.626745,54.0000,0.4385,10000,9
2022-03-25 19:30:48.787280,54.0000,0.4385,10000,9
2022-03-25 19:30:58.947837,42.0000,0.3410,10000,7
2022-03-25 19:31:09.093213,72.0000,0.5846,10000,12
2022-03-25 19:31:19.253697,48.0000,0.3898,10000,8
2022-03-25 19:31:29.398924,60.0000,0.4872,10000,10
2022-03-25 19:31:39.559389,72.0000,0.5846,10000,12
2022-03-25 19:31:49.704766,108.0000,0.8770,10000,18
2022-03-25 19:31:59.865477,84.0000,0.6821,10000,14
2022-03-25 19:32:10.010432,24.0000,0.1949,10000,4
2022-03-25 19:32:20.171058,12.0000,0.0974,10000,2
2022-03-25 19:32:30.316242,12.0000,0.0974,10000,2
2022-03-25 19:32:40.476801,12.0000,0.0974,10000,2
2022-03-25 19:32:50.622154,78.0000,0.6334,10000,13
2022-03-25 19:33:00.782653,24.0000,0.1949,10000,4
2022-03-25 19:33:10.928082,12.0000,0.0974,10000,2
2022-03-25 19:33:21.088345,12.0000,0.0974,10000,2
2022-03-25 19:33:31.233835,36.0000,0.2923,10000,6
2022-03-25 19:33:41.394110,42.0000,0.3410,10000,7
2022-03-25 19:33:51.539632,66.0000,0.5359,10000,11
2022-03-25 19:34:01.700004,12.0000,0.0974,10000,2
2022-03-25 19:34:11.845425,36.0000,0.2923,10000,6
2022-03-25 19:34:22.005746,36.0000,0.2923,10000,6
2022-03-25 19:34:32.151058,30.0000,0.2436,10000,5
2022-03-25 19:34:42.311469,24.0000,0.1949,10000,4
2022-03-25 19:34:52.456860,54.0000,0.4385,10000,9
2022-03-25 19:35:02.617449,84.0000,0.6821,10000,14
2022-03-25 19:35:12.762630,54.0000,0.4385,10000,9
2022-03-25 19:35:22.923250,54.0000,0.4385,10000,9
2022-03-25 19:35:33.068541,66.0000,0.5359,10000,11
2022-03-25 19:35:43.228931,12.0000,0.0974,10000,2
2022-03-25 19:35:53.374268,72.0000,0.5846,10000,12
2022-03-25 19:36:03.534551,12.0000,0.0974,10000,2
2022-03-25 19:36:13.679916,54.0000,0.4385,10000,9
2022-03-25 19:36:23.840365,18.0000,0.1462,10000,3
2022-03-25 19:36:33.985764,42.0000,0.3410,10000,7
2022-03-25 19:36:44.146193,66.0000,0.5359,10000,11
2022-03-25 19:36:54.291478,42.0000,0.3410,10000,7
2022-03-25 19:37:04.451940,54.0000,0.4385,10000,9
2022-03-25 19:37:14.597240,12.0000,0.0974,10000,2
2022-03-25 19:37:24.757526,54.0000,0.4385,10000,9
2022-03-25 19:37:34.902926,60.0000,0.4872,10000,10
2022-03-25 19:37:45.048258,12.0000,0.0974,10000,2
2022-03-25 19:37:55.208486,6.0000,0.0487,10000,1
2022-03-25 19:38:05.369139,60.0000,0.4872,10000,10
2022-03-25 19:38:15.514413,54.0000,0.4385,10000,9
2022-03-25 19:38:25.659719,36.0000,0.2923,10000,6
2022-03-25 19:38:35.820130,30.0000,0.2436,10000,5
2022-03-25 19:38:45.980607,12.0000,0.0974,10000,2
2022-03-25 19:38:56.125936,0.0000,0.0000,10000,0
2022-03-25 19:39:06.286455,48.0000,0.3898,10000,8
2022-03-25 19:39:16.431653,0.0000,0.0000,10000,0
2022-03-25 19:39:26.592166,36.0000,0.2923,10000,6
2022-03-25 19:39:36.737407,0.0000,0.0000,10000,0
2022-03-25 19:39:46.897954,18.0000,0.1462,10000,3
2022-03-25 19:39:57.043317,30.0000,0.2436,10000,5
2022-03-25 19:40:07.203934,36.0000,0.2923,10000,6
2022-03-25 19:40:17.349078,96.0000,0.7795,10000,16
2022-03-25 19:40:27.509579,60.0000,0.4872,10000,10
2022-03-25 19:40:37.654867,12.0000,0.0974,10000,2
2022-03-25 19:40:47.815295,36.0000,0.2923,10000,6
2022-03-25 19:40:57.960515,36.0000,0.2923,10000,6
2022-03-25 19:41:08.121298,60.0000,0.4872,10000,10
2022-03-25 19:41:18.266625,60.0000,0.4872,10000,10
2022-03-25 19:41:28.411693,36.0000,0.2923,10000,6
2022-03-25 19:41:38.572682,66.0000,0.5359,10000,11
2022-03-25 19:41:48.733010,96.0000,0.7795,10000,16
2022-03-25 19:41:58.878168,12.0000,0.0974,10000,2
2022-03-25 19:42:09.038716,48.0000,0.3898,10000,8
2022-03-25 19:42:19.183970,30.0000,0.2436,10000,5
2022-03-25 19:42:29.344569,18.0000,0.1462,10000,3
2022-03-25 19:42:39.489843,30.0000,0.2436,10000,5
2022-03-25 19:42:49.650413,24.0000,0.1949,10000,4
2022-03-25 19:42:59.795578,12.0000,0.0974,10000,2
2022-03-25 19:43:09.956089,30.0000,0.2436,10000,5
2022-03-25 19:43:20.101431,36.0000,0.2923,10000,6
2022-03-25 19:43:30.261974,24.0000,0.1949,10000,4
2022-03-25 19:43:40.407440,18.0000,0.1462,10000,3
2022-03-25 19:43:50.567915,12.0000,0.0974,10000,2
2022-03-25 19:44:00.713255,18.0000,0.1462,10000,3
2022-03-25 19:44:10.873760,18.0000,0.1462,10000,3
2022-03-25 19:44:21.018977,24.0000,0.1949,10000,4
2022-03-25 19:44:31.164204,0.0000,0.0000,10000,0
2022-03-25 19:44:41.324518,60.0000,0.4872,10000,10
2022-03-25 19:44:51.469754,54.0000,0.4385,10000,9
2022-03-25 19:45:01.630397,72.0000,0.5846,10000,12
2022-03-25 19:45:11.775672,24.0000,0.1949,10000,4
2022-03-25 19:45:21.936085,30.0000,0.2436,10000,5
2022-03-25 19:45:32.081458,0.0000,0.0000,10000,0
2022-03-25 19:45:42.241804,0.0000,0.0000,10000,0
2022-03-25 19:45:52.387414,18.0000,0.1462,10000,3
2022-03-25 19:46:02.547652,36.0000,0.2923,10000,6
2022-03-25 19:46:12.692789,48.0000,0.3898,10000,8
2022-03-25 19:46:22.853610,66.0000,0.5359,10000,11
2022-03-25 19:46:33.014053,12.0000,0.0974,10000,2
2022-03-25 19:46:43.159268,12.0000,0.0974,10000,2
2022-03-25 19:46:53.319776,0.0000,0.0000,10000,0
2022-03-25 19:47:03.465038,48.0000,0.3898,10000,8
2022-03-25 19:47:13.625628,18.0000,0.1462,10000,3
2022-03-25 19:47:23.770970,48.0000,0.3898,10000,8
2022-03-25 19:47:33.931675,84.0000,0.6821,10000,14
2022-03-25 19:47:44.076756,24.0000,0.1949,10000,4
2022-03-25 19:47:54.237470,30.0000,0.2436,10000,5
2022-03-25 19:48:04.382572,24.0000,0.1949,10000,4
2022-03-25 19:48:14.543123,36.0000,0.2923,10000,6
2022-03-25 19:48:24.688187,36.0000,0.2923,10000,6
2022-03-25 19:48:34.848687,30.0000,0.2436,10000,5
2022-03-25 19:48:44.993925,12.0000,0.0974,10000,2
2022-03-25 19:48:55.154426,60.0000,0.4872,10000,10
2022-03-25 19:49:05.299930,78.0000,0.6334,10000,13
2022-03-25 19:49:15.460203,24.0000,0.1949,10000,4
2022-03-25 19:49:25.605739,42.0000,0.3410,10000,7
2022-03-25 19:49:35.765933,42.0000,0.3410,10000,7
2022-03-25 19:49:45.911203,0.0000,0.0000,10000,0
2022-03-25 19:49:56.071820,66.0000,0.5359,10000,11
2022-03-25 19:50:06.217205,114.0000,0.9257,10000,19
2022-03-25 19:50:16.377668,48.0000,0.3898,10000,8
2022-03-25 19:50:26.522843,12.0000,0.0974,10000,2
2022-03-25 19:50:36.683465,12.0000,0.0974,10000,2
2022-03-25 19:50:46.828665,12.0000,0.0974,10000,2
2022-03-25 19:50:56.989080,54.0000,0.4385,10000,9
2022-03-25 19:51:07.134538,42.0000,0.3410,10000,7
2022-03-25 19:51:17.294896,0.0000,0.0000,10000,0
2022-03-25 19:51:27.440184,0.0000,0.0000,10000,0
2022-03-25 19:51:37.600565,48.0000,0.3898,10000,8
2022-03-25 19:51:47.745683,24.0000,0.1949,10000,4
2022-03-25 19:51:57.906150,24.0000,0.1949,10000,4
2022-03-25 19:52:08.051226,48.0000,0.3898,10000,8
2022-03-25 19:52:18.211713,36.0000,0.2923,10000,6
2022-03-25 19:52:28.356853,12.0000,0.0974,10000,2
2022-03-25 19:52:38.517473,54.0000,0.4385,10000,9
2022-03-25 19:52:48.662659,30.0000,0.2436,10000,5
2022-03-25 19:52:58.823413,102.0000,0.8282,10000,17
2022-03-25 19:53:08.968669,24.0000,0.1949,10000,4
2022-03-25 19:53:19.129294,36.0000,0.2923,10000,6
2022-03-25 19:53:29.274328,30.0000,0.2436,10000,5
2022-03-25 19:53:39.434977,60.0000,0.4872,10000,10
2022-03-25 19:53:49.580107,18.0000,0.1462,10000,3
2022-03-25 19:53:59.740730,48.0000,0.3898,10000,8
2022-03-25 19:54:09.885938,24.0000,0.1949,10000,4
2022-03-25 19:54:20.046387,0.0000,0.0000,10000,0
2022-03-25 19:54:30.206959,66.0000,0.5359,10000,11
2022-03-25 19:54:40.352132,12.0000,0.0974,10000,2
2022-03-25 19:54:50.512736,18.0000,0.1462,10000,3
2022-03-25 19:55:00.658001,0.0000,0.0000,10000,0
2022-03-25 19:55:10.818670,84.0000,0.6821,10000,14
2022-03-25 19:55:20.963880,60.0000,0.4872,10000,10
2022-03-25 19:55:31.124353,12.0000,0.0974,10000,2
2022-03-25 19:55:41.269553,30.0000,0.2436,10000,5
2022-03-25 19:55:51.414614,12.0000,0.0974,10000,2
2022-03-25 19:56:01.575459,72.0000,0.5846,10000,12
2022-03-25 19:56:11.720732,36.0000,0.2923,10000,6
2022-03-25 19:56:21.881070,24.0000,0.1949,10000,4
2022-03-25 19:56:32.026211,0.0000,0.0000,10000,0
2022-03-25 19:56:42.186812,42.0000,0.3410,10000,7
2022-03-25 19:56:52.332015,30.0000,0.2436,10000,5
2022-03-25 19:57:02.492768,36.0000,0.2923,10000,6
2022-03-25 19:57:12.638274,0.0000,0.0000,10000,0
2022-03-25 19:57:22.798583,48.0000,0.3898,10000,8
2022-03-25 19:57:32.959321,36.0000,0.2923,10000,6
2022-03-25 19:57:43.104662,36.0000,0.2923,10000,6
2022-03-25 19:57:53.264980,24.0000,0.1949,10000,4
2022-03-25 19:58:03.410515,18.0000,0.1462,10000,3
2022-03-25 19:58:13.570818,12.0000,0.0974,10000,2
2022-03-25 19:58:23.716110,42.0000,0.3410,10000,7
2022-03-25 19:58:33.876729,54.0000,0.4385,10000,9
2022-03-25 19:58:44.021807,84.0000,0.6821,10000,14
2022-03-25 19:58:54.182362,0.0000,0.0000,10000,0
2022-03-25 19:59:04.327840,84.0000,0.6821,10000,14
2022-03-25 19:59:14.488149,36.0000,0.2923,10000,6
2022-03-25 19:59:24.638083,84.0000,0.6821,10000,14
2022-03-25 19:59:34.778467,0.0000,0.0000,10000,0
2022-03-25 19:59:44.939111,48.0000,0.3898,10000,8
2022-03-25 19:59:55.099601,24.0000,0.1949,10000,4
2022-03-25 20:00:05.244797,0.0000,0.0000,10000,0
2022-03-25 20:00:15.405326,0.0000,0.0000,10000,0
2022-03-25 20:00:25.550650,72.0000,0.5846,10000,12
2022-03-25 20:00:35.711125,42.0000,0.3410,10000,7
2022-03-25 20:00:45.856398,12.0000,0.0974,10000,2
2022-03-25 20:00:56.016958,24.0000,0.1949,10000,4
2022-03-25 20:01:06.162144,30.0000,0.2436,10000,5
2022-03-25 20:01:16.322893,114.0000,0.9257,10000,19
2022-03-25 20:01:26.468063,108.0000,0.8770,10000,18
2022-03-25 20:01:36.628686,120.0000,0.9744,10000,20
2022-03-25 20:01:46.774003,42.0000,0.3410,10000,7
2022-03-25 20:01:56.934311,12.0000,0.0974,10000,2
2022-03-25 20:02:07.079595,78.0000,0.6334,10000,13
2022-03-25 20:02:17.240146,12.0000,0.0974,10000,2
2022-03-25 20:02:27.400711,90.0000,0.7308,10000,15
2022-03-25 20:02:37.545813,12.0000,0.0974,10000,2
2022-03-25 20:02:47.690965,42.0000,0.3410,10000,7
2022-03-25 20:02:57.851487,36.0000,0.2923,10000,6
2022-03-25 20:03:07.996683,72.0000,0.5846,10000,12
2022-03-25 20:03:18.157320,18.0000,0.1462,10000,3
2022-03-25 20:03:28.302438,42.0000,0.3410,10000,7
2022-03-25 20:03:38.462964,12.0000,0.0974,10000,2
2022-03-25 20:03:48.608204,48.0000,0.3898,10000,8
2022-03-25 20:03:58.768713,24.0000,0.1949,10000,4
2022-03-25 20:04:08.913962,24.0000,0.1949,10000,4
2022-03-25 20:04:19.074693,54.0000,0.4385,10000,9
2022-03-25 20:04:29.219787,36.0000,0.2923,10000,6
2022-03-25 20:04:39.380337,30.0000,0.2436,10000,5
2022-03-25 20:04:49.525663,0.0000,0.0000,10000,0
2022-03-25 20:04:59.686198,66.0000,0.5359,10000,11
2022-03-25 20:05:09.846733,66.0000,0.5359,10000,11
2022-03-25 20:05:19.991889,12.0000,0.0974,10000,2
2022-03-25 20:05:30.152511,114.0000,0.9257,10000,19
2022-03-25 20:05:40.297651,48.0000,0.3898,10000,8
2022-03-25 20:05:50.458286,96.0000,0.7795,10000,16
2022-03-25 20:06:00.603382,0.0000,0.0000,10000,0
2022-03-25 20:06:10.763930,84.0000,0.6821,10000,14
2022-03-25 20:06:20.909370,48.0000,0.3898,10000,8
2022-03-25 20:06:31.054379,42.0000,0.3410,10000,7
2022-03-25 20:06:41.214908,12.0000,0.0974,10000,2
2022-03-25 20:06:51.360008,0.0000,0.0000,10000,0
2022-03-25 20:07:01.520795,132.0000,1.0718,10000,22
2022-03-25 20:07:11.665888,24.0000,0.1949,10000,4
2022-03-25 20:07:21.826793,108.0000,0.8770,10000,18
2022-03-25 20:07:31.971768,18.0000,0.1462,10000,3
2022-03-25 20:07:42.132404,48.0000,0.3898,10000,8
2022-03-25 20:07:52.277733,30.0000,0.2436,10000,5
2022-03-25 20:08:02.437964,12.0000,0.0974,10000,2
2022-03-25 20:08:12.598486,12.0000,0.0974,10000,2
2022-03-25 20:08:22.743648,0.0000,0.0000,10000,0
2022-03-25 20:08:32.904351,66.0000,0.5359,10000,11
2022-03-25 20:08:43.049837,30.0000,0.2436,10000,5
2022-03-25 20:08:53.210225,36.0000,0.2923,10000,6
2022-03-25 20:09:03.355621,48.0000,0.3898,10000,8
2022-03-25 20:09:13.515943,48.0000,0.3898,10000,8
2022-03-25 20:09:23.661373,36.0000,0.2923,10000,6
2022-03-25 20:09:33.822042,42.0000,0.3410,10000,7
2022-03-25 20:09:43.967012,54.0000,0.4385,10000,9
2022-03-25 20:09:54.127610,78.0000,0.6334,10000,13
2022-03-25 20:10:04.272877,12.0000,0.0974,10000,2
2022-03-25 20:10:14.433482,114.0000,0.9257,10000,19
2022-03-25 20:10:24.578501,24.0000,0.1949,10000,4
2022-03-25 20:10:34.723804,24.0000,0.1949,10000,4
2022-03-25 20:10:44.884386,18.0000,0.1462,10000,3
2022-03-25 20:10:55.045028,60.0000,0.4872,10000,10
2022-03-25 20:11:05.190100,54.0000,0.4385,10000,9
2022-03-25 20:11:15.350737,24.0000,0.1949,10000,4
2022-03-25 20:11:25.496005,24.0000,0.1949,10000,4
2022-03-25 20:11:35.656590,54.0000,0.4385,10000,9
2022-03-25 20:11:45.802050,42.0000,0.3410,10000,7
2022-03-25 20:11:55.962693,24.0000,0.1949,10000,4
2022-03-25 20:12:06.108219,84.0000,0.6821,10000,14
2022-03-25 20:12:16.268604,30.0000,0.2436,10000,5
2022-03-25 20:12:26.413688,54.0000,0.4385,10000,9
2022-03-25 20:12:36.574248,54.0000,0.4385,10000,9
2022-03-25 20:12:46.719538,36.0000,0.2923,10000,6
2022-03-25 20:12:56.880100,12.0000,0.0974,10000,2
2022-03-25 20:13:07.040799,24.0000,0.1949,10000,4
2022-03-25 20:13:17.186073,24.0000,0.1949,10000,4
2022-03-25 20:13:27.331049,54.0000,0.4385,10000,9
2022-03-25 20:13:37.491613,36.0000,0.2923,10000,6
2022-03-25 20:13:47.637272,114.0000,0.9257,10000,19
2022-03-25 20:13:57.797385,30.0000,0.2436,10000,5
2022-03-25 20:14:07.942585,12.0000,0.0974,10000,2
2022-03-25 20:14:18.103198,0.0000,0.0000,10000,0
2022-03-25 20:14:28.248469,36.0000,0.2923,10000,6
2022-03-25 20:14:38.408975,24.0000,0.1949,10000,4
2022-03-25 20:14:48.554176,36.0000,0.2923,10000,6
2022-03-25 20:14:58.714832,12.0000,0.0974,10000,2
2022-03-25 20:15:08.860031,24.0000,0.1949,10000,4
2022-03-25 20:15:19.020647,48.0000,0.3898,10000,8
2022-03-25 20:15:29.166009,0.0000,0.0000,10000,0
2022-03-25 20:15:39.326479,72.0000,0.5846,10000,12
2022-03-25 20:15:49.471602,60.0000,0.4872,10000,10
2022-03-25 20:15:59.632209,36.0000,0.2923,10000,6
2022-03-25 20:16:09.792900,114.0000,0.9257,10000,19
2022-03-25 20:16:19.938041,36.0000,0.2923,10000,6
2022-03-25 20:16:30.098619,36.0000,0.2923,10000,6
2022-03-25 20:16:40.243852,36.0000,0.2923,10000,6
2022-03-25 20:16:50.404432,72.0000,0.5846,10000,12
2022-03-25 20:17:00.549611,48.0000,0.3898,10000,8
2022-03-25 20:17:10.694810,36.0000,0.2923,10000,6
2022-03-25 20:17:20.855260,36.0000,0.2923,10000,6
2022-03-25 20:17:31.000477,24.0000,0.1949,10000,4
2022-03-25 20:17:41.161031,30.0000,0.2436,10000,5
2022-03-25 20:17:51.321679,30.0000,0.2436,10000,5
2022-03-25 20:18:01.466856,12.0000,0.0974,10000,2
2022-03-25 20:18:11.627291,48.0000,0.3898,10000,8
2022-03-25 20:18:21.772550,12.0000,0.0974,10000,2
2022-03-25 20:18:31.933043,24.0000,0.1949,10000,4
2022-03-25 20:18:42.078293,54.0000,0.4385,10000,9
2022-03-25 20:18:52.238814,12.0000,0.0974,10000,2
2022-03-25 20:19:02.384234,42.0000,0.3410,10000,7
2022-03-25 20:19:12.544698,54.0000,0.4385,10000,9
2022-03-25 20:19:22.689929,0.0000,0.0000,10000,0
2022-03-25 20:19:32.850483,18.0000,0.1462,10000,3
2022-03-25 20:19:42.995654,60.0000,0.4872,10000,10
2022-03-25 20:19:53.156128,48.0000,0.3898,10000,8
2022-03-25 20:20:03.301460,42.0000,0.3410,10000,7
2022-03-25 20:20:13.461933,48.0000,0.3898,10000,8
2022-03-25 20:20:23.607137,36.0000,0.2923,10000,6
2022-03-25 20:20:33.767744,0.0000,0.0000,10000,0
2022-03-25 20:20:43.913000,24.0000,0.1949,10000,4
2022-03-25 20:20:54.073503,48.0000,0.3898,10000,8
2022-03-25 20:21:04.218723,12.0000,0.0974,10000,2
2022-03-25 20:21:14.379357,60.0000,0.4872,10000,10
2022-03-25 20:21:24.524485,42.0000,0.3410,10000,7
2022-03-25 20:21:34.685042,0.0000,0.0000,10000,0
2022-03-25 20:21:44.830370,24.0000,0.1949,10000,4
2022-03-25 20:21:54.990908,42.0000,0.3410,10000,7
2022-03-25 20:22:05.136145,66.0000,0.5359,10000,11
2022-03-25 20:22:15.296794,36.0000,0.2923,10000,6
2022-03-25 20:22:25.442093,24.0000,0.1949,10000,4
2022-03-25 20:22:35.602760,48.0000,0.3898,10000,8
2022-03-25 20:22:45.747877,48.0000,0.3898,10000,8
2022-03-25 20:22:55.908526,72.0000,0.5846,10000,12
2022-03-25 20:23:06.053855,84.0000,0.6821,10000,14
2022-03-25 20:23:16.214199,12.0000,0.0974,10000,2
2022-03-25 20:23:26.359478,12.0000,0.0974,10000,2
2022-03-25 20:23:36.519871,48.0000,0.3898,10000,8
2022-03-25 20:23:46.665514,36.0000,0.2923,10000,6
2022-03-25 20:23:56.825620,0.0000,0.0000,10000,0
2022-03-25 20:24:06.986335,90.0000,0.7308,10000,15
2022-03-25 20:24:17.131330,0.0000,0.0000,10000,0
2022-03-25 20:24:27.276576,42.0000,0.3410,10000,7
2022-03-25 20:24:37.437161,24.0000,0.1949,10000,4
2022-03-25 20:24:47.582308,114.0000,0.9257,10000,19
2022-03-25 20:24:57.742691,42.0000,0.3410,10000,7
2022-03-25 20:25:07.887926,72.0000,0.5846,10000,12
2022-03-25 20:25:18.048536,108.0000,0.8770,10000,18
2022-03-25 20:25:28.193701,48.0000,0.3898,10000,8
2022-03-25 20:25:38.354273,36.0000,0.2923,10000,6
2022-03-25 20:25:48.499451,0.0000,0.0000,10000,0
2022-03-25 20:25:58.660151,42.0000,0.3410,10000,7
2022-03-25 20:26:08.805783,36.0000,0.2923,10000,6
2022-03-25 20:26:18.965795,24.0000,0.1949,10000,4
2022-03-25 20:26:29.126492,72.0000,0.5846,10000,12
2022-03-25 20:26:39.271777,66.0000,0.5359,10000,11
2022-03-25 20:26:49.432187,48.0000,0.3898,10000,8
2022-03-25 20:26:59.577390,0.0000,0.0000,10000,0
2022-03-25 20:27:09.738001,54.0000,0.4385,10000,9
2022-03-25 20:27:19.883206,42.0000,0.3410,10000,7
2022-03-25 20:27:30.043743,30.0000,0.2436,10000,5
2022-03-25 20:27:40.188991,12.0000,0.0974,10000,2
2022-03-25 20:27:50.349581,60.0000,0.4872,10000,10
2022-03-25 20:28:00.494604,0.0000,0.0000,10000,0
2022-03-25 20:28:10.655268,60.0000,0.4872,10000,10
2022-03-25 20:28:20.800548,36.0000,0.2923,10000,6
2022-03-25 20:28:30.960986,24.0000,0.1949,10000,4
2022-03-25 20:28:41.106221,0.0000,0.0000,10000,0
2022-03-25 20:28:51.266750,24.0000,0.1949,10000,4
2022-03-25 20:29:01.412022,12.0000,0.0974,10000,2
2022-03-25 20:29:11.572570,36.0000,0.2923,10000,6
2022-03-25 20:29:21.717785,0.0000,0.0000,10000,0
2022-03-25 20:29:31.878483,24.0000,0.1949,10000,4
2022-03-25 20:29:42.023741,24.0000,0.1949,10000,4
2022-03-25 20:29:52.184039,30.0000,0.2436,10000,5
2022-03-25 20:30:02.329563,24.0000,0.1949,10000,4
2022-03-25 20:30:12.489938,36.0000,0.2923,10000,6
2022-03-25 20:30:22.635330,66.0000,0.5359,10000,11
2022-03-25 20:30:32.795828,24.0000,0.1949,10000,4
2022-03-25 20:30:42.941142,12.0000,0.0974,10000,2
2022-03-25 20:30:53.101741,60.0000,0.4872,10000,10
2022-03-25 20:31:03.247057,48.0000,0.3898,10000,8
2022-03-25 20:31:13.407649,42.0000,0.3410,10000,7
2022-03-25 20:31:23.552925,48.0000,0.3898,10000,8
2022-03-25 20:31:33.713255,30.0000,0.2436,10000,5
2022-03-25 20:31:43.858376,18.0000,0.1462,10000,3
2022-03-25 20:31:54.018966,54.0000,0.4385,10000,9
2022-03-25 20:32:04.164453,0.0000,0.0000,10000,0
2022-03-25 20:32:14.324686,48.0000,0.3898,10000,8
2022-03-25 20:32:24.469905,30.0000,0.2436,10000,5
2022-03-25 20:32:34.630448,24.0000,0.1949,10000,4
2022-03-25 20:32:44.775747,24.0000,0.1949,10000,4
2022-03-25 20:32:54.936241,12.0000,0.0974,10000,2
2022-03-25 20:33:05.081590,30.0000,0.2436,10000,5
2022-03-25 20:33:15.242089,30.0000,0.2436,10000,5
2022-03-25 20:33:25.387276,42.0000,0.3410,10000,7
2022-03-25 20:33:35.547913,18.0000,0.1462,10000,3
2022-03-25 20:33:45.693232,12.0000,0.0974,10000,2
2022-03-25 20:33:55.853688,24.0000,0.1949,10000,4
2022-03-25 20:34:06.014433,84.0000,0.6821,10000,14
2022-03-25 20:34:16.159463,36.0000,0.2923,10000,6
2022-03-25 20:34:26.319946,12.0000,0.0974,10000,2
2022-03-25 20:34:36.465304,12.0000,0.0974,10000,2
2022-03-25 20:34:46.625820,72.0000,0.5846,10000,12
2022-03-25 20:34:56.770983,60.0000,0.4872,10000,10
2022-03-25 20:35:06.931792,102.0000,0.8282,10000,17
2022-03-25 20:35:17.076930,90.0000,0.7308,10000,15
2022-03-25 20:35:27.237272,24.0000,0.1949,10000,4
2022-03-25 20:35:37.382313,42.0000,0.3410,10000,7
2022-03-25 20:35:47.527524,12.0000,0.0974,10000,2
2022-03-25 20:35:57.688091,24.0000,0.1949,10000,4
2022-03-25 20:36:07.848727,54.0000,0.4385,10000,9
2022-03-25 20:36:17.993896,18.0000,0.1462,10000,3
2022-03-25 20:36:28.154365,48.0000,0.3898,10000,8
2022-03-25 20:36:38.299597,60.0000,0.4872,10000,10
2022-03-25 20:36:48.460320,60.0000,0.4872,10000,10
2022-03-25 20:36:58.605582,66.0000,0.5359,10000,11
2022-03-25 20:37:08.765978,78.0000,0.6334,10000,13
2022-03-25 20:37:18.911172,54.0000,0.4385,10000,9
2022-03-25 20:37:29.071795,18.0000,0.1462,10000,3
2022-03-25 20:37:39.216876,48.0000,0.3898,10000,8
2022-03-25 20:37:49.377448,36.0000,0.2923,10000,6
2022-03-25 20:37:59.522627,48.0000,0.3898,10000,8
2022-03-25 20:38:09.683507,24.0000,0.1949,10000,4
2022-03-25 20:38:19.828711,42.0000,0.3410,10000,7
2022-03-25 20:38:29.989240,24.0000,0.1949,10000,4
2022-03-25 20:38:40.134209,12.0000,0.0974,10000,2
2022-03-25 20:38:50.294700,54.0000,0.4385,10000,9
2022-03-25 20:39:00.439938,54.0000,0.4385,10000,9
2022-03-25 20:39:10.600476,48.0000,0.3898,10000,8
2022-03-25 20:39:20.745721,0.0000,0.0000,10000,0
2022-03-25 20:39:30.906310,60.0000,0.4872,10000,10
2022-03-25 20:39:41.051694,42.0000,0.3410,10000,7
2022-03-25 20:39:51.212067,12.0000,0.0974,10000,2
2022-03-25 20:40:01.357285,24.0000,0.1949,10000,4
2022-03-25 20:40:11.517829,30.0000,0.2436,10000,5
2022-03-25 20:40:21.663253,96.0000,0.7795,10000,16
2022-03-25 20:40:31.823687,48.0000,0.3898,10000,8
2022-03-25 20:40:41.969194,18.0000,0.1462,10000,3
2022-03-25 20:40:52.129726,36.0000,0.2923,10000,6
2022-03-25 20:41:02.275142,78.0000,0.6334,10000,13
2022-03-25 20:41:12.435290,18.0000,0.1462,10000,3
2022-03-25 20:41:22.595894,48.0000,0.3898,10000,8
2022-03-25 20:41:32.741155,36.0000,0.2923,10000,6
2022-03-25 20:41:42.901859,18.0000,0.1462,10000,3
2022-03-25 20:41:53.047098,54.0000,0.4385,10000,9
2022-03-25 20:42:03.207638,78.0000,0.6334,10000,13
2022-03-25 20:42:13.352981,84.0000,0.6821,10000,14
2022-03-25 20:42:23.513258,6.0000,0.0487,10000,1
2022-03-25 20:42:33.658540,0.0000,0.0000,10000,0
2022-03-25 20:42:43.803958,12.0000,0.0974,10000,2
2022-03-25 20:42:53.964170,30.0000,0.2436,10000,5
2022-03-25 20:43:04.124921,102.0000,0.8282,10000,17
2022-03-25 20:43:14.270090,36.0000,0.2923,10000,6
2022-03-25 20:43:24.415523,0.0000,0.0000,10000,0
2022-03-25 20:43:34.576084,84.0000,0.6821,10000,14
2022-03-25 20:43:44.736413,66.0000,0.5359,10000,11
2022-03-25 20:43:54.881917,30.0000,0.2436,10000,5
2022-03-25 20:44:05.042273,42.0000,0.3410,10000,7
2022-03-25 20:44:15.187382,24.0000,0.1949,10000,4
2022-03-25 20:44:25.347982,48.0000,0.3898,10000,8
2022-03-25 20:44:35.493285,24.0000,0.1949,10000,4
2022-03-25 20:44:45.653866,66.0000,0.5359,10000,11
