dateTime,temperature,pressure,humidity,gas
2022-03-25 19:09:29.683097,24.93,99.47,13.31,1758.17
2022-03-25 19:09:39.828231,24.94,99.47,13.31,1768.57
2022-03-25 19:09:49.988793,24.96,99.47,13.38,1752.44
2022-03-25 19:10:00.134017,24.97,99.47,13.42,1744.49
2022-03-25 19:10:10.294575,24.99,99.47,13.45,1734.36
2022-03-25 19:10:20.439756,25.01,99.47,13.41,1743.36
2022-03-25 19:10:30.600364,25.02,99.47,13.32,1762.78
2022-03-25 19:10:40.745775,25.01,99.47,13.32,1768.57
2022-03-25 19:10:50.906040,25.01,99.47,13.32,1768.57
2022-03-25 19:11:01.051340,25.03,99.47,13.34,1760.47
2022-03-25 19:11:11.211930,25.01,99.47,13.35,1758.17
2022-03-25 19:11:21.357311,25.01,99.47,13.30,1776.75
2022-03-25 19:11:31.517691,25.02,99.47,13.26,1796.93
2022-03-25 19:11:41.662766,25.05,99.47,13.32,1795.73
2022-03-25 19:11:51.823432,25.05,99.47,13.44,1779.10
2022-03-25 19:12:01.968546,25.07,99.47,13.55,1768.57
2022-03-25 19:12:12.129158,25.09,99.47,13.76,1781.46
2022-03-25 19:12:22.274445,25.10,99.47,13.64,1780.28
2022-03-25 19:12:32.419514,25.12,99.47,13.62,1779.10
2022-03-25 19:12:42.580172,25.12,99.47,13.63,1769.74
2022-03-25 19:12:52.740623,25.14,99.47,13.67,1755.88
2022-03-25 19:13:02.886007,25.15,99.47,13.64,1776.75
2022-03-25 19:13:13.046475,25.16,99.47,13.48,1785.00
2022-03-25 19:13:23.191716,25.18,99.47,13.54,1777.93
2022-03-25 19:13:33.352252,25.20,99.47,13.63,1783.82
2022-03-25 19:13:43.497503,25.22,99.47,13.72,1777.93
2022-03-25 19:13:53.658101,25.23,99.47,13.77,1770.90
2022-03-25 19:14:03.803492,25.23,99.47,13.84,1753.58
2022-03-25 19:14:13.963846,25.24,99.47,13.85,1753.58
2022-03-25 19:14:24.109231,25.25,99.47,13.78,1775.58
2022-03-25 19:14:34.269626,25.24,99.47,13.77,1804.16
2022-03-25 19:14:44.414833,25.22,99.47,13.58,1807.80
2022-03-25 19:14:54.575434,25.18,99.47,13.48,1857.73
2022-03-25 19:15:04.720622,25.16,99.47,13.44,1869.35
2022-03-25 19:15:14.881202,25.16,99.47,13.36,1887.72
2022-03-25 19:15:25.026431,25.17,99.47,13.43,1885.07
2022-03-25 19:15:35.186832,25.17,99.47,13.56,1868.06
2022-03-25 19:15:45.332066,25.18,99.47,13.56,1868.06
2022-03-25 19:15:55.477638,25.17,99.47,13.50,1871.95
2022-03-25 19:16:05.637983,25.14,99.47,13.31,1903.75
2022-03-25 19:16:15.783297,25.13,99.46,13.24,1942.24
2022-03-25 19:16:25.943587,25.13,99.47,13.11,1973.59
2022-03-25 19:16:36.088744,25.15,99.46,13.09,2000.00
2022-03-25 19:16:46.249448,25.14,99.47,13.10,2001.49
2022-03-25 19:16:56.394542,25.15,99.46,13.12,1997.03
2022-03-25 19:17:06.555205,25.17,99.46,13.16,2030.19
2022-03-25 19:17:16.715859,25.18,99.46,13.17,2013.47
2022-03-25 19:17:26.861431,25.18,99.46,13.16,2018.01
2022-03-25 19:17:37.021745,25.18,99.46,13.32,2016.49
2022-03-25 19:17:47.167245,25.19,99.46,13.48,2001.49
2022-03-25 19:17:57.327890,25.19,99.46,13.38,1982.31
2022-03-25 19:18:07.473029,25.16,99.46,13.28,2008.96
2022-03-25 19:18:17.633567,25.14,99.46,13.19,2007.46
2022-03-25 19:18:27.778985,25.15,99.46,13.14,2011.97
2022-03-25 19:18:37.939347,25.16,99.46,13.15,2022.56
2022-03-25 19:18:48.084638,25.13,99.46,13.17,2031.72
2022-03-25 19:18:58.244944,25.10,99.46,13.14,2042.52
2022-03-25 19:19:08.390006,25.08,99.46,13.05,2062.88
2022-03-25 19:19:18.550494,25.08,99.46,13.01,2078.82
2022-03-25 19:19:28.695969,25.09,99.45,13.10,2028.66
2022-03-25 19:19:38.856268,25.11,99.45,13.14,2034.80
2022-03-25 19:19:49.001808,25.12,99.45,13.14,2010.46
2022-03-25 19:19:59.162156,25.13,99.45,13.16,2002.98
2022-03-25 19:20:09.307277,25.14,99.46,13.18,1985.24
2022-03-25 19:20:19.467937,25.17,99.45,13.25,1966.37
2022-03-25 19:20:29.613241,25.17,99.45,13.35,1979.40
2022-03-25 19:20:39.773747,25.19,99.45,13.49,1956.36
2022-03-25 19:20:49.919077,25.18,99.45,13.51,1950.69
2022-03-25 19:21:00.079747,25.19,99.45,13.40,1966.37
2022-03-25 19:21:10.225046,25.21,99.45,13.38,1985.24
2022-03-25 19:21:20.385520,25.22,99.45,13.35,1976.49
2022-03-25 19:21:30.530841,25.22,99.45,13.46,1959.21
2022-03-25 19:21:40.691367,25.23,99.45,13.41,1985.24
2022-03-25 19:21:50.836675,25.24,99.45,13.50,1952.10
2022-03-25 19:22:00.997389,25.23,99.45,13.53,1945.05
2022-03-25 19:22:11.157649,25.21,99.45,13.49,1947.86
2022-03-25 19:22:21.303095,25.21,99.45,13.43,1938.04
2022-03-25 19:22:31.463479,25.22,99.45,13.35,1946.45
2022-03-25 19:22:41.608696,25.23,99.45,13.32,1932.47
2022-03-25 19:22:51.753858,25.23,99.45,13.32,1967.81
2022-03-25 19:23:01.914333,25.22,99.44,13.27,1982.31
2022-03-25 19:23:12.059548,25.23,99.45,13.12,1989.65
2022-03-25 19:23:22.220012,25.21,99.45,13.11,2002.98
2022-03-25 19:23:32.365297,25.18,99.45,13.09,2027.13
2022-03-25 19:23:42.525890,25.16,99.45,13.10,2053.44
2022-03-25 19:23:52.671233,25.17,99.45,13.12,2074.02
2022-03-25 19:24:02.831661,25.17,99.45,13.19,2075.62
2022-03-25 19:24:12.976690,25.17,99.45,13.19,2047.18
2022-03-25 19:24:23.137361,25.17,99.45,13.20,2066.05
2022-03-25 19:24:33.282561,25.15,99.45,13.26,2050.30
2022-03-25 19:24:43.443183,25.15,99.45,13.32,2028.66
2022-03-25 19:24:53.588726,25.12,99.44,13.31,2047.18
2022-03-25 19:25:03.748906,25.12,99.45,13.31,2048.74
2022-03-25 19:25:13.909536,25.11,99.45,13.28,2044.07
2022-03-25 19:25:24.054601,25.09,99.45,13.34,2033.26
2022-03-25 19:25:34.215144,25.09,99.45,13.36,2039.42
2022-03-25 19:25:44.360589,25.09,99.45,13.27,2066.05
2022-03-25 19:25:54.521069,25.09,99.45,13.19,2072.42
2022-03-25 19:26:04.666498,25.08,99.45,13.22,2074.02
2022-03-25 19:26:14.811527,25.07,99.45,13.23,2077.22
2022-03-25 19:26:24.971860,25.08,99.45,13.15,2111.46
2022-03-25 19:26:35.117206,25.09,99.44,13.08,2108.15
2022-03-25 19:26:45.277655,25.10,99.45,13.03,2106.50
2022-03-25 19:26:55.423135,25.11,99.45,13.05,2109.80
2022-03-25 19:27:05.583489,25.10,99.45,13.04,2111.46
2022-03-25 19:27:15.728691,25.11,99.44,12.96,2109.80
2022-03-25 19:27:25.889257,25.11,99.45,12.95,2078.82
2022-03-25 19:27:36.034457,25.11,99.44,13.00,2055.00
2022-03-25 19:27:46.195042,25.11,99.45,13.15,2024.08
2022-03-25 19:27:56.340459,25.10,99.45,13.15,2061.30
2022-03-25 19:28:06.500882,25.09,99.45,13.07,2074.02
2022-03-25 19:28:16.646170,25.08,99.45,13.14,2088.51
2022-03-25 19:28:26.806826,25.08,99.45,13.14,2106.50
2022-03-25 19:28:36.952062,25.05,99.45,13.13,2078.82
2022-03-25 19:28:47.112715,25.06,99.45,13.22,2064.47
2022-03-25 19:28:57.257987,25.08,99.45,13.27,2061.30
2022-03-25 19:29:07.418535,25.08,99.44,13.23,2082.04
2022-03-25 19:29:17.563743,25.09,99.45,13.17,2067.64
2022-03-25 19:29:27.724338,25.09,99.45,13.27,2028.66
2022-03-25 19:29:37.884935,25.11,99.45,13.33,2005.97
2022-03-25 19:29:48.029987,25.12,99.44,13.32,2004.47
2022-03-25 19:29:58.175172,25.12,99.44,13.38,1997.03
2022-03-25 19:30:08.335703,25.12,99.44,13.38,2002.98
2022-03-25 19:30:18.480890,25.13,99.44,13.21,2031.72
2022-03-25 19:30:28.641417,25.13,99.44,13.16,2044.07
2022-03-25 19:30:38.786519,25.13,99.44,13.22,2028.66
2022-03-25 19:30:48.947133,25.13,99.44,13.27,2034.80
2022-03-25 19:30:59.092547,25.13,99.44,13.26,2004.47
2022-03-25 19:31:09.252872,25.14,99.44,13.23,2004.47
2022-03-25 19:31:19.398099,25.14,99.45,13.15,2025.60
2022-03-25 19:31:29.558682,25.16,99.45,13.11,2025.60
2022-03-25 19:31:39.703805,25.11,99.44,13.11,2018.01
2022-03-25 19:31:49.864468,25.07,99.44,13.22,2031.72
2022-03-25 19:32:00.010259,25.04,99.44,13.55,1998.51
2022-03-25 19:32:10.170238,25.04,99.44,14.77,1897.04
2022-03-25 19:32:20.315471,25.03,99.44,14.83,1844.99
2022-03-25 19:32:30.476236,25.05,99.44,14.94,1794.53
2022-03-25 19:32:40.621326,25.01,99.44,14.92,1747.89
2022-03-25 19:32:50.781908,25.01,99.44,14.99,1701.45
2022-03-25 19:33:00.927099,25.02,99.44,14.91,1662.55
2022-03-25 19:33:11.087776,24.98,99.44,14.57,1671.85
2022-03-25 19:33:21.232842,24.95,99.44,13.99,1757.02
2022-03-25 19:33:31.393557,24.93,99.44,13.76,1783.82
2022-03-25 19:33:41.538826,24.92,99.44,13.71,1813.89
2022-03-25 19:33:51.699186,24.91,99.44,13.77,1815.11
2022-03-25 19:34:01.844424,24.89,99.44,13.80,1806.58
2022-03-25 19:34:12.005154,24.84,99.43,13.74,1841.20
2022-03-25 19:34:22.150401,24.81,99.44,13.60,1855.17
2022-03-25 19:34:32.310807,24.81,99.44,13.55,1901.06
2022-03-25 19:34:42.456154,24.79,99.44,13.56,1905.10
2022-03-25 19:34:52.616671,24.81,99.44,13.56,1905.10
2022-03-25 19:35:02.762088,24.81,99.44,13.56,1899.72
2022-03-25 19:35:12.922368,24.80,99.44,13.95,1885.07
2022-03-25 19:35:23.067771,24.82,99.44,14.48,1839.94
2022-03-25 19:35:33.228246,24.83,99.44,14.65,1783.82
2022-03-25 19:35:43.373559,24.83,99.44,14.71,1760.47
2022-03-25 19:35:53.533974,24.80,99.44,14.65,1746.75
2022-03-25 19:36:03.679036,24.77,99.44,14.45,1751.30
2022-03-25 19:36:13.839518,24.77,99.44,14.35,1754.73
2022-03-25 19:36:23.984963,24.74,99.44,14.36,1751.30
2022-03-25 19:36:34.145478,24.72,99.44,14.33,1747.89
2022-03-25 19:36:44.290746,24.74,99.44,14.36,1738.85
2022-03-25 19:36:54.451244,24.77,99.44,14.44,1725.46
2022-03-25 19:37:04.596628,24.79,99.44,14.39,1726.57
2022-03-25 19:37:14.756885,24.81,99.44,14.36,1735.48
2022-03-25 19:37:24.902236,24.84,99.44,14.41,1719.95
2022-03-25 19:37:35.062549,24.84,99.44,14.44,1676.01
2022-03-25 19:37:45.207936,24.87,99.44,14.43,1644.25
2022-03-25 19:37:55.368291,24.88,99.44,14.32,1631.29
2022-03-25 19:38:05.513628,24.91,99.44,14.13,1636.25
2022-03-25 19:38:15.674010,24.90,99.44,14.07,1643.25
2022-03-25 19:38:25.819390,24.90,99.44,14.07,1625.38
2022-03-25 19:38:35.979786,24.90,99.44,14.23,1630.30
2022-03-25 19:38:46.125388,24.87,99.44,14.08,1664.60
2022-03-25 19:38:56.285736,24.87,99.44,13.74,1713.38
2022-03-25 19:39:06.431090,24.88,99.44,13.64,1743.36
2022-03-25 19:39:16.591426,24.89,99.44,13.77,1761.62
2022-03-25 19:39:26.736604,24.91,99.44,13.94,1747.89
2022-03-25 19:39:36.897286,24.90,99.44,14.00,1757.02
2022-03-25 19:39:47.042290,24.89,99.44,14.05,1772.07
2022-03-25 19:39:57.203104,24.85,99.44,14.04,1721.05
2022-03-25 19:40:07.348563,24.83,99.44,13.98,1692.89
2022-03-25 19:40:17.508906,24.84,99.44,14.19,1687.58
2022-03-25 19:40:27.654083,24.84,99.44,14.40,1649.30
2022-03-25 19:40:37.814669,24.82,99.44,14.50,1642.25
2022-03-25 19:40:47.959844,24.82,99.43,14.54,1613.68
2022-03-25 19:40:58.120298,24.85,99.44,14.53,1606.93
2022-03-25 19:41:08.265643,24.86,99.44,14.39,1602.14
2022-03-25 19:41:18.426305,24.87,99.44,14.31,1599.29
2022-03-25 19:41:28.571467,24.83,99.44,14.30,1594.55
2022-03-25 19:41:38.732255,24.83,99.44,14.27,1564.86
2022-03-25 19:41:48.877668,24.84,99.43,14.19,1524.08
2022-03-25 19:41:59.037974,24.87,99.44,14.21,1551.33
2022-03-25 19:42:09.183203,24.92,99.44,14.27,1563.05
2022-03-25 19:42:19.343756,24.93,99.43,14.46,1578.64
2022-03-25 19:42:29.489032,24.94,99.44,14.54,1582.35
2022-03-25 19:42:39.649651,24.90,99.43,14.50,1602.14
2022-03-25 19:42:49.794890,24.89,99.43,14.34,1642.25
2022-03-25 19:42:59.955338,24.91,99.43,14.30,1649.30
2022-03-25 19:43:10.100553,24.94,99.43,14.22,1686.52
2022-03-25 19:43:20.261267,24.96,99.43,14.01,1726.57
2022-03-25 19:43:30.406407,24.98,99.43,13.92,1765.09
2022-03-25 19:43:40.567141,24.98,99.43,13.93,1787.38
2022-03-25 19:43:50.712637,24.95,99.43,14.02,1799.33
2022-03-25 19:44:00.872986,24.93,99.43,14.09,1802.95
2022-03-25 19:44:11.018443,24.90,99.43,13.73,1857.73
2022-03-25 19:44:21.178682,24.88,99.43,13.65,1886.40
2022-03-25 19:44:31.323778,24.88,99.43,13.62,1907.80
2022-03-25 19:44:41.484313,24.86,99.43,13.64,1928.31
2022-03-25 19:44:51.629548,24.87,99.43,13.61,1940.84
2022-03-25 19:45:01.790012,24.89,99.43,13.57,1945.05
2022-03-25 19:45:11.935397,24.92,99.43,13.69,1899.72
2022-03-25 19:45:22.095849,24.92,99.43,13.71,1910.51
2022-03-25 19:45:32.241260,24.93,99.43,13.72,1887.72
2022-03-25 19:45:42.401574,24.95,99.43,13.76,1868.06
2022-03-25 19:45:52.546972,24.97,99.43,13.76,1842.47
2022-03-25 19:46:02.707364,24.98,99.42,13.72,1848.80
2022-03-25 19:46:12.852586,24.98,99.42,13.63,1869.35
2022-03-25 19:46:23.013359,24.96,99.42,13.61,1861.59
2022-03-25 19:46:33.158492,24.97,99.43,13.61,1869.35
2022-03-25 19:46:43.319092,24.98,99.43,13.62,1851.34
2022-03-25 19:46:53.464293,24.98,99.42,13.42,1914.59
2022-03-25 19:47:03.624823,25.01,99.42,13.28,1977.94
2022-03-25 19:47:13.770098,25.02,99.42,13.26,2002.98
2022-03-25 19:47:23.930771,25.03,99.42,13.27,2000.00
2022-03-25 19:47:34.091424,25.05,99.43,13.33,1976.49
2022-03-25 19:47:44.236594,25.06,99.42,13.60,1970.70
2022-03-25 19:47:54.397242,25.06,99.42,13.79,1947.86
2022-03-25 19:48:04.542383,25.07,99.42,13.91,1953.52
2022-03-25 19:48:14.687567,25.07,99.42,14.18,1911.87
2022-03-25 19:48:24.847968,25.04,99.42,14.04,1933.86
2022-03-25 19:48:34.993369,24.99,99.42,13.86,1953.52
2022-03-25 19:48:45.153645,24.91,99.42,13.56,1985.24
2022-03-25 19:48:55.298986,24.88,99.42,13.50,2008.96
2022-03-25 19:49:05.459571,24.84,99.42,13.47,2039.42
2022-03-25 19:49:15.604856,24.85,99.42,13.50,2047.18
2022-03-25 19:49:25.765397,24.89,99.42,13.72,2022.56
2022-03-25 19:49:35.910422,24.93,99.42,13.97,1986.71
2022-03-25 19:49:46.070986,24.99,99.42,14.29,1945.05
2022-03-25 19:49:56.216270,25.02,99.42,14.54,1881.12
2022-03-25 19:50:06.376869,25.09,99.42,14.68,1836.18
2022-03-25 19:50:16.537453,25.14,99.42,14.82,1798.13
2022-03-25 19:50:26.682694,25.16,99.42,14.73,1775.58
2022-03-25 19:50:36.843303,25.18,99.42,14.43,1765.09
2022-03-25 19:50:46.988442,25.19,99.42,14.13,1729.90
2022-03-25 19:50:57.148871,25.19,99.42,14.02,1733.25
2022-03-25 19:51:07.294201,25.19,99.42,13.81,1775.58
2022-03-25 19:51:17.454656,25.19,99.42,13.77,1816.34
2022-03-25 19:51:27.599946,25.24,99.42,13.83,1809.01
2022-03-25 19:51:37.745216,25.26,99.42,13.92,1813.89
2022-03-25 19:51:47.905639,25.29,99.42,13.86,1820.03
2022-03-25 19:51:58.050823,25.30,99.42,13.63,1852.62
2022-03-25 19:52:08.210982,25.32,99.42,13.50,1890.37
2022-03-25 19:52:18.356152,25.31,99.42,13.43,1911.87
2022-03-25 19:52:28.516691,25.30,99.42,13.36,1924.18
2022-03-25 19:52:38.661910,25.27,99.42,13.40,1933.86
2022-03-25 19:52:48.822466,25.24,99.42,13.46,1928.31
2022-03-25 19:52:58.967826,25.23,99.42,13.48,1924.18
2022-03-25 19:53:09.128453,25.26,99.41,13.50,1920.06
2022-03-25 19:53:19.273730,25.27,99.41,13.53,1887.72
2022-03-25 19:53:29.434149,25.29,99.41,13.51,1905.10
2022-03-25 19:53:39.594679,25.30,99.41,13.53,1910.51
2022-03-25 19:53:49.739951,25.31,99.42,13.83,1850.07
2022-03-25 19:53:59.900514,25.31,99.42,14.22,1759.32
2022-03-25 19:54:10.045713,25.39,99.41,14.14,1759.32
2022-03-25 19:54:20.206218,25.40,99.42,14.35,1777.93
2022-03-25 19:54:30.351324,25.38,99.42,14.18,1786.19
2022-03-25 19:54:40.511963,25.41,99.42,13.93,1820.03
2022-03-25 19:54:50.657223,25.43,99.42,13.80,1804.16
2022-03-25 19:55:00.817906,25.44,99.42,13.89,1789.75
2022-03-25 19:55:10.963106,25.41,99.42,14.07,1725.46
2022-03-25 19:55:21.123659,25.40,99.42,14.16,1679.15
2022-03-25 19:55:31.268847,25.41,99.42,14.29,1644.25
2022-03-25 19:55:41.429330,25.40,99.42,14.48,1623.42
2022-03-25 19:55:51.574406,25.40,99.42,14.64,1595.49
2022-03-25 19:56:01.735054,25.41,99.42,15.02,1569.43
2022-03-25 19:56:11.880252,25.43,99.42,15.13,1583.28
2022-03-25 19:56:22.040949,25.43,99.42,15.15,1570.34
2022-03-25 19:56:32.186050,25.44,99.42,15.21,1546.87
2022-03-25 19:56:42.346619,25.46,99.42,15.14,1535.39
2022-03-25 19:56:52.491874,25.48,99.42,15.03,1524.08
2022-03-25 19:57:02.652391,25.49,99.42,14.97,1503.63
2022-03-25 19:57:12.797655,25.52,99.42,14.62,1461.96
2022-03-25 19:57:22.958377,25.55,99.42,14.24,1285.85
2022-03-25 19:57:33.103823,25.56,99.42,14.09,1200.89
2022-03-25 19:57:43.264209,25.58,99.42,13.92,1155.50
2022-03-25 19:57:53.409473,25.60,99.42,13.88,1093.50
2022-03-25 19:58:03.570059,25.62,99.42,13.90,1105.18
2022-03-25 19:58:13.715357,25.64,99.42,13.93,1167.54
2022-03-25 19:58:23.875960,25.66,99.42,13.93,1173.65
2022-03-25 19:58:34.021219,25.67,99.42,14.10,1220.51
2022-03-25 19:58:44.181590,25.68,99.42,14.27,1290.79
2022-03-25 19:58:54.327037,25.69,99.42,14.31,1313.48
2022-03-25 19:59:04.487488,25.66,99.42,14.21,1342.31
2022-03-25 19:59:14.632763,25.62,99.42,14.37,1396.68
2022-03-25 19:59:24.793345,25.59,99.42,14.05,1489.48
2022-03-25 19:59:34.938356,25.59,99.42,13.89,1522.35
2022-03-25 19:59:45.098885,25.57,99.42,13.88,1569.43
2022-03-25 19:59:55.244035,25.57,99.42,13.81,1605.01
2022-03-25 20:00:05.404628,25.55,99.42,13.74,1575.86
2022-03-25 20:00:15.549816,25.52,99.42,13.76,1496.11
2022-03-25 20:00:25.710414,25.52,99.42,13.86,1486.19
2022-03-25 20:00:35.855565,25.49,99.42,13.91,1444.68
2022-03-25 20:00:46.016223,25.43,99.42,13.99,1433.90
2022-03-25 20:00:56.161488,25.41,99.42,14.03,1469.94
2022-03-25 20:01:06.321975,25.41,99.42,13.81,1496.11
2022-03-25 20:01:16.467247,25.44,99.42,13.71,1538.90
2022-03-25 20:01:26.627779,25.44,99.42,13.92,1563.95
2022-03-25 20:01:36.773241,25.45,99.42,14.00,1570.34
2022-03-25 20:01:46.933666,25.49,99.42,14.04,1603.10
2022-03-25 20:01:57.079047,25.51,99.42,13.74,1638.25
2022-03-25 20:02:07.239329,25.52,99.42,13.63,1658.45
2022-03-25 20:02:17.399931,25.52,99.42,13.64,1685.46
2022-03-25 20:02:27.545272,25.49,99.42,13.69,1687.58
2022-03-25 20:02:37.705600,25.47,99.42,13.79,1700.38
2022-03-25 20:02:47.850758,25.45,99.41,13.86,1714.47
2022-03-25 20:02:57.995960,25.47,99.42,13.69,1739.97
2022-03-25 20:03:08.156441,25.50,99.42,13.73,1725.46
2022-03-25 20:03:18.301747,25.50,99.42,13.79,1721.05
2022-03-25 20:03:28.462207,25.46,99.42,13.78,1706.85
2022-03-25 20:03:38.607445,25.44,99.42,13.72,1723.25
2022-03-25 20:03:48.768004,25.46,99.42,13.72,1707.94
2022-03-25 20:03:58.913213,25.49,99.41,13.70,1695.02
2022-03-25 20:04:09.073760,25.48,99.42,13.68,1692.89
2022-03-25 20:04:19.234455,25.49,99.41,13.70,1661.52
2022-03-25 20:04:29.379577,25.51,99.41,13.74,1656.40
2022-03-25 20:04:39.540142,25.54,99.41,13.69,1635.26
2022-03-25 20:04:49.685492,25.55,99.41,13.68,1596.44
2022-03-25 20:04:59.845949,25.56,99.41,13.70,1523.22
2022-03-25 20:05:09.991138,25.56,99.41,13.74,1501.95
2022-03-25 20:05:20.151686,25.58,99.41,13.67,1530.15
2022-03-25 20:05:30.296906,25.61,99.41,13.48,1570.34
2022-03-25 20:05:40.457437,25.62,99.41,13.59,1541.55
2022-03-25 20:05:50.602705,25.61,99.41,13.63,1541.55
2022-03-25 20:06:00.763204,25.65,99.41,13.59,1569.43
2022-03-25 20:06:10.908367,25.66,99.41,13.52,1614.65
2022-03-25 20:06:21.068954,25.67,99.41,13.54,1646.27
2022-03-25 20:06:31.214203,25.67,99.41,13.73,1664.60
2022-03-25 20:06:41.374688,25.72,99.41,13.90,1673.93
2022-03-25 20:06:51.519846,25.66,99.41,14.02,1689.70
2022-03-25 20:07:01.680493,25.62,99.41,14.15,1693.95
2022-03-25 20:07:11.825671,25.61,99.40,14.20,1697.16
2022-03-25 20:07:21.986393,25.64,99.41,14.24,1665.64
2022-03-25 20:07:32.131712,25.64,99.41,14.20,1640.24
2022-03-25 20:07:42.292112,25.63,99.40,14.15,1615.62
2022-03-25 20:07:52.437501,25.64,99.41,14.16,1587.02
2022-03-25 20:08:02.597810,25.65,99.40,14.21,1534.51
2022-03-25 20:08:12.742953,25.67,99.40,14.20,1514.64
2022-03-25 20:08:22.903495,25.67,99.40,14.10,1511.24
2022-03-25 20:08:33.048816,25.66,99.40,13.91,1516.35
2022-03-25 20:08:43.209529,25.66,99.40,13.88,1517.20
2022-03-25 20:08:53.354681,25.68,99.40,13.84,1538.02
2022-03-25 20:09:03.515173,25.71,99.40,13.79,1545.09
2022-03-25 20:09:13.660377,25.74,99.40,13.71,1543.32
2022-03-25 20:09:23.821163,25.75,99.40,13.68,1560.32
2022-03-25 20:09:33.966783,25.76,99.40,13.69,1555.81
2022-03-25 20:09:44.126845,25.76,99.40,13.69,1557.61
2022-03-25 20:09:54.272000,25.78,99.40,13.72,1571.26
2022-03-25 20:10:04.432702,25.80,99.40,13.74,1568.51
2022-03-25 20:10:14.577799,25.81,99.40,13.71,1611.74
2022-03-25 20:10:24.738301,25.86,99.40,13.50,1647.28
2022-03-25 20:10:34.883658,25.90,99.40,13.40,1678.10
2022-03-25 20:10:45.044172,25.93,99.40,13.36,1716.66
2022-03-25 20:10:55.189481,25.91,99.39,13.34,1736.60
2022-03-25 20:11:05.349989,25.90,99.39,13.53,1731.02
2022-03-25 20:11:15.495216,25.92,99.40,13.76,1723.25
2022-03-25 20:11:25.655865,25.91,99.39,13.90,1713.38
2022-03-25 20:11:35.801358,25.91,99.39,13.69,1745.62
2022-03-25 20:11:45.961740,25.90,99.39,13.43,1779.10
2022-03-25 20:11:56.122354,25.87,99.39,13.33,1800.54
2022-03-25 20:12:06.267849,25.86,99.39,13.51,1812.67
2022-03-25 20:12:16.428285,25.82,99.39,13.64,1818.80
2022-03-25 20:12:26.573538,25.82,99.39,13.76,1820.03
2022-03-25 20:12:36.734071,25.82,99.39,13.90,1796.93
2022-03-25 20:12:46.879325,25.82,99.39,14.07,1769.74
2022-03-25 20:12:57.040020,25.81,99.39,14.14,1762.78
2022-03-25 20:13:07.185406,25.81,99.39,14.11,1747.89
2022-03-25 20:13:17.345790,25.79,99.39,14.13,1703.61
2022-03-25 20:13:27.490856,25.81,99.39,14.13,1669.77
2022-03-25 20:13:37.651427,25.81,99.39,14.05,1612.71
2022-03-25 20:13:47.796648,25.83,99.39,14.07,1589.83
2022-03-25 20:13:57.941762,25.86,99.39,13.98,1570.34
2022-03-25 20:14:08.102389,25.88,99.39,13.82,1569.43
2022-03-25 20:14:18.247624,25.88,99.39,13.82,1563.05
2022-03-25 20:14:28.408282,25.90,99.39,13.81,1566.69
2022-03-25 20:14:38.553525,25.92,99.39,13.82,1546.87
2022-03-25 20:14:48.713972,25.95,99.39,13.72,1561.23
2022-03-25 20:14:58.859265,25.98,99.39,13.50,1608.85
2022-03-25 20:15:09.019814,26.00,99.39,13.40,1641.24
2022-03-25 20:15:19.165391,26.01,99.39,13.49,1631.29
2022-03-25 20:15:29.325661,26.04,99.39,13.48,1632.28
2022-03-25 20:15:39.486083,26.06,99.39,13.39,1631.29
2022-03-25 20:15:49.631351,26.06,99.39,13.38,1647.28
2022-03-25 20:15:59.791981,26.07,99.39,13.37,1636.25
2022-03-25 20:16:09.937333,26.09,99.39,13.39,1615.62
2022-03-25 20:16:20.097850,26.10,99.39,13.42,1603.10
2022-03-25 20:16:30.243097,26.11,99.39,13.40,1607.89
2022-03-25 20:16:40.403634,26.12,99.39,13.36,1599.29
2022-03-25 20:16:50.548910,26.09,99.39,13.35,1607.89
2022-03-25 20:17:00.709360,26.07,99.39,13.25,1634.27
2022-03-25 20:17:10.854631,26.10,99.40,13.21,1655.39
2022-03-25 20:17:21.015045,26.11,99.39,13.28,1627.34
2022-03-25 20:17:31.160250,26.11,99.39,13.30,1621.46
2022-03-25 20:17:41.320844,26.09,99.39,13.38,1593.60
2022-03-25 20:17:51.466151,26.09,99.39,13.41,1591.72
2022-03-25 20:18:01.626638,26.08,99.39,13.39,1590.78
2022-03-25 20:18:11.771756,26.08,99.39,13.64,1616.59
2022-03-25 20:18:21.932335,26.07,99.39,13.78,1627.34
2022-03-25 20:18:32.077617,26.02,99.39,13.71,1650.31
2022-03-25 20:18:42.238083,25.99,99.39,13.62,1695.02
2022-03-25 20:18:52.383258,25.94,99.39,13.30,1757.02
2022-03-25 20:19:02.543955,25.92,99.40,13.03,1794.53
2022-03-25 20:19:12.689437,25.93,99.39,12.93,1847.53
2022-03-25 20:19:22.849670,25.94,99.39,12.88,1869.35
2022-03-25 20:19:32.995114,25.89,99.39,12.96,1879.80
2022-03-25 20:19:43.155575,25.84,99.39,12.94,1899.72
2022-03-25 20:19:53.300897,25.78,99.39,12.87,1905.10
2022-03-25 20:20:03.461235,25.75,99.39,12.83,1929.70
2022-03-25 20:20:13.621741,25.78,99.39,12.86,1918.69
2022-03-25 20:20:23.766952,25.80,99.39,12.95,1901.06
2022-03-25 20:20:33.912153,25.83,99.39,13.03,1862.88
2022-03-25 20:20:44.072939,25.85,99.39,13.09,1851.34
2022-03-25 20:20:54.217971,25.87,99.39,13.13,1807.80
2022-03-25 20:21:04.378536,25.86,99.39,13.08,1801.74
2022-03-25 20:21:14.523755,25.88,99.39,13.05,1812.67
2022-03-25 20:21:24.684258,25.90,99.38,13.07,1816.34
2022-03-25 20:21:34.829504,25.92,99.39,13.06,1823.73
2022-03-25 20:21:44.990080,25.93,99.38,13.11,1799.33
2022-03-25 20:21:55.135346,25.95,99.38,13.10,1775.58
2022-03-25 20:22:05.295904,25.95,99.38,13.15,1753.58
2022-03-25 20:22:15.441273,25.95,99.38,13.34,1718.85
2022-03-25 20:22:25.601872,25.93,99.38,13.44,1727.68
2022-03-25 20:22:35.747223,25.95,99.38,13.39,1757.02
2022-03-25 20:22:45.907679,25.95,99.38,13.24,1811.45
2022-03-25 20:22:56.068281,25.94,99.39,13.22,1836.18
2022-03-25 20:23:06.213584,25.89,99.38,13.23,1844.99
2022-03-25 20:23:16.374021,25.86,99.38,13.30,1859.02
2022-03-25 20:23:26.519295,25.82,99.38,13.21,1889.05
2022-03-25 20:23:36.679742,25.77,99.38,13.26,1898.38
2022-03-25 20:23:46.825223,25.75,99.38,13.20,1929.70
2022-03-25 20:23:56.985542,25.75,99.38,13.20,1939.44
2022-03-25 20:24:07.130746,25.77,99.38,13.20,1933.86
2022-03-25 20:24:17.291163,25.75,99.38,13.27,1935.25
2022-03-25 20:24:27.436324,25.76,99.38,13.32,1933.86
2022-03-25 20:24:37.581597,25.71,99.38,13.42,1954.94
2022-03-25 20:24:47.742033,25.67,99.38,13.45,1932.47
2022-03-25 20:24:57.887117,25.61,99.38,13.56,1935.25
2022-03-25 20:25:08.047685,25.57,99.37,13.45,1935.25
2022-03-25 20:25:18.192957,25.55,99.37,13.52,1938.04
2022-03-25 20:25:28.353500,25.55,99.37,13.60,1935.25
2022-03-25 20:25:38.514117,25.56,99.37,13.59,1932.47
2022-03-25 20:25:48.659277,25.53,99.37,13.65,1928.31
2022-03-25 20:25:58.819950,25.51,99.37,13.56,1939.44
2022-03-25 20:26:08.965185,25.50,99.38,13.76,1895.70
2022-03-25 20:26:19.125634,25.49,99.37,13.85,1899.72
2022-03-25 20:26:29.270936,25.45,99.37,14.22,1851.34
2022-03-25 20:26:39.431499,25.42,99.37,14.19,1855.17
2022-03-25 20:26:49.576711,25.38,99.37,13.91,1862.88
2022-03-25 20:26:59.737282,25.34,99.37,13.75,1877.18
2022-03-25 20:27:09.882433,25.35,99.37,13.71,1889.05
2022-03-25 20:27:20.043004,25.38,99.37,13.79,1847.53
2022-03-25 20:27:30.188177,25.40,99.37,13.85,1807.80
2022-03-25 20:27:40.348772,25.41,99.37,13.85,1793.33
2022-03-25 20:27:50.493983,25.43,99.37,13.84,1755.88
2022-03-25 20:28:00.654465,25.45,99.37,13.83,1755.88
2022-03-25 20:28:10.799692,25.47,99.37,13.83,1741.10
2022-03-25 20:28:20.960284,25.49,99.37,13.80,1715.56
2022-03-25 20:28:31.105693,25.50,99.37,13.82,1691.82
2022-03-25 20:28:41.265994,25.52,99.37,13.74,1747.89
2022-03-25 20:28:51.411211,25.53,99.37,13.77,1773.24
2022-03-25 20:29:01.571766,25.48,99.37,13.66,1824.97
2022-03-25 20:29:11.716966,25.42,99.37,13.45,1868.06
2022-03-25 20:29:21.877642,25.42,99.37,13.44,1890.37
2022-03-25 20:29:32.023071,25.44,99.37,13.51,1890.37
2022-03-25 20:29:42.183496,25.46,99.37,13.61,1850.07
2022-03-25 20:29:52.328787,25.47,99.37,13.73,1821.26
2022-03-25 20:30:02.489164,25.50,99.37,13.73,1831.18
2022-03-25 20:30:12.634398,25.51,99.37,13.73,1833.67
2022-03-25 20:30:22.795125,25.54,99.37,13.61,1861.59
2022-03-25 20:30:32.940334,25.55,99.37,13.54,1848.80
2022-03-25 20:30:43.100921,25.57,99.37,13.54,1832.43
2022-03-25 20:30:53.261496,25.59,99.37,13.56,1816.34
2022-03-25 20:31:03.406937,25.62,99.37,13.43,1838.69
2022-03-25 20:31:13.567379,25.64,99.37,13.26,1879.80
2022-03-25 20:31:23.712488,25.66,99.37,13.20,1893.03
2022-03-25 20:31:33.873018,25.67,99.37,13.27,1890.37
2022-03-25 20:31:44.018151,25.69,99.37,13.31,1885.07
2022-03-25 20:31:54.178771,25.70,99.37,13.28,1907.80
2022-03-25 20:32:04.324010,25.71,99.37,13.30,1873.26
2022-03-25 20:32:14.469239,25.71,99.37,13.19,1881.12
2022-03-25 20:32:24.629711,25.73,99.36,13.04,1946.45
2022-03-25 20:32:34.790251,25.73,99.36,12.98,1973.59
2022-03-25 20:32:44.935521,25.73,99.37,12.99,1982.31
2022-03-25 20:32:55.096113,25.74,99.37,13.03,1994.07
2022-03-25 20:33:05.241349,25.74,99.36,12.98,2022.56
2022-03-25 20:33:15.401924,25.76,99.37,12.99,2028.66
2022-03-25 20:33:25.547137,25.77,99.36,13.03,2037.88
2022-03-25 20:33:35.707698,25.79,99.37,13.02,2033.26
2022-03-25 20:33:45.853070,25.80,99.36,13.02,2027.13
2022-03-25 20:33:56.013576,25.78,99.36,13.00,2042.52
2022-03-25 20:34:06.158954,25.77,99.36,12.98,2058.15
2022-03-25 20:34:16.319246,25.77,99.36,12.97,2070.82
2022-03-25 20:34:26.464452,25.79,99.36,12.99,2066.05
2022-03-25 20:34:36.625065,25.81,99.36,13.00,2059.72
2022-03-25 20:34:46.770202,25.83,99.36,12.98,2062.88
2022-03-25 20:34:56.930775,25.84,99.36,13.09,2058.15
2022-03-25 20:35:07.076334,25.84,99.36,13.15,2053.44
2022-03-25 20:35:17.236598,25.84,99.36,13.18,2044.07
2022-03-25 20:35:27.381673,25.86,99.36,13.24,2027.13
2022-03-25 20:35:37.542084,25.86,99.36,13.22,2027.13
2022-03-25 20:35:47.687309,25.86,99.36,13.26,2014.98
2022-03-25 20:35:57.847873,25.85,99.36,13.29,1991.12
2022-03-25 20:36:07.993212,25.83,99.36,13.29,1989.65
2022-03-25 20:36:18.153727,25.84,99.36,13.28,1973.59
2022-03-25 20:36:28.298845,25.81,99.35,13.23,1985.24
2022-03-25 20:36:38.459365,25.81,99.36,13.30,1979.40
2022-03-25 20:36:48.604731,25.82,99.36,13.40,1967.81
2022-03-25 20:36:58.765337,25.84,99.36,13.44,1924.18
2022-03-25 20:37:08.910354,25.86,99.36,13.43,1920.06
2022-03-25 20:37:19.070955,25.88,99.35,13.46,1887.72
2022-03-25 20:37:29.216192,25.90,99.35,13.54,1885.07
2022-03-25 20:37:39.376721,25.93,99.36,13.64,1853.89
2022-03-25 20:37:49.521921,25.94,99.35,13.73,1804.16
2022-03-25 20:37:59.682439,25.96,99.36,13.90,1785.00
2022-03-25 20:38:09.843066,25.98,99.35,13.88,1741.10
2022-03-25 20:38:19.988495,26.03,99.35,13.65,1770.90
2022-03-25 20:38:30.148839,26.06,99.36,13.42,1795.73
2022-03-25 20:38:40.294002,26.07,99.35,13.23,1834.93
2022-03-25 20:38:50.439151,26.07,99.35,13.12,1864.17
2022-03-25 20:39:00.599740,26.08,99.35,13.01,1902.41
2022-03-25 20:39:10.745177,26.09,99.35,12.95,1940.84
2022-03-25 20:39:20.905538,26.11,99.35,12.95,1943.64
2022-03-25 20:39:31.050834,26.11,99.35,12.98,1953.52
2022-03-25 20:39:41.211405,26.15,99.35,13.03,1945.05
2022-03-25 20:39:51.356738,26.16,99.35,13.15,1938.04
2022-03-25 20:40:01.517006,26.17,99.35,13.18,1922.80
2022-03-25 20:40:11.663444,26.17,99.35,13.18,1898.38
2022-03-25 20:40:21.822919,26.20,99.35,13.21,1889.05
2022-03-25 20:40:31.968323,26.22,99.35,13.21,1875.87
2022-03-25 20:40:42.128842,26.25,99.35,13.21,1901.06
2022-03-25 20:40:52.289332,26.28,99.35,13.20,1871.95
2022-03-25 20:41:02.434831,26.29,99.35,13.22,1851.34
2022-03-25 20:41:12.595070,26.32,99.35,13.23,1856.45
2022-03-25 20:41:22.740372,26.34,99.35,13.22,1826.20
2022-03-25 20:41:32.900907,26.37,99.35,13.18,1842.47
2022-03-25 20:41:43.046266,26.39,99.35,13.20,1834.93
2022-03-25 20:41:53.206900,26.40,99.35,13.24,1820.03
2022-03-25 20:42:03.352462,26.42,99.35,13.27,1767.41
2022-03-25 20:42:13.512647,26.44,99.35,13.32,1786.19
2022-03-25 20:42:23.657911,26.46,99.35,13.39,1781.46
2022-03-25 20:42:33.818318,26.47,99.34,13.43,1763.93
2022-03-25 20:42:43.963654,26.49,99.34,13.45,1733.25
2022-03-25 20:42:54.123930,26.51,99.34,13.50,1745.62
2022-03-25 20:43:04.269366,26.51,99.34,13.58,1733.25
2022-03-25 20:43:14.430010,26.51,99.34,13.41,1739.97
2022-03-25 20:43:24.575309,26.53,99.34,13.33,1759.32
2022-03-25 20:43:34.735736,26.52,99.35,13.34,1790.94
2022-03-25 20:43:44.881023,26.55,99.35,13.36,1753.58
2022-03-25 20:43:55.041413,26.55,99.35,13.41,1780.28
2022-03-25 20:44:05.186688,26.55,99.35,13.52,1765.09
2022-03-25 20:44:15.347227,26.54,99.35,13.50,1749.03
2022-03-25 20:44:25.492405,26.55,99.35,13.51,1769.74
2022-03-25 20:44:35.653014,26.52,99.35,13.55,1754.73
2022-03-25 20:44:45.813580,26.51,99.35,13.34,1805.37
