dateTime,valid,binCount0,binCount1,binCount2,binCount3,binCount4,binCount5,binCount6,binCount7,binCount8,binCount9,binCount10,binCount11,binCount12,binCount13,binCount14,binCount15,binCount16,binCount17,binCount18,binCount19,binCount20,binCount21,binCount22,binCount23,bin1TimeToCross,bin3TimeToCross,bin5TimeToCross,bin7TimeToCross,samplingPeriod,sampleFlowRate,temperature,humidity,pm1,pm2_5,pm10,rejectCountGlitch,rejectCountLongTOF,rejectCountRatio,rejectCountOutOfRange,fanRevCount,laserStatus,checkSum
2022-03-25 19:09:27.874136,1,41,9,1,2,1,0,1,0,0,0,0,0,0,0,0,0,0,0,0,0,0,0,0,0,25,31,0,0,500,469,28.222,14.432,0.23,0.67,1.04,0,2,50,3,0,636,42846
2022-03-25 19:09:37.890391,1,40,8,2,0,2,1,0,1,0,0,0,0,0,0,0,0,0,0,0,0,0,0,0,0,26,0,32,44,500,468,28.227,14.34,0.22,0.89,2.13,1,0,36,10,0,636,1378
2022-03-25 19:09:47.922119,1,36,7,5,2,2,1,0,2,0,0,0,0,0,0,0,0,0,0,0,0,0,0,0,0,30,31,40,44,500,453,28.237,14.342,0.30,1.38,3.83,4,0,29,3,0,636,52880
2022-03-25 19:09:57.953825,1,30,9,2,1,3,3,2,0,1,0,0,0,0,0,0,0,0,0,0,0,0,0,0,0,27,30,35,0,500,450,28.237,14.51,0.29,1.98,5.99,1,0,34,4,0,636,59602
2022-03-25 19:10:07.970099,1,55,5,2,0,0,0,1,1,0,0,0,0,0,0,0,0,0,0,0,0,0,0,0,0,24,0,0,37,500,456,28.237,14.51,0.20,0.80,2.33,1,0,40,5,0,636,42711
2022-03-25 19:10:18.001780,1,30,6,1,0,0,1,0,1,0,0,0,0,0,0,0,0,0,0,0,0,0,0,0,0,31,0,37,49,500,441,28.254,14.582,0.14,0.66,1.95,0,0,33,5,0,636,21978
2022-03-25 19:10:28.018056,1,31,7,0,0,0,1,0,0,1,0,0,0,0,0,0,0,0,0,0,0,0,0,0,0,23,0,30,0,500,454,28.254,14.558,0.13,0.54,3.58,3,0,27,4,0,636,1241
2022-03-25 19:10:38.049785,1,32,11,2,1,1,1,1,0,0,0,0,0,0,0,0,0,0,0,0,0,0,0,0,0,24,39,31,0,500,467,28.249,14.486,0.23,0.83,1.28,1,0,32,4,0,636,53571
2022-03-25 19:10:48.066146,1,34,3,1,2,4,0,0,0,0,0,1,0,0,0,0,0,0,0,0,0,0,0,0,0,22,31,0,0,500,473,28.259,14.486,0.23,0.69,9.71,2,0,27,3,0,636,64060
2022-03-25 19:10:58.097908,1,50,11,4,2,1,1,1,0,0,0,0,0,0,0,0,0,0,0,0,0,0,0,0,0,27,32,33,0,500,466,28.259,14.558,0.32,0.97,1.42,1,0,29,3,0,636,45291
2022-03-25 19:11:08.114150,1,37,7,4,1,2,0,0,0,0,0,0,0,0,0,0,0,0,0,0,0,0,0,0,0,25,23,0,0,500,470,28.265,14.49,0.24,0.48,0.51,1,0,22,2,0,636,10618
2022-03-25 19:11:18.145764,1,36,4,3,1,2,0,1,0,1,0,0,0,0,0,0,0,0,0,0,0,0,0,0,0,31,34,0,0,500,458,28.275,14.516,0.22,0.95,4.27,1,0,26,4,0,636,60847
2022-03-25 19:11:28.161982,1,37,12,2,5,1,0,1,0,0,1,0,0,0,0,0,0,0,0,0,0,0,0,0,0,28,32,0,0,500,447,28.275,14.466,0.32,1.02,7.27,2,0,32,6,0,636,45729
2022-03-25 19:11:38.193545,1,30,3,2,2,0,0,0,0,0,0,0,0,0,0,0,0,0,0,0,0,0,0,0,0,28,31,0,0,500,445,28.275,14.252,0.16,0.25,0.25,1,0,34,6,0,636,14144
2022-03-25 19:11:48.209965,1,39,6,3,4,1,0,0,1,0,1,0,0,0,0,0,0,0,0,0,0,0,0,0,0,31,29,0,49,500,432,28.291,14.516,0.29,0.99,8.30,0,0,26,1,0,635,40588
2022-03-25 19:11:58.226432,1,28,12,1,0,1,0,2,0,0,0,0,0,0,0,0,0,0,0,0,0,0,0,0,0,27,0,0,0,500,431,28.291,14.684,0.20,0.91,1.69,1,0,25,8,0,635,33230
2022-03-25 19:12:08.258135,1,49,12,3,0,3,3,1,0,0,1,1,0,0,0,0,0,0,0,0,0,0,0,0,0,27,0,38,0,500,431,28.28,14.798,0.36,1.74,18.35,0,0,28,2,0,635,40040
2022-03-25 19:12:18.274412,1,35,6,2,0,1,1,1,0,0,0,0,0,0,0,0,0,0,0,0,0,0,0,0,0,28,0,46,0,500,428,28.28,15.11,0.20,0.82,1.31,1,0,36,5,0,635,247
2022-03-25 19:12:28.306089,1,48,5,4,1,0,1,0,0,0,0,0,0,0,0,0,0,0,0,0,0,0,0,0,0,29,28,34,0,500,423,28.291,14.852,0.26,0.53,0.62,1,0,31,5,0,635,46945
2022-03-25 19:12:38.337625,1,44,9,4,1,2,0,3,0,0,0,0,0,0,0,0,0,0,0,0,0,0,0,0,0,24,49,0,0,500,437,28.296,14.756,0.31,1.45,2.62,0,0,34,2,0,635,13662
2022-03-25 19:12:48.353754,1,39,5,2,1,3,3,0,0,0,0,0,0,0,0,0,0,0,0,0,0,0,0,0,0,28,32,36,0,500,434,28.291,14.852,0.28,1.22,1.53,2,0,25,2,0,635,8202
2022-03-25 19:12:58.385422,1,32,6,4,0,3,3,2,0,1,2,0,0,0,0,0,0,0,0,0,0,0,0,0,0,27,0,40,0,500,433,28.286,14.946,0.29,2.27,18.53,3,0,33,2,0,635,18597
2022-03-25 19:13:08.401761,1,37,6,2,1,1,2,0,1,0,0,0,0,0,0,0,0,0,0,0,0,0,0,0,0,26,30,42,56,500,436,28.296,14.852,0.23,1.09,2.49,2,0,35,4,0,635,37741
2022-03-25 19:13:18.433203,1,40,5,6,1,0,2,0,0,1,0,0,0,0,0,0,0,0,0,0,0,0,0,0,0,30,29,33,0,500,428,28.301,14.616,0.28,0.99,4.30,2,0,38,9,0,635,48905
2022-03-25 19:13:28.449596,1,34,11,2,1,3,0,0,0,1,0,0,0,0,0,1,0,0,0,0,0,0,0,0,0,30,38,0,0,500,414,28.296,14.706,0.28,0.88,19.79,2,1,30,5,0,635,41382
2022-03-25 19:13:38.481303,1,38,9,1,1,2,3,1,0,1,0,0,1,0,0,0,0,0,0,0,0,0,0,0,0,30,29,33,0,500,404,28.301,14.97,0.30,1.76,20.64,2,0,38,6,0,635,44956
2022-03-25 19:13:48.497749,1,44,5,0,0,0,1,0,0,2,0,0,0,0,0,0,0,0,0,0,0,0,0,0,0,26,0,32,0,500,408,28.296,14.97,0.17,0.86,7.53,1,0,37,5,0,635,33936
2022-03-25 19:13:58.529255,1,33,9,4,0,2,0,1,1,0,1,1,0,0,0,0,0,0,0,0,0,0,0,0,0,26,0,0,43,500,415,28.301,15.02,0.26,1.31,19.54,1,0,45,6,0,635,63630
2022-03-25 19:14:08.545575,1,28,9,4,1,1,1,0,1,0,0,0,0,0,0,0,0,0,0,0,0,0,0,0,0,26,34,34,41,500,421,28.291,15.21,0.25,0.95,2.32,0,0,32,2,0,635,32846
2022-03-25 19:14:18.577020,1,43,4,3,2,0,0,0,1,0,0,0,0,0,0,0,0,0,0,0,0,0,0,0,0,23,32,0,37,500,429,28.307,15.188,0.23,0.64,1.88,2,0,40,5,0,635,62005
2022-03-25 19:14:28.593601,1,39,10,2,0,0,0,0,0,0,0,1,0,0,0,0,0,0,0,0,0,0,0,0,0,29,0,0,0,500,420,28.307,15.02,0.20,0.27,10.37,0,0,37,5,0,634,4352
2022-03-25 19:14:38.625170,1,30,8,4,1,0,0,1,0,0,0,0,0,0,0,0,0,0,0,0,0,0,0,0,0,30,39,0,0,500,411,28.301,15.044,0.23,0.62,1.02,4,0,31,4,0,634,17886
2022-03-25 19:14:48.641415,1,34,9,3,0,6,4,0,0,0,0,0,0,0,0,0,0,0,0,0,0,0,0,0,0,29,0,37,0,500,405,28.312,14.804,0.39,1.88,2.35,0,0,37,3,0,635,57028
2022-03-25 19:14:58.657992,1,29,7,7,1,1,0,0,0,1,0,0,0,0,0,0,0,0,0,0,0,0,0,0,0,26,30,0,0,500,411,28.301,14.732,0.28,0.71,3.99,0,0,42,1,0,634,9995
2022-03-25 19:15:08.689470,1,41,4,2,1,1,2,1,0,0,0,1,0,0,0,0,0,0,0,0,0,0,0,0,0,36,35,35,0,500,396,28.307,14.592,0.26,1.23,12.57,1,0,40,4,0,634,56641
2022-03-25 19:15:18.720962,1,32,12,2,0,2,2,0,0,0,0,0,0,0,0,0,0,0,0,0,0,0,0,0,0,26,0,39,0,500,406,28.312,14.52,0.27,0.93,1.14,2,0,39,5,0,634,53307
2022-03-25 19:15:28.737429,1,31,10,5,1,4,1,0,0,0,0,1,0,0,0,0,0,0,0,0,0,0,0,0,0,27,34,41,0,500,409,28.296,14.54,0.35,1.10,11.62,0,0,30,1,0,634,20649
2022-03-25 19:15:38.753510,1,43,9,3,1,1,0,2,0,1,0,0,0,0,0,0,0,0,0,0,0,0,0,0,0,25,34,0,0,500,420,28.296,14.826,0.27,1.29,5.28,1,0,35,3,0,634,8031
2022-03-25 19:15:48.785180,1,46,10,1,3,1,3,1,1,0,0,0,0,0,0,0,0,0,0,0,0,0,0,0,0,25,34,39,39,500,430,28.296,14.898,0.33,1.77,3.67,3,0,41,3,0,634,41834
2022-03-25 19:15:58.816894,1,45,10,2,4,0,0,0,1,0,0,0,0,0,0,0,0,0,0,0,0,0,0,0,0,29,35,0,59,500,421,28.301,14.874,0.30,0.80,2.06,0,0,38,4,0,634,64070
2022-03-25 19:16:08.833291,1,33,10,2,1,1,2,0,0,1,0,0,0,0,0,0,0,0,0,0,0,0,0,0,0,29,31,38,0,500,414,28.296,14.468,0.26,1.07,4.51,2,0,40,6,0,634,13192
2022-03-25 19:16:18.864921,1,25,7,6,0,2,3,0,1,0,0,0,0,0,0,0,0,0,0,0,0,0,0,0,0,28,0,38,44,500,412,28.291,14.352,0.29,1.51,3.10,0,0,29,1,0,634,30356
2022-03-25 19:16:28.881155,1,35,5,3,1,0,0,1,1,0,0,0,0,0,0,0,0,0,0,0,0,0,0,0,0,26,31,0,44,500,416,28.296,14.204,0.20,0.90,2.58,2,0,35,7,0,634,46127
2022-03-25 19:16:38.912844,1,33,4,2,2,1,1,1,1,1,0,0,0,0,0,0,0,0,0,0,0,0,0,0,0,24,41,32,47,500,422,28.301,14.208,0.23,1.48,6.42,1,0,37,5,0,634,7624
2022-03-25 19:16:48.929288,1,39,5,5,2,4,3,0,0,0,0,0,0,0,0,0,0,0,0,0,0,0,0,0,0,27,29,33,0,500,423,28.286,14.184,0.38,1.50,1.83,4,0,33,6,0,634,29489
2022-03-25 19:16:58.961257,1,41,7,2,1,2,4,0,0,0,0,1,1,0,0,0,0,0,0,0,0,0,0,0,0,24,30,34,0,500,434,28.296,14.232,0.29,1.38,25.35,0,0,38,2,0,634,32012
2022-03-25 19:17:08.977460,1,32,4,1,1,2,1,1,0,0,1,0,0,0,0,0,0,0,0,0,0,0,0,0,0,27,28,31,0,500,433,28.291,14.372,0.20,1.06,7.61,3,0,43,8,0,634,49840
2022-03-25 19:17:19.008803,1,43,3,1,0,2,2,0,1,0,0,0,0,0,0,0,0,0,0,0,0,0,0,0,0,23,0,35,37,500,439,28.286,14.3,0.21,1.11,2.52,3,0,37,9,0,634,1045
2022-03-25 19:17:29.025244,1,31,7,1,1,1,1,0,0,1,0,0,0,0,0,1,0,0,0,0,0,0,0,0,0,26,27,47,0,500,442,28.296,14.352,0.19,0.75,18.53,0,0,37,5,0,634,31095
2022-03-25 19:17:39.056733,1,51,7,3,2,2,3,0,0,3,0,0,0,0,0,0,0,0,0,0,0,0,0,0,0,23,37,42,0,500,455,28.296,14.424,0.33,1.82,10.93,3,0,27,4,0,634,4012
2022-03-25 19:17:49.073029,1,32,7,3,0,0,0,1,1,0,0,0,0,0,0,0,0,0,0,0,0,0,0,0,0,26,0,0,41,500,456,28.286,14.706,0.17,0.78,2.30,0,0,29,3,0,634,17974
2022-03-25 19:17:59.089427,1,40,6,2,1,2,2,0,0,0,0,0,0,0,0,0,0,0,0,0,0,0,0,0,0,30,38,35,0,500,444,28.301,14.78,0.25,0.88,1.08,2,0,22,1,0,634,13908
2022-03-25 19:18:09.120986,1,33,5,2,0,0,2,1,0,0,0,0,0,0,0,0,0,0,0,0,0,0,0,0,0,31,0,41,0,500,433,28.296,14.564,0.18,0.90,1.46,1,0,29,7,0,634,35969
2022-03-25 19:18:19.152752,1,49,10,3,0,2,3,0,0,2,1,0,0,0,0,0,0,0,0,0,0,0,0,0,0,28,0,32,0,500,428,28.291,14.352,0.32,1.72,14.40,2,0,30,6,0,634,7933
2022-03-25 19:18:29.168956,1,47,7,4,1,2,2,2,0,0,0,0,0,0,0,0,0,0,0,0,0,0,0,0,0,27,37,31,0,500,428,28.307,14.328,0.33,1.60,2.58,0,0,29,4,0,634,22649
2022-03-25 19:18:39.185180,1,34,8,4,0,1,1,0,0,0,0,0,0,0,0,0,0,0,0,0,0,0,0,0,0,26,0,33,0,500,432,28.286,14.3,0.23,0.56,0.66,1,0,27,7,0,633,41818
2022-03-25 19:18:49.217190,1,40,8,4,1,2,1,0,1,0,0,0,0,0,0,0,0,0,0,0,0,0,0,0,0,28,37,43,41,500,428,28.296,14.256,0.29,1.08,2.43,0,0,39,6,0,633,8793
2022-03-25 19:18:59.248791,1,35,3,2,1,0,2,2,0,1,0,0,0,0,0,0,0,0,0,0,0,0,0,0,0,30,28,33,0,500,423,28.291,14.256,0.20,1.51,5.64,2,0,30,4,0,634,32026
2022-03-25 19:19:09.265299,1,53,10,4,1,0,5,1,0,1,0,0,0,0,0,0,0,0,0,0,0,0,0,0,0,27,34,34,0,500,424,28.296,14.256,0.36,1.99,5.99,0,0,35,4,0,633,65333
2022-03-25 19:19:19.281426,1,37,9,2,0,1,0,1,0,0,0,0,0,0,0,0,0,0,0,0,0,0,0,0,0,25,0,0,0,500,433,28.296,13.994,0.21,0.62,1.02,3,0,33,4,0,634,10446
2022-03-25 19:19:29.313013,1,43,13,2,1,1,4,0,0,0,0,0,0,0,0,0,0,0,0,0,0,0,0,0,0,24,35,37,0,500,450,28.291,14.012,0.31,1.22,1.58,2,0,33,5,0,634,6450
2022-03-25 19:19:39.329251,1,36,9,5,1,1,0,0,0,0,0,0,0,0,0,0,0,0,0,0,0,0,0,0,0,26,31,0,0,500,452,28.296,14.3,0.26,0.42,0.44,1,0,28,5,0,634,7988
2022-03-25 19:19:49.360910,1,33,6,2,3,2,1,1,0,1,0,0,0,0,0,0,0,0,0,0,0,0,0,0,0,28,32,52,0,500,447,28.291,14.256,0.27,1.28,4.76,1,0,30,6,0,633,53266
2022-03-25 19:19:59.377443,1,34,6,2,2,4,0,0,0,0,0,0,0,0,0,0,0,0,0,0,0,0,0,0,0,26,29,0,0,500,448,28.291,14.228,0.27,0.73,0.78,4,0,30,7,0,634,51747
2022-03-25 19:20:09.408896,1,38,7,2,1,1,4,0,0,0,0,0,0,0,0,0,0,0,0,0,0,0,0,0,0,26,39,37,0,500,450,28.291,14.324,0.26,1.17,1.52,2,0,37,4,0,634,46532
2022-03-25 19:20:19.425235,1,38,7,3,1,1,1,3,0,0,0,0,0,0,0,0,0,0,0,0,0,0,0,0,0,29,30,41,0,500,441,28.291,14.352,0.25,1.49,2.72,1,0,22,4,0,634,61226
2022-03-25 19:20:29.456843,1,35,9,1,0,4,0,0,1,0,0,0,0,0,0,0,0,0,0,0,0,0,0,0,0,27,0,0,39,500,439,28.291,14.468,0.24,0.94,2.20,1,0,41,5,0,634,57484
2022-03-25 19:20:39.473044,1,39,8,0,2,2,1,0,0,0,0,0,0,0,0,0,0,0,0,0,0,0,0,0,0,27,32,50,0,500,438,28.291,14.684,0.25,0.71,0.82,1,0,38,3,0,634,2195
2022-03-25 19:20:49.504807,1,31,7,2,0,1,2,0,0,0,1,0,0,0,0,0,0,0,0,0,0,0,0,0,0,27,0,39,0,500,437,28.291,14.802,0.20,0.83,7.01,1,0,37,6,0,634,3514
2022-03-25 19:20:59.536550,1,40,3,4,2,2,0,2,0,1,0,0,0,0,0,0,0,0,0,0,0,0,0,0,0,27,29,0,0,500,437,28.296,14.66,0.27,1.38,5.24,1,0,43,2,0,634,41901
2022-03-25 19:21:09.552602,1,30,4,4,2,1,2,1,0,1,0,0,0,0,0,0,0,0,0,0,0,0,0,0,0,23,30,33,0,500,445,28.296,14.564,0.25,1.34,4.92,2,0,44,5,0,633,21771
2022-03-25 19:21:19.584263,1,38,8,3,0,1,0,0,0,0,0,0,0,0,0,0,0,0,0,0,0,0,0,0,0,26,0,0,0,500,447,28.307,14.564,0.21,0.33,0.34,1,0,39,6,0,634,62407
2022-03-25 19:21:29.600635,1,43,4,3,0,1,0,1,0,0,0,0,0,0,0,0,0,0,0,0,0,0,0,0,0,25,0,0,0,500,450,28.301,14.564,0.20,0.60,0.98,0,0,35,2,0,633,11363
2022-03-25 19:21:39.616901,1,29,6,5,0,0,1,0,0,0,0,0,0,0,0,0,0,0,0,0,0,0,0,0,0,28,0,46,0,500,445,28.307,14.784,0.20,0.43,0.52,1,0,28,3,0,633,40500
2022-03-25 19:21:49.648570,1,44,3,4,0,1,1,0,0,0,0,0,0,0,0,0,0,0,0,0,0,0,0,0,0,26,0,34,0,500,446,28.317,14.618,0.22,0.54,0.64,1,0,32,0,0,633,15617
2022-03-25 19:21:59.664974,1,37,6,0,0,1,0,1,1,1,0,0,0,0,0,0,0,0,0,0,0,0,0,0,0,25,0,0,36,500,450,28.317,14.804,0.15,1.06,5.60,1,0,35,7,0,633,11543
2022-03-25 19:22:09.696840,1,42,9,4,0,0,0,0,0,1,0,0,0,0,0,0,0,0,0,0,0,0,0,0,0,26,0,0,0,500,452,28.312,14.828,0.22,0.47,3.43,2,0,42,4,0,634,17610
2022-03-25 19:22:19.728375,1,43,3,2,2,1,4,1,1,1,0,0,0,0,0,0,0,0,0,0,0,0,0,0,0,24,33,40,40,500,456,28.322,14.69,0.27,2.00,6.81,2,0,33,5,0,634,37074
2022-03-25 19:22:29.744517,1,48,8,3,0,3,1,1,0,0,0,0,0,0,0,0,0,0,0,0,0,0,0,0,0,26,0,32,0,500,457,28.317,14.664,0.28,1.05,1.54,0,0,37,3,0,634,4444
2022-03-25 19:22:39.776271,1,48,12,3,0,1,2,1,0,1,0,0,0,0,0,0,0,0,0,0,0,0,0,0,0,25,0,31,0,500,464,28.322,14.498,0.28,1.26,4.68,0,0,29,5,0,634,18661
2022-03-25 19:22:49.792604,1,32,6,1,1,2,3,0,0,1,0,0,0,0,0,0,0,0,0,0,0,0,0,0,0,27,29,35,0,500,461,28.322,14.402,0.22,1.22,4.40,0,0,25,7,0,633,19256
2022-03-25 19:22:59.824402,1,48,9,1,2,0,1,1,0,0,0,0,0,0,0,0,1,0,0,0,0,0,0,0,0,27,31,36,0,500,456,28.317,14.472,0.24,0.80,13.16,1,0,19,3,0,633,51932
2022-03-25 19:23:09.840819,1,41,6,5,1,2,0,0,1,0,0,0,0,0,1,0,0,0,0,0,0,0,0,0,0,27,31,0,42,500,454,28.328,14.448,0.27,0.82,17.74,2,0,32,4,0,633,36867
2022-03-25 19:23:19.872098,1,32,6,4,2,1,1,0,0,0,0,0,0,0,0,0,0,0,0,0,0,0,0,0,0,30,40,44,0,500,442,28.328,14.138,0.25,0.64,0.75,3,0,30,1,0,633,34775
2022-03-25 19:23:29.888410,1,39,9,1,1,2,2,1,0,1,0,0,0,0,0,0,0,0,0,0,0,0,0,0,0,28,33,39,0,500,436,28.322,14.28,0.26,1.42,5.08,1,0,34,3,0,633,17196
2022-03-25 19:23:39.904742,1,33,2,2,0,0,2,0,0,0,0,0,0,0,0,0,0,0,0,0,0,0,0,0,0,26,0,41,0,500,437,28.333,14.19,0.15,0.57,0.74,0,0,23,3,0,633,26557
2022-03-25 19:23:49.936140,1,36,8,3,1,1,1,0,0,0,0,0,0,0,0,0,0,0,0,0,0,0,0,0,0,26,30,38,0,500,440,28.328,14.19,0.24,0.59,0.69,0,0,29,4,0,633,596
2022-03-25 19:23:59.967982,1,38,3,3,3,1,2,1,0,0,1,0,0,0,0,0,0,0,0,0,0,0,0,0,0,29,29,51,0,500,437,28.333,14.334,0.28,1.31,7.88,2,0,30,4,0,633,28925
2022-03-25 19:24:09.984316,1,35,7,4,0,1,2,1,1,0,0,0,0,0,0,0,0,0,0,0,0,0,0,0,0,29,0,38,35,500,429,28.328,14.306,0.25,1.40,3.22,2,0,39,2,0,633,13291
2022-03-25 19:24:20.016166,1,38,13,2,1,1,1,0,2,2,0,0,0,0,0,0,0,0,0,0,0,0,0,0,0,26,27,32,46,500,435,28.333,14.282,0.26,1.69,10.40,3,0,34,6,0,633,51136
2022-03-25 19:24:30.032432,1,46,6,2,0,1,2,0,2,0,0,0,0,0,0,0,0,0,0,0,0,0,0,0,0,29,0,49,38,500,429,28.322,14.28,0.24,1.39,4.05,0,0,36,4,0,633,60454
2022-03-25 19:24:40.048473,1,36,6,1,1,0,0,1,1,0,1,0,0,0,0,0,0,0,0,0,0,0,0,0,0,33,39,0,40,500,412,28.328,14.498,0.18,1.00,9.05,1,0,39,6,0,633,19910
2022-03-25 19:24:50.080212,1,42,8,5,1,4,1,0,1,0,0,0,0,0,0,0,0,0,0,0,0,0,0,0,0,26,29,35,40,500,417,28.333,14.474,0.36,1.37,2.79,2,0,29,3,0,633,1236
2022-03-25 19:25:00.111761,1,38,9,3,3,2,0,1,0,0,0,0,0,0,0,0,0,0,0,0,0,0,0,0,0,30,32,0,0,500,407,28.322,14.448,0.33,0.99,1.44,1,0,34,5,0,633,5048
2022-03-25 19:25:10.128125,1,35,5,2,2,2,0,0,0,1,0,0,0,0,0,0,0,0,0,0,0,0,0,0,0,26,27,0,0,500,411,28.322,14.402,0.25,0.78,4.07,2,0,46,4,0,633,53753
2022-03-25 19:25:20.159757,1,36,4,3,0,3,0,1,0,2,0,0,0,0,0,0,0,0,0,0,0,0,0,0,0,26,0,0,0,500,414,28.317,14.496,0.24,1.35,8.27,2,0,31,2,0,633,61575
2022-03-25 19:25:30.176214,1,37,8,2,0,1,1,0,0,0,0,0,0,0,0,0,0,0,0,0,0,0,0,0,0,25,0,42,0,500,423,28.317,14.376,0.22,0.54,0.64,2,0,27,6,0,633,33547
2022-03-25 19:25:40.207799,1,31,5,2,0,0,1,2,1,0,0,0,0,0,0,0,0,0,0,0,0,0,0,0,0,30,0,30,43,500,417,28.312,14.54,0.17,1.35,3.51,1,0,27,1,0,633,49301
2022-03-25 19:25:50.224116,1,33,6,4,1,1,1,0,0,0,0,0,0,0,0,0,0,0,0,0,0,0,0,0,0,28,36,34,0,500,415,28.312,14.4,0.25,0.63,0.74,1,0,32,6,0,633,62299
2022-03-25 19:26:00.255610,1,40,6,4,0,1,0,1,0,0,0,0,0,0,0,0,0,0,0,0,0,0,0,0,0,29,0,0,0,500,411,28.301,14.232,0.24,0.69,1.11,2,0,31,4,0,633,38766
2022-03-25 19:26:10.272111,1,37,5,0,2,2,0,0,1,1,0,0,0,0,0,0,0,0,0,0,0,0,0,0,0,28,29,0,44,500,410,28.301,14.232,0.22,1.07,5.67,3,0,33,3,0,633,31744
2022-03-25 19:26:20.303732,1,31,7,2,1,1,1,0,0,1,0,0,0,0,0,0,0,0,0,0,0,0,0,0,0,29,28,30,0,500,406,28.296,14.328,0.22,0.84,4.25,4,0,42,6,0,633,15895
2022-03-25 19:26:30.335576,1,43,6,5,1,2,2,1,1,0,0,0,0,0,0,0,0,0,0,0,0,0,0,0,0,28,27,33,36,500,405,28.307,14.28,0.34,1.71,3.65,3,0,30,1,0,633,24045
2022-03-25 19:26:40.351262,1,34,7,1,0,2,3,0,0,1,0,0,0,0,0,0,0,0,0,0,0,0,0,0,0,24,0,42,0,500,417,28.301,14.09,0.24,1.30,4.82,1,0,31,5,0,633,8752
2022-03-25 19:26:50.367609,1,40,13,4,0,2,1,0,0,0,0,1,0,0,0,0,0,0,0,0,0,0,0,0,0,26,0,31,0,500,425,28.291,14.108,0.31,0.79,10.88,1,0,37,1,0,633,60434
2022-03-25 19:27:00.399275,1,36,4,8,1,2,0,0,0,0,0,0,0,0,0,0,0,0,0,0,0,0,0,0,0,25,50,0,0,500,429,28.312,14.09,0.30,0.59,0.62,4,0,31,4,0,633,657
2022-03-25 19:27:10.415898,1,40,8,1,0,2,4,2,0,0,0,0,0,0,0,0,0,0,0,0,0,0,0,0,0,29,0,40,0,500,422,28.301,14.04,0.28,1.92,3.10,2,0,29,4,0,633,43908
2022-03-25 19:27:20.447383,1,38,8,1,0,2,2,1,0,0,0,0,0,0,0,0,0,0,0,0,0,0,0,0,0,25,0,40,0,500,430,28.307,14.016,0.24,1.15,1.74,2,0,40,6,0,633,62438
2022-03-25 19:27:30.464068,1,35,6,1,2,1,1,0,0,0,0,0,0,0,0,0,0,0,0,0,0,0,0,0,0,27,28,38,0,500,430,28.296,13.968,0.22,0.60,0.71,2,0,30,7,0,633,63263
2022-03-25 19:27:40.495219,1,32,8,1,1,2,0,1,0,0,1,0,0,0,0,0,0,0,0,0,0,0,0,0,0,26,27,0,0,500,434,28.296,14.012,0.22,0.87,7.32,2,0,37,6,0,633,13179
2022-03-25 19:27:50.511863,1,37,6,4,1,1,1,0,1,0,1,0,0,0,0,0,0,0,0,0,0,0,0,0,0,26,33,57,48,500,436,28.307,14.354,0.25,1.04,8.36,2,0,35,1,0,633,54104
2022-03-25 19:28:00.543588,1,40,6,1,2,0,2,2,0,0,0,1,0,0,0,0,0,0,0,0,0,0,0,0,0,30,29,37,0,500,427,28.296,14.396,0.24,1.38,12.27,0,0,30,2,0,633,2542
2022-03-25 19:28:10.559909,1,47,7,4,0,0,1,1,0,0,0,0,0,0,0,0,0,0,0,0,0,0,0,0,0,27,0,35,0,500,427,28.301,14.09,0.25,0.79,1.27,2,0,33,6,0,633,31784
2022-03-25 19:28:20.591647,1,22,3,4,2,2,1,0,1,0,0,0,0,0,0,0,0,0,0,0,0,0,0,0,0,25,30,36,45,500,430,28.307,14.304,0.23,1.05,2.40,1,0,32,6,0,633,1023
2022-03-25 19:28:30.608032,1,42,12,0,0,2,2,0,0,0,0,1,0,0,0,0,0,0,0,0,0,0,0,0,0,26,0,47,0,500,436,28.296,14.232,0.25,0.89,10.82,3,0,19,2,0,633,23949
2022-03-25 19:28:40.639363,1,45,7,5,2,3,1,0,0,0,0,0,0,0,0,0,0,0,0,0,0,0,0,0,0,29,29,35,0,500,428,28.307,14.258,0.36,0.96,1.09,2,0,41,4,0,633,28010
2022-03-25 19:28:50.655968,1,42,10,3,0,1,1,0,1,1,0,0,0,0,0,0,0,0,0,0,0,0,0,0,0,27,0,32,42,500,429,28.301,14.304,0.25,1.12,5.59,2,0,26,2,0,633,9286
2022-03-25 19:29:00.687333,1,32,9,2,2,1,1,0,0,0,0,0,0,1,0,0,0,0,0,0,0,0,0,0,0,27,33,38,0,500,429,28.296,14.396,0.25,0.64,17.26,1,0,31,1,0,633,30548
2022-03-25 19:29:10.704219,1,43,13,4,1,0,0,0,1,0,0,0,0,0,0,0,0,0,0,0,0,0,0,0,0,26,36,0,48,500,435,28.291,14.324,0.27,0.66,1.88,1,0,29,3,0,633,58104
2022-03-25 19:29:20.735498,1,45,11,5,0,3,1,0,0,0,1,0,0,0,0,0,0,0,0,0,0,0,0,0,0,27,0,39,0,500,434,28.291,14.324,0.33,0.98,7.14,0,0,39,3,0,633,39128
2022-03-25 19:29:30.751670,1,36,8,2,1,2,2,1,0,0,0,0,0,0,0,0,0,0,0,0,0,0,0,0,0,25,29,41,0,500,441,28.296,14.3,0.26,1.19,1.77,3,0,30,9,0,633,1097
2022-03-25 19:29:40.783421,1,44,6,1,0,0,0,2,2,0,0,0,0,0,0,0,0,0,0,0,0,0,0,0,0,29,0,0,42,500,434,28.291,14.492,0.18,1.41,4.62,1,0,29,6,0,633,55721
2022-03-25 19:29:50.799931,1,53,7,1,2,1,0,1,0,0,0,0,0,0,0,0,0,0,0,0,0,0,0,0,0,26,28,0,0,500,437,28.296,14.564,0.26,0.74,1.13,1,0,22,10,0,633,27403
2022-03-25 19:30:00.831956,1,34,9,4,1,4,1,0,0,0,0,0,0,0,0,0,0,0,0,0,0,0,0,0,0,25,30,31,0,500,445,28.291,14.516,0.31,0.95,1.08,0,0,29,3,0,633,59446
2022-03-25 19:30:10.848042,1,28,8,0,0,1,0,0,0,0,0,0,0,0,0,0,0,0,0,0,0,0,0,0,0,31,0,0,0,500,428,28.291,14.66,0.15,0.25,0.26,0,0,25,3,0,633,17683
2022-03-25 19:30:20.879456,1,43,9,2,0,1,0,0,0,0,0,0,0,0,1,0,0,0,0,0,0,0,0,0,0,29,0,0,0,500,420,28.301,14.352,0.23,0.34,17.35,0,0,26,1,0,633,57281
2022-03-25 19:30:30.896075,1,26,3,3,0,1,1,1,1,0,1,0,0,0,0,0,0,0,0,0,0,0,0,0,0,24,0,36,38,500,425,28.296,14.256,0.17,1.25,9.15,4,0,40,7,0,633,7441
2022-03-25 19:30:40.927562,1,54,3,5,2,1,0,1,0,0,0,1,0,0,0,0,0,0,0,0,0,0,0,0,0,26,28,0,0,500,426,28.296,14.372,0.31,0.87,11.23,2,0,32,1,0,633,54017
2022-03-25 19:30:50.944014,1,37,7,1,1,2,1,0,0,0,1,0,0,0,0,0,0,0,0,0,0,0,0,0,0,29,30,32,0,500,420,28.291,14.42,0.24,0.81,7.17,1,0,30,1,0,633,2672
2022-03-25 19:31:00.975705,1,40,12,2,1,0,1,1,0,0,0,0,0,0,0,0,0,0,0,0,0,0,0,0,0,30,26,37,0,500,407,28.296,14.468,0.27,0.86,1.36,2,0,32,5,0,633,30759
2022-03-25 19:31:10.992031,1,46,7,2,1,0,2,2,1,0,0,0,1,0,0,0,0,0,0,0,0,0,0,0,0,28,33,31,43,500,406,28.291,14.324,0.27,1.73,18.81,4,0,31,5,0,633,56357
2022-03-25 19:31:21.023458,1,39,14,0,1,1,2,1,0,0,0,0,0,0,0,0,0,0,0,0,0,0,0,0,0,27,32,34,0,500,410,28.301,14.352,0.28,1.16,1.77,1,0,35,6,0,633,6075
2022-03-25 19:31:31.039814,1,34,8,5,1,3,0,0,0,1,0,0,0,0,0,0,0,0,0,0,0,0,0,0,0,24,34,0,0,500,423,28.296,14.204,0.30,0.90,4.12,2,0,28,2,0,633,38266
2022-03-25 19:31:41.071499,1,38,7,3,0,1,2,1,0,0,1,0,0,0,0,1,0,0,0,0,0,0,0,0,0,27,0,32,0,500,424,28.291,14.16,0.24,1.21,23.23,2,0,25,6,0,633,7738
2022-03-25 19:31:51.087771,1,40,9,4,0,1,0,1,0,1,0,0,0,0,0,0,0,0,0,0,0,0,0,0,0,27,0,0,0,500,425,28.307,14.258,0.25,0.92,4.48,3,0,26,6,0,633,34942
2022-03-25 19:32:01.119568,1,23,7,0,0,2,1,1,0,0,0,0,0,0,0,0,0,0,0,0,0,0,0,0,0,30,0,38,0,500,416,28.307,14.472,0.17,0.89,1.41,2,0,26,9,0,633,59231
2022-03-25 19:32:11.136065,1,37,5,5,2,2,0,0,0,0,0,0,0,0,0,0,0,0,0,0,0,0,0,0,0,29,35,0,0,500,412,28.307,15.876,0.30,0.62,0.65,3,0,27,6,0,633,33185
2022-03-25 19:32:21.167606,1,33,8,2,1,1,2,0,0,0,0,0,0,0,0,0,0,0,0,0,0,0,0,0,0,26,30,34,0,500,418,28.301,16.802,0.24,0.81,1.01,3,0,29,3,0,633,33120
2022-03-25 19:32:31.183789,1,39,6,5,2,1,2,0,0,0,0,0,0,0,0,0,0,0,0,0,0,0,0,0,0,32,30,35,0,500,405,28.312,16.352,0.32,0.97,1.18,1,0,42,4,0,633,33246
2022-03-25 19:32:41.215569,1,34,5,1,0,0,1,3,0,0,1,1,0,0,0,0,0,0,0,0,0,0,0,0,0,25,0,35,0,500,411,28.291,16.434,0.17,1.51,19.51,2,0,28,3,0,633,2701
2022-03-25 19:32:51.231958,1,42,10,3,0,1,1,0,0,1,0,0,0,0,0,0,0,0,0,0,0,0,0,0,0,26,0,38,0,500,418,28.291,16.302,0.26,0.83,4.14,1,0,37,4,0,633,28676
2022-03-25 19:33:01.263564,1,41,5,0,3,1,0,2,0,1,0,0,0,0,0,0,0,0,0,0,0,0,0,0,0,24,27,0,0,500,426,28.296,16.37,0.24,1.28,5.23,0,0,31,3,0,634,52286
2022-03-25 19:33:11.280116,1,30,7,2,1,2,0,1,1,2,0,0,0,0,0,0,0,0,0,0,0,0,0,0,0,27,29,0,41,500,427,28.291,16.176,0.22,1.55,9.49,1,0,27,3,0,634,33796
2022-03-25 19:33:21.311782,1,31,8,4,1,1,0,2,1,0,0,0,0,0,0,0,0,0,0,0,0,0,0,0,0,27,30,0,74,500,427,28.286,15.278,0.25,1.34,3.37,0,0,42,2,0,634,34809
2022-03-25 19:33:31.328461,1,40,7,3,2,6,1,1,1,0,0,0,0,0,0,0,0,0,0,0,0,0,0,0,0,25,30,33,37,500,434,28.291,14.706,0.38,1.85,3.63,1,0,28,3,0,634,55669
2022-03-25 19:33:41.360068,1,45,9,1,1,4,1,1,2,1,0,0,0,0,0,0,0,0,0,0,0,0,0,0,0,26,28,33,38,500,438,28.286,14.684,0.31,2.07,8.07,1,0,40,3,0,634,8364
2022-03-25 19:33:51.376660,1,40,3,1,0,0,1,1,0,0,0,0,0,0,0,0,0,0,0,0,0,0,0,0,0,26,0,33,0,500,439,28.286,14.658,0.15,0.66,1.12,1,0,38,7,0,634,58715
2022-03-25 19:34:01.408181,1,37,13,3,0,0,4,0,0,1,0,0,0,0,0,0,0,0,0,0,0,0,0,0,0,27,0,31,0,500,437,28.275,14.822,0.27,1.32,4.73,3,0,30,8,0,634,44475
2022-03-25 19:34:11.424328,1,44,7,4,0,4,1,1,1,0,0,0,0,0,0,0,0,0,0,0,0,0,0,0,0,28,0,34,37,500,433,28.28,14.922,0.32,1.55,3.30,1,0,34,2,0,634,37930
2022-03-25 19:34:21.455734,1,42,8,1,1,1,1,2,1,0,0,0,0,0,1,1,0,0,0,0,0,0,0,0,0,26,30,33,39,500,436,28.275,14.798,0.24,1.49,34.78,1,0,40,3,0,634,11668
2022-03-25 19:34:31.472234,1,42,8,2,1,1,1,1,0,1,0,1,0,0,0,0,0,0,0,0,0,0,0,0,0,25,34,32,0,500,443,28.286,14.516,0.24,1.14,14.22,1,0,37,5,0,634,1681
2022-03-25 19:34:41.503597,1,41,6,2,0,0,1,0,0,0,0,0,0,0,0,0,0,0,0,0,0,0,0,0,0,26,0,33,0,500,445,28.275,14.49,0.18,0.40,0.48,4,0,22,5,0,634,24126
2022-03-25 19:34:51.520262,1,28,8,3,1,0,0,0,1,2,0,0,0,0,0,0,0,0,0,0,0,0,0,0,0,25,27,0,43,500,451,28.286,14.634,0.18,0.98,8.10,2,0,28,8,0,634,35817
2022-03-25 19:35:01.551650,1,31,5,2,1,2,1,0,0,0,0,0,0,0,0,0,0,0,0,0,0,0,0,0,0,24,40,35,0,500,457,28.28,14.634,0.21,0.63,0.74,3,0,32,7,0,634,426
2022-03-25 19:35:11.568056,1,27,7,2,2,1,1,0,0,1,0,0,0,0,0,0,0,0,0,0,0,0,0,0,0,29,28,31,0,500,447,28.28,14.562,0.21,0.81,3.91,1,0,32,4,0,634,16149
2022-03-25 19:35:21.599452,1,21,6,0,1,2,2,0,0,0,0,0,0,0,0,0,0,0,0,0,0,0,0,0,0,25,30,38,0,500,452,28.291,15.684,0.17,0.78,0.97,1,0,28,6,0,634,37199
2022-03-25 19:35:31.615799,1,34,8,4,2,1,3,1,1,1,0,0,0,0,0,0,0,0,0,0,0,0,0,0,0,25,28,37,37,500,457,28.286,16.064,0.29,1.84,6.57,2,0,35,5,0,634,19087
2022-03-25 19:35:41.647441,1,37,8,2,3,4,2,0,1,0,0,0,0,0,0,0,0,0,0,0,0,0,0,0,0,26,30,36,39,500,458,28.275,15.912,0.33,1.48,2.86,2,0,27,5,0,634,27266
2022-03-25 19:35:51.664002,1,36,5,3,1,3,0,2,0,0,0,0,0,0,0,0,0,0,0,0,0,0,0,0,0,28,38,0,0,500,453,28.286,16.064,0.25,1.15,1.93,1,0,38,4,0,635,26009
2022-03-25 19:36:01.695594,1,46,6,2,0,3,1,1,2,0,0,0,0,0,0,0,0,0,0,0,0,0,0,0,0,27,0,32,38,500,451,28.286,15.896,0.26,1.63,4.47,2,0,41,2,0,635,10469
2022-03-25 19:36:11.711833,1,36,5,4,0,1,0,0,2,0,0,0,0,0,0,0,0,0,0,0,0,0,0,0,0,27,0,0,38,500,449,28.275,15.492,0.20,0.93,3.30,2,0,40,6,0,635,22214
2022-03-25 19:36:21.743498,1,39,8,6,1,1,0,1,0,0,0,0,0,0,0,0,0,0,0,0,0,0,0,0,0,26,27,0,0,500,451,28.27,15.348,0.28,0.74,1.12,0,0,33,2,0,635,24598
2022-03-25 19:36:31.775250,1,43,14,2,1,2,1,1,1,0,0,0,1,0,0,0,0,0,0,0,0,0,0,0,0,25,31,32,36,500,460,28.275,15.492,0.29,1.29,15.95,3,0,38,9,0,635,39740
2022-03-25 19:36:41.791446,1,43,7,4,1,1,0,1,0,1,0,0,0,0,0,0,0,0,0,0,0,0,0,0,0,28,27,0,0,500,453,28.27,15.468,0.25,0.91,4.25,0,0,43,4,0,635,47790
2022-03-25 19:36:51.808047,1,45,5,1,0,2,2,0,1,0,0,0,0,0,0,0,0,0,0,0,0,0,0,0,0,24,0,38,42,500,459,28.27,15.444,0.22,1.08,2.43,6,0,34,1,0,635,15122
2022-03-25 19:37:01.839443,1,35,10,5,4,2,3,1,0,0,0,0,1,0,0,0,0,0,0,0,0,0,0,0,0,23,31,33,0,500,475,28.275,15.588,0.36,1.53,14.77,0,0,33,3,0,635,40577
2022-03-25 19:37:11.856069,1,29,6,3,1,0,0,2,2,0,0,0,0,0,0,0,0,0,0,0,0,0,0,0,0,23,29,0,46,500,484,28.286,15.518,0.17,1.32,4.20,1,0,37,8,0,635,55665
2022-03-25 19:37:21.887288,1,46,4,4,0,0,0,0,1,0,0,0,0,0,0,0,0,0,0,0,0,0,0,0,0,27,0,0,36,500,481,28.27,15.488,0.18,0.50,1.60,2,0,43,7,0,635,32119
2022-03-25 19:37:31.903940,1,39,8,1,1,2,1,2,1,0,1,0,0,0,0,0,0,0,0,0,0,0,0,0,0,28,30,43,38,500,470,28.275,15.612,0.23,1.59,9.10,3,0,35,7,0,635,36392
2022-03-25 19:37:41.935431,1,30,5,5,1,1,2,1,0,1,0,0,0,0,0,0,0,0,0,0,0,0,0,0,0,24,30,37,0,500,475,28.291,15.684,0.23,1.23,4.58,1,0,42,4,0,635,49908
2022-03-25 19:37:51.951825,1,39,10,1,1,1,1,0,0,0,0,0,0,0,0,0,0,0,0,0,0,0,0,0,0,25,28,36,0,500,479,28.275,15.636,0.21,0.52,0.62,0,0,35,1,0,635,59760
2022-03-25 19:38:01.983236,1,33,8,2,2,2,0,0,0,0,0,0,0,0,0,0,0,0,0,0,0,0,0,0,0,27,37,0,0,500,472,28.28,15.42,0.23,0.49,0.51,5,0,31,9,0,635,45621
2022-03-25 19:38:12.014764,1,36,7,4,1,1,1,0,0,1,0,0,0,0,0,0,0,0,0,0,0,0,0,0,0,25,27,31,0,500,475,28.291,15.134,0.23,0.77,3.68,0,0,30,3,0,635,10369
2022-03-25 19:38:22.030998,1,44,5,3,1,0,0,3,1,0,0,0,0,0,0,0,0,0,0,0,0,0,0,0,0,28,29,0,37,500,469,28.286,15.134,0.21,1.39,3.58,0,0,36,6,0,635,7154
2022-03-25 19:38:32.047300,1,34,6,2,0,2,0,2,0,0,0,0,0,0,0,0,0,0,0,0,0,0,0,0,0,33,0,0,0,500,446,28.291,15.21,0.20,0.98,1.75,0,0,36,5,0,635,62431
2022-03-25 19:38:42.079159,1,33,3,6,1,2,0,1,0,0,1,0,0,0,0,0,0,0,0,0,0,0,0,0,0,45,28,0,0,500,418,28.296,15.326,0.27,0.99,7.68,0,0,19,6,0,635,47129
2022-03-25 19:38:52.110789,1,45,5,4,0,2,1,1,1,0,0,1,0,0,1,0,0,0,0,0,0,0,0,0,0,27,0,39,49,500,419,28.301,15.306,0.28,1.39,30.33,2,0,37,6,0,635,38092
2022-03-25 19:39:02.127038,1,37,11,3,2,1,0,1,0,0,0,0,0,0,0,0,0,0,0,0,0,0,0,0,0,28,41,0,0,500,416,28.296,14.564,0.29,0.80,1.22,0,0,33,6,0,635,64655
2022-03-25 19:39:12.143279,1,50,5,3,2,4,2,0,0,0,0,0,0,0,0,0,0,0,0,0,0,0,0,0,0,29,35,34,0,500,412,28.301,14.496,0.37,1.30,1.54,1,0,35,5,0,635,44472
2022-03-25 19:39:22.175074,1,28,10,2,0,0,2,1,0,0,0,0,0,0,0,0,0,0,0,0,0,0,0,0,0,25,0,32,0,500,423,28.307,14.708,0.20,0.94,1.51,3,0,47,6,0,634,45678
2022-03-25 19:39:32.191339,1,30,5,3,0,3,0,2,1,1,1,1,0,0,0,0,0,0,0,0,0,0,0,0,0,26,0,0,40,500,426,28.307,15.138,0.23,1.87,23.18,2,0,39,1,0,635,50994
2022-03-25 19:39:42.222861,1,39,8,2,0,0,1,2,0,0,0,0,0,0,0,0,0,0,0,0,0,0,0,0,0,27,0,32,0,500,427,28.307,15.138,0.21,1.04,1.90,1,0,28,2,0,635,6776
2022-03-25 19:39:52.239354,1,40,16,1,2,1,0,1,0,0,0,0,0,0,0,0,0,0,0,0,0,0,0,0,0,29,32,0,0,500,414,28.301,15.116,0.30,0.81,1.22,3,0,37,3,0,635,53381
2022-03-25 19:40:02.270949,1,45,9,2,1,1,1,3,0,0,0,0,0,0,0,0,0,0,0,0,0,0,0,0,0,26,28,33,0,500,420,28.312,15.048,0.28,1.57,2.86,2,0,31,2,0,635,63645
2022-03-25 19:40:12.287229,1,34,11,5,0,0,0,1,1,0,0,0,0,0,0,0,0,0,0,0,0,0,0,0,0,26,0,0,43,500,426,28.301,14.898,0.24,0.91,2.54,0,0,34,2,0,635,6561
2022-03-25 19:40:22.318885,1,47,11,2,1,2,1,1,0,0,0,0,1,0,0,0,0,0,0,0,0,0,0,0,0,25,36,39,0,500,437,28.312,15.308,0.30,1.04,15.25,0,0,34,6,0,635,8755
2022-03-25 19:40:32.335554,1,43,12,6,2,1,1,1,0,0,0,0,0,0,0,0,0,0,0,0,0,0,0,0,0,24,29,33,0,500,452,28.312,15.594,0.34,1.03,1.50,1,0,31,4,0,635,19128
2022-03-25 19:40:42.367206,1,31,7,3,1,0,2,2,1,1,0,0,0,0,0,0,0,0,0,0,0,0,0,0,0,26,28,39,54,500,454,28.312,15.81,0.22,1.74,6.76,2,0,30,3,0,635,3430
2022-03-25 19:40:52.383426,1,36,8,4,1,0,0,2,0,0,0,0,0,0,0,0,0,0,0,0,0,0,0,0,0,24,31,0,0,500,463,28.301,15.71,0.22,0.85,1.56,2,0,30,6,0,635,63503
2022-03-25 19:41:02.415193,1,44,7,1,2,0,2,2,1,0,0,0,0,0,0,0,0,0,0,0,0,0,0,0,0,26,31,42,43,500,463,28.312,15.758,0.24,1.54,3.57,1,0,33,3,0,635,26945
2022-03-25 19:41:12.431337,1,38,3,3,0,3,1,2,0,0,0,0,0,0,0,0,0,0,0,0,0,0,0,0,0,27,0,35,0,500,461,28.307,15.45,0.23,1.27,2.11,0,0,37,5,0,634,10215
2022-03-25 19:41:22.462984,1,46,8,3,0,2,1,0,0,0,0,0,0,0,0,0,0,0,0,0,0,0,0,0,0,25,0,32,0,500,466,28.307,15.33,0.25,0.64,0.74,5,0,32,2,0,635,32528
2022-03-25 19:41:32.479414,1,37,6,1,0,0,0,1,0,0,0,0,0,0,0,0,0,0,0,0,0,0,0,0,0,25,0,0,0,500,469,28.307,15.308,0.14,0.43,0.78,1,0,32,5,0,635,63263
2022-03-25 19:41:42.511113,1,48,12,5,2,3,1,1,0,0,0,0,1,0,0,0,0,0,0,0,0,0,0,0,0,27,29,31,0,500,462,28.307,15.426,0.37,1.22,14.68,3,0,35,5,0,635,18312
2022-03-25 19:41:52.527526,1,39,9,4,1,1,0,0,1,1,0,0,0,0,0,0,0,0,0,0,0,0,0,0,0,26,29,0,50,500,462,28.307,15.354,0.24,0.90,4.97,2,0,38,1,0,634,49067
2022-03-25 19:42:02.559129,1,40,15,5,1,1,0,4,0,0,0,0,0,0,0,0,0,0,0,0,0,0,0,0,0,26,29,0,0,500,462,28.307,15.354,0.32,1.60,3.05,3,0,41,2,0,635,14099
2022-03-25 19:42:12.575416,1,47,8,6,0,2,2,1,2,0,0,0,0,0,0,0,0,0,0,0,0,0,0,0,0,30,0,41,40,500,446,28.301,15.354,0.33,1.85,4.79,4,0,19,6,0,635,5191
2022-03-25 19:42:22.607239,1,33,9,5,0,1,2,2,0,0,0,0,0,0,0,0,0,0,0,0,0,0,0,0,0,29,0,33,0,500,435,28.307,15.738,0.27,1.40,2.35,0,0,22,6,0,635,65387
2022-03-25 19:42:32.623557,1,40,12,3,1,2,0,3,0,0,1,0,0,0,0,0,0,0,0,0,0,0,0,0,0,24,32,0,0,500,451,28.307,15.854,0.29,1.51,8.45,0,0,35,7,0,635,18716
2022-03-25 19:42:42.655274,1,41,9,3,1,0,1,1,1,2,0,0,0,0,0,0,0,0,0,0,0,0,0,0,0,27,28,43,46,500,448,28.317,15.81,0.24,1.52,9.15,2,0,37,7,0,635,44543
2022-03-25 19:42:52.671772,1,39,6,2,0,2,2,0,0,0,1,0,0,1,0,0,0,0,0,0,0,0,0,0,0,24,0,35,0,500,456,28.317,15.594,0.22,0.92,22.38,1,0,31,4,0,635,24306
2022-03-25 19:43:02.703415,1,32,4,4,1,1,1,1,0,0,0,0,0,0,0,0,0,0,0,0,0,0,0,0,0,26,33,42,0,500,456,28.307,15.398,0.22,0.85,1.31,4,0,36,4,0,635,29088
2022-03-25 19:43:12.719753,1,34,7,1,0,1,1,2,1,0,1,0,1,0,0,0,0,0,0,0,0,0,0,0,0,26,0,32,37,500,457,28.317,15.356,0.18,1.45,22.28,3,0,32,3,0,635,50254
2022-03-25 19:43:22.751338,1,38,8,2,2,3,2,1,0,0,0,0,0,0,0,0,0,0,0,0,0,0,0,0,0,31,27,31,0,500,438,28.312,15.258,0.31,1.37,1.97,3,0,33,3,0,635,43524
2022-03-25 19:43:32.767679,1,38,7,1,0,2,0,2,0,0,0,0,0,0,0,0,0,0,0,1,0,0,0,0,0,24,0,0,0,500,447,28.307,14.97,0.20,0.98,6.76,1,0,27,3,0,635,30374
2022-03-25 19:43:42.799336,1,44,9,2,1,0,4,0,0,0,0,0,0,0,0,0,0,0,0,0,0,0,0,0,0,24,38,39,0,500,458,28.317,14.972,0.26,1.07,1.40,0,0,36,4,0,635,39140
2022-03-25 19:43:52.815677,1,30,6,1,2,2,0,0,0,1,1,0,0,0,0,0,0,0,0,0,0,0,0,0,0,25,30,0,0,500,462,28.317,15.116,0.20,0.78,9.38,1,0,38,3,0,635,3894
2022-03-25 19:44:02.847382,1,39,7,2,0,2,2,1,1,1,0,0,0,0,0,0,0,0,0,0,0,0,0,0,0,27,0,35,40,500,459,28.307,15.258,0.23,1.60,6.23,1,0,37,4,0,635,46187
2022-03-25 19:44:12.863581,1,36,5,3,1,3,1,1,0,0,0,0,0,0,0,0,0,0,0,0,0,0,0,0,0,25,26,34,0,500,462,28.317,15.024,0.25,1.05,1.53,1,0,36,5,0,634,11898
2022-03-25 19:44:22.895136,1,46,9,2,0,1,0,1,0,1,0,0,0,0,0,0,0,0,0,0,0,0,0,0,0,25,0,0,0,500,467,28.312,14.688,0.21,0.81,4.05,0,0,18,3,0,635,56426
2022-03-25 19:44:32.911490,1,43,8,6,0,2,1,1,0,1,0,0,0,0,0,0,0,0,0,0,0,0,0,0,0,24,0,35,0,500,475,28.307,14.592,0.28,1.16,4.44,0,0,42,4,0,635,29449
2022-03-25 19:44:42.943332,1,34,10,4,1,3,1,0,0,0,0,0,0,0,0,0,0,0,0,0,0,0,0,0,0,25,27,36,0,500,478,28.307,14.708,0.28,0.78,0.90,3,0,38,9,0,635,26330
2022-03-25 19:44:52.959636,1,34,8,7,1,4,1,0,0,2,0,0,0,0,0,0,0,0,0,0,0,0,0,0,0,26,30,31,0,500,477,28.301,14.66,0.33,1.35,7.10,2,0,38,1,0,635,52709
2022-03-25 19:45:02.991215,1,45,5,0,0,1,0,0,0,0,0,0,0,0,0,0,0,0,0,0,0,0,0,0,0,28,0,0,0,500,470,28.296,14.564,0.16,0.25,0.26,4,0,36,2,0,635,56788
2022-03-25 19:45:13.023002,1,37,11,1,3,1,1,0,0,0,1,0,0,0,0,0,0,0,0,0,0,0,0,0,0,25,36,33,0,500,475,28.301,14.616,0.25,0.74,6.35,1,0,25,3,0,635,42753
2022-03-25 19:45:23.039381,1,31,6,1,1,3,0,0,1,0,0,0,0,0,0,0,0,0,0,0,0,0,0,0,0,24,30,0,39,500,480,28.301,14.828,0.19,0.78,1.92,2,0,36,6,0,635,29985
2022-03-25 19:45:33.055757,1,36,6,3,0,0,1,1,0,0,0,0,0,0,0,0,0,0,0,0,0,0,0,0,0,26,0,31,0,500,479,28.296,14.78,0.18,0.65,1.08,2,0,28,1,0,635,28522
2022-03-25 19:45:43.087417,1,41,2,3,1,1,1,2,1,0,0,0,1,0,0,0,0,0,0,0,0,0,0,0,0,25,28,34,47,500,479,28.291,14.852,0.21,1.35,15.76,2,0,30,5,0,635,19661
2022-03-25 19:45:53.103674,1,35,5,1,0,0,1,0,1,0,0,2,0,0,0,0,0,0,0,0,0,0,0,0,0,25,0,47,38,500,481,28.291,14.922,0.14,0.69,19.50,2,0,34,4,0,635,8408
2022-03-25 19:46:03.135259,1,43,5,3,1,1,0,0,1,0,0,0,0,0,0,0,0,0,0,0,0,0,0,0,0,28,27,0,43,500,474,28.296,14.826,0.21,0.64,1.77,1,0,38,6,0,635,12057
2022-03-25 19:46:13.151701,1,42,11,1,1,0,2,0,1,0,0,0,0,0,0,0,1,0,0,0,0,0,0,0,0,24,26,30,54,500,484,28.301,14.756,0.22,0.90,13.38,1,0,30,4,0,635,41921
2022-03-25 19:46:23.183446,1,44,4,0,0,1,1,2,0,0,0,0,0,0,0,0,0,0,0,0,0,0,0,0,0,25,0,30,0,500,485,28.301,14.616,0.16,0.96,1.74,2,0,40,7,0,635,65334
2022-03-25 19:46:33.200271,1,47,6,5,1,2,3,2,0,0,0,0,0,0,0,0,0,0,0,0,0,0,0,0,0,25,40,35,0,500,486,28.301,14.684,0.31,1.61,2.56,0,0,32,7,0,635,21169
2022-03-25 19:46:43.231618,1,34,5,5,1,3,1,0,0,0,0,0,0,0,0,0,0,0,0,0,0,0,0,0,0,26,32,34,0,500,485,28.312,14.688,0.26,0.76,0.88,2,0,33,3,0,635,21833
2022-03-25 19:46:53.263406,1,29,7,3,0,1,1,2,2,1,0,0,0,0,0,0,0,0,0,0,0,0,0,0,0,27,0,33,43,500,478,28.307,14.708,0.19,1.80,7.61,0,0,41,4,0,635,51446
2022-03-25 19:47:03.279486,1,39,7,5,0,1,0,0,1,0,0,0,0,0,0,0,0,0,0,0,0,0,0,0,0,30,0,0,39,500,462,28.312,14.208,0.23,0.65,1.81,1,0,32,7,0,635,4874
2022-03-25 19:47:13.311287,1,38,11,2,1,0,1,1,0,0,0,0,0,0,0,0,0,0,0,0,0,0,0,0,0,25,31,36,0,500,467,28.322,14.042,0.22,0.74,1.17,1,0,28,7,0,635,61865
2022-03-25 19:47:23.327606,1,37,10,5,0,0,3,1,1,1,0,0,0,0,0,0,0,0,0,0,0,0,0,0,0,24,0,39,38,500,477,28.317,14.234,0.25,1.60,6.11,1,0,38,2,0,635,8936
2022-03-25 19:47:33.344112,1,47,7,5,1,2,1,1,0,0,0,0,0,0,0,0,0,0,0,0,0,0,0,0,0,29,30,34,0,500,464,28.317,14.33,0.30,1.01,1.48,0,0,39,4,0,635,40644
2022-03-25 19:47:43.375742,1,32,6,2,0,0,1,0,0,1,0,0,0,1,0,0,0,0,0,0,0,0,0,0,0,24,0,33,0,500,471,28.328,14.33,0.15,0.56,18.52,1,0,21,5,0,635,30653
2022-03-25 19:47:53.391925,1,48,4,8,1,2,0,2,0,0,1,0,0,0,0,0,0,0,0,0,0,0,0,0,0,24,30,0,0,500,475,28.333,15.0,0.31,1.23,7.47,3,0,23,6,0,634,29034
2022-03-25 19:48:03.423816,1,42,6,4,2,1,1,1,1,0,0,1,0,0,0,0,0,0,0,0,0,0,0,0,0,32,34,34,40,500,454,28.333,15.024,0.27,1.29,12.26,1,0,25,4,0,634,41440
2022-03-25 19:48:13.440168,1,36,8,6,1,4,0,1,1,0,0,0,0,0,0,0,0,0,0,0,0,0,0,0,0,26,37,0,39,500,455,28.333,15.12,0.33,1.35,2.93,4,0,26,5,0,635,33376
2022-03-25 19:48:23.471660,1,38,8,2,1,1,1,0,0,0,0,0,0,0,0,0,0,0,0,0,0,0,0,0,0,28,27,43,0,500,448,28.333,15.5,0.23,0.56,0.66,0,0,18,7,0,635,15724
2022-03-25 19:48:33.488089,1,24,11,7,0,1,3,0,0,0,0,0,0,0,0,0,0,0,0,0,0,0,0,0,0,27,0,41,0,500,445,28.333,15.05,0.29,1.02,1.29,6,0,24,6,0,634,31274
2022-03-25 19:48:43.519766,1,33,9,2,1,2,0,1,0,0,0,0,0,0,0,0,0,0,0,0,0,0,0,0,0,30,28,0,0,500,430,28.338,14.904,0.24,0.79,1.20,2,0,38,0,0,635,17463
2022-03-25 19:48:53.535866,1,41,5,3,0,2,4,0,0,0,0,0,0,0,0,0,0,0,0,0,0,0,0,0,0,29,0,34,0,500,426,28.328,14.426,0.28,1.31,1.70,0,0,38,3,0,635,45822
2022-03-25 19:49:03.567577,1,46,10,1,0,1,2,2,0,1,1,0,0,0,0,0,0,0,0,0,0,0,0,0,0,26,0,34,0,500,431,28.322,14.522,0.26,1.72,11.86,1,0,31,5,0,635,57263
2022-03-25 19:49:13.583753,1,37,5,1,1,2,3,1,0,1,0,0,0,0,0,0,0,0,0,0,0,0,0,0,0,29,31,35,0,500,426,28.301,14.4,0.25,1.64,5.47,2,0,30,2,0,635,44916
2022-03-25 19:49:23.615438,1,27,15,3,1,1,1,1,0,0,0,1,0,0,0,0,0,0,0,0,0,0,0,0,0,27,29,42,0,500,426,28.307,14.444,0.27,0.99,11.44,1,0,35,5,0,635,15680
2022-03-25 19:49:33.632047,1,33,4,6,1,1,2,0,0,0,0,0,0,0,0,0,0,0,0,0,0,0,0,0,0,24,31,32,0,500,433,28.291,14.966,0.27,0.85,1.04,1,0,22,2,0,635,23575
2022-03-25 19:49:43.663311,1,40,6,5,0,2,0,0,0,1,0,0,0,0,0,0,0,0,0,0,0,0,0,0,0,25,0,0,0,500,438,28.286,15.158,0.25,0.70,3.79,4,0,37,3,0,635,6625
2022-03-25 19:49:53.679938,1,47,6,1,2,2,1,2,0,0,1,0,0,0,0,0,0,0,0,0,0,0,0,0,0,26,45,35,0,500,440,28.28,15.684,0.28,1.45,8.27,2,0,29,5,0,635,32611
2022-03-25 19:50:03.711377,1,37,10,1,1,1,2,1,0,1,0,0,0,0,0,0,0,0,0,0,0,0,0,0,0,27,32,37,0,500,439,28.28,15.804,0.24,1.30,4.92,2,0,30,3,0,635,24737
2022-03-25 19:50:13.727811,1,38,6,2,2,1,1,1,0,0,0,0,0,0,0,0,0,0,0,0,0,0,0,0,0,28,30,31,0,500,435,28.28,16.086,0.25,0.93,1.41,1,0,37,4,0,635,55761
2022-03-25 19:50:23.759173,1,39,7,3,1,1,2,0,0,0,0,0,0,0,0,0,0,0,0,0,0,0,0,0,0,26,37,38,0,500,438,28.275,16.368,0.26,0.81,0.99,2,0,20,4,0,636,18468
2022-03-25 19:50:33.775415,1,37,7,5,1,1,0,1,0,2,0,0,0,0,0,0,0,0,0,0,0,0,0,0,0,25,29,0,0,500,444,28.27,16.106,0.26,1.15,7.58,3,0,26,2,0,635,50480
2022-03-25 19:50:43.807145,1,40,8,3,1,2,1,1,1,0,0,0,0,0,0,0,0,0,0,0,0,0,0,0,0,28,27,41,38,500,438,28.275,15.708,0.28,1.33,3.04,2,0,49,9,0,635,60931
2022-03-25 19:50:53.838765,1,26,9,2,1,4,2,1,0,0,0,1,0,0,0,0,0,0,0,0,0,0,0,0,0,26,43,31,0,500,442,28.27,15.348,0.28,1.44,11.63,1,0,42,4,0,635,42496
2022-03-25 19:51:03.854715,1,45,5,0,0,0,2,0,0,0,0,0,0,0,0,0,0,0,0,0,0,0,0,0,0,28,0,32,0,500,438,28.291,15.306,0.17,0.57,0.75,1,0,34,6,0,635,24
2022-03-25 19:51:13.886587,1,52,6,5,1,0,0,1,1,0,0,0,0,0,0,0,0,0,0,0,0,0,0,0,0,25,31,0,42,500,443,28.286,14.99,0.27,0.94,2.52,1,0,30,6,0,635,56260
2022-03-25 19:51:23.902858,1,36,5,5,2,2,1,1,0,0,0,0,0,0,0,0,0,0,0,0,0,0,0,0,0,27,33,47,0,500,442,28.291,14.994,0.30,1.08,1.57,3,0,26,5,0,636,64043
2022-03-25 19:51:33.919061,1,31,7,4,2,1,3,2,1,0,0,0,0,0,0,0,0,0,0,0,0,0,0,0,0,26,35,35,35,500,444,28.286,15.158,0.29,1.96,4.18,3,0,29,0,0,636,1553
2022-03-25 19:51:43.950721,1,48,3,1,0,1,0,0,0,0,0,0,0,0,0,0,0,0,0,0,0,0,0,0,0,27,0,0,0,500,444,28.28,15.254,0.17,0.28,0.29,1,0,36,3,0,636,40313
2022-03-25 19:51:53.967092,1,37,9,3,1,5,1,1,0,0,0,0,0,0,0,0,0,0,0,0,0,0,0,0,0,27,28,38,0,500,442,28.291,15.282,0.33,1.35,1.88,2,0,30,2,0,636,13172
2022-03-25 19:52:03.998781,1,36,3,2,1,1,1,0,1,0,1,0,0,0,0,0,0,0,0,0,0,0,0,0,0,28,27,37,45,500,440,28.291,14.922,0.19,0.96,8.22,2,0,26,4,0,635,13188
2022-03-25 19:52:14.015495,1,37,12,2,0,3,2,3,0,0,1,0,0,0,0,0,0,0,0,0,0,0,0,0,0,27,0,35,0,500,438,28.296,14.684,0.30,2.01,9.33,4,0,35,4,0,635,43232
2022-03-25 19:52:24.046827,1,38,7,4,0,0,1,1,0,0,0,0,0,0,0,0,0,0,0,0,0,0,0,0,0,29,0,33,0,500,430,28.296,14.706,0.22,0.76,1.23,1,0,34,5,0,635,24064
2022-03-25 19:52:34.063506,1,45,9,3,2,0,2,2,0,1,0,0,0,0,0,0,0,0,0,0,0,0,0,0,0,25,27,36,0,500,439,28.301,14.684,0.29,1.60,5.58,2,0,36,2,0,635,35286
2022-03-25 19:52:44.094928,1,37,8,2,2,2,3,2,0,0,0,0,0,0,0,0,0,0,0,0,0,0,0,0,0,27,25,39,0,500,438,28.307,14.708,0.31,1.77,2.82,5,0,33,3,0,635,27087
2022-03-25 19:52:54.111544,1,46,10,2,1,0,1,0,0,1,0,0,0,1,0,1,0,0,0,0,0,0,0,0,0,27,28,34,0,500,436,28.312,14.76,0.25,0.72,34.98,0,1,43,3,0,635,8341
2022-03-25 19:53:04.143080,1,49,7,2,1,1,1,2,0,0,0,0,0,0,0,0,0,0,0,0,0,0,0,0,0,24,28,37,0,500,446,28.312,14.804,0.26,1.18,2.02,4,0,31,6,0,635,19939
2022-03-25 19:53:14.159225,1,42,6,1,0,1,1,1,0,1,0,0,0,0,0,0,0,0,0,0,0,0,0,0,0,27,0,30,0,500,445,28.317,14.736,0.20,1.00,4.49,3,0,34,3,0,635,10108
2022-03-25 19:53:24.190890,1,43,10,2,0,3,0,0,0,0,0,0,0,0,0,0,0,0,0,0,0,0,0,0,0,25,0,0,0,500,452,28.317,14.784,0.25,0.55,0.59,1,0,43,9,0,635,18163
2022-03-25 19:53:34.222678,1,48,6,6,1,1,1,0,0,1,0,0,0,0,1,0,0,0,0,0,0,0,0,0,0,25,29,32,0,500,456,28.317,14.784,0.29,0.86,19.55,2,0,38,3,0,635,63623
2022-03-25 19:53:44.239115,1,36,8,0,1,1,1,0,0,0,0,0,0,0,0,0,0,0,0,0,0,0,0,0,0,26,33,53,0,500,457,28.322,14.76,0.19,0.51,0.60,3,0,31,5,0,635,37773
2022-03-25 19:53:54.270575,1,41,9,1,0,1,1,2,0,1,0,0,0,0,0,0,0,0,0,0,0,0,0,0,0,23,0,39,0,500,472,28.322,14.832,0.20,1.24,4.88,2,0,31,9,0,635,17431
2022-03-25 19:54:04.286673,1,29,8,4,0,2,0,2,0,0,0,0,0,0,0,0,0,0,0,0,0,0,0,0,0,26,0,0,0,500,471,28.338,15.834,0.22,0.97,1.70,3,0,38,5,0,635,34931
2022-03-25 19:54:14.302945,1,24,5,4,0,4,0,2,0,0,0,0,0,0,0,0,0,0,0,0,0,0,0,0,0,27,0,0,0,500,468,28.333,15.902,0.23,1.16,1.92,1,0,34,3,0,635,19094
2022-03-25 19:54:24.334855,1,43,11,2,0,2,2,0,0,0,0,0,0,0,0,0,0,0,0,0,0,0,0,0,0,24,0,40,0,500,478,28.343,15.86,0.25,0.81,0.99,2,0,41,4,0,635,29543
2022-03-25 19:54:34.351254,1,48,8,3,0,1,1,0,0,0,0,0,0,0,0,0,0,0,0,0,0,0,0,0,0,26,0,34,0,500,476,28.349,15.572,0.23,0.52,0.62,2,0,34,5,0,634,41582
2022-03-25 19:54:44.382861,1,44,8,4,1,2,2,1,0,0,0,0,0,0,0,0,0,0,0,0,0,0,0,0,0,26,36,38,0,500,475,28.354,15.314,0.29,1.16,1.70,0,0,43,5,0,635,47948
2022-03-25 19:54:54.399292,1,41,8,5,1,1,1,1,0,0,0,0,0,0,0,0,0,0,0,0,0,0,0,0,0,25,34,45,0,500,478,28.349,15.026,0.26,0.87,1.31,3,0,45,7,0,635,10903
2022-03-25 19:55:04.430574,1,59,11,4,0,1,0,1,0,0,1,0,0,0,1,0,0,0,0,0,0,0,0,0,0,28,0,0,0,500,464,28.359,15.146,0.29,0.80,22.20,2,0,38,6,0,635,21752
2022-03-25 19:55:14.446846,1,48,11,5,2,2,1,1,0,1,0,0,0,0,0,0,0,0,0,0,0,0,0,0,0,28,30,30,0,500,453,28.349,15.432,0.35,1.34,4.78,2,0,52,8,0,634,61498
2022-03-25 19:55:24.478451,1,48,4,3,1,2,3,0,0,0,0,0,0,0,0,0,0,0,0,0,0,0,0,0,0,25,29,32,0,500,456,28.359,15.696,0.28,1.09,1.37,1,0,42,6,0,634,19290
2022-03-25 19:55:34.510086,1,52,10,6,0,3,0,1,0,1,1,1,0,0,0,0,0,0,0,0,0,0,0,0,0,25,0,0,0,500,462,28.354,15.746,0.33,1.29,19.44,1,0,48,8,0,634,37383
2022-03-25 19:55:44.526554,1,41,10,1,1,2,3,1,0,0,0,0,1,0,0,0,0,0,0,0,0,0,0,0,0,25,28,37,0,500,467,28.364,16.014,0.27,1.33,14.79,2,0,45,7,0,634,10118
2022-03-25 19:55:54.542715,1,48,7,1,2,1,0,2,1,1,0,0,0,0,0,0,0,0,0,0,0,0,0,0,0,27,30,0,43,500,463,28.37,16.1,0.24,1.47,6.25,2,0,32,4,0,634,11970
2022-03-25 19:56:04.574547,1,49,4,1,2,3,1,1,1,0,1,0,0,0,0,0,0,0,0,0,0,0,0,0,0,24,28,39,35,500,468,28.37,16.362,0.27,1.47,8.68,0,0,35,4,0,634,61732
2022-03-25 19:56:14.606130,1,31,8,2,1,1,3,1,1,0,0,0,0,0,0,0,0,0,0,0,0,0,0,0,0,26,27,34,38,500,467,28.37,16.986,0.23,1.49,3.24,1,0,42,3,0,634,40115
2022-03-25 19:56:24.622283,1,44,5,0,0,1,0,0,0,0,0,0,0,0,0,0,0,0,0,0,0,0,0,0,0,25,0,0,0,500,470,28.375,16.598,0.15,0.24,0.26,0,0,38,5,0,634,14906
2022-03-25 19:56:34.654162,1,49,9,4,0,2,1,0,0,1,0,1,1,0,0,0,0,0,0,0,0,0,0,0,0,25,0,44,0,500,474,28.375,16.772,0.27,0.91,25.44,0,0,43,2,0,634,10639
2022-03-25 19:56:44.670371,1,26,8,2,1,1,2,1,0,0,0,0,0,0,0,0,0,0,0,0,0,0,0,0,0,25,27,36,0,500,477,28.391,16.73,0.20,0.97,1.49,1,0,37,4,0,634,20219
2022-03-25 19:56:54.686586,1,52,6,2,0,2,0,3,0,0,1,0,0,0,0,0,0,0,0,0,0,0,0,0,0,25,0,0,0,500,479,28.38,16.536,0.23,1.34,7.87,1,0,55,7,0,634,13139
2022-03-25 19:57:04.718451,1,37,12,6,1,2,2,0,0,0,0,0,0,0,1,0,0,0,0,0,0,0,0,0,0,25,28,31,0,500,483,28.385,16.538,0.31,0.92,15.88,2,0,37,4,0,633,53028
2022-03-25 19:57:14.734664,1,39,9,2,0,1,2,2,0,1,0,0,0,0,0,0,0,0,0,0,0,0,0,0,0,26,0,38,0,500,480,28.396,16.232,0.22,1.43,5.08,4,0,35,5,0,633,61004
2022-03-25 19:57:24.766560,1,39,6,3,1,0,0,2,1,1,0,1,0,0,0,0,0,0,0,0,0,0,0,0,0,28,30,0,70,500,472,28.396,15.678,0.20,1.34,14.99,1,0,35,4,0,633,60150
2022-03-25 19:57:34.798250,1,46,8,7,2,3,0,0,0,0,0,0,0,0,0,0,0,0,0,0,0,0,0,0,0,28,28,0,0,500,462,28.406,15.344,0.36,0.74,0.78,1,0,38,9,0,633,35834
2022-03-25 19:57:44.814757,1,49,9,2,1,2,0,2,0,1,0,0,0,0,0,0,0,0,0,0,0,0,0,0,0,29,30,0,0,500,449,28.417,15.206,0.28,1.31,5.06,1,0,39,7,0,633,50589
2022-03-25 19:57:54.846353,1,40,3,3,2,4,1,1,0,1,1,2,0,0,0,0,0,0,0,0,0,0,0,0,0,25,32,51,0,500,451,28.422,15.18,0.30,1.65,29.74,3,0,36,5,0,633,11206
2022-03-25 19:58:04.862703,1,46,7,4,2,0,1,2,0,0,0,2,0,0,0,0,0,0,0,0,0,0,0,0,0,25,28,35,0,500,456,28.417,15.252,0.28,1.22,20.63,1,0,41,2,0,633,53746
2022-03-25 19:58:14.894285,1,46,3,3,2,0,4,2,0,2,0,0,0,0,0,0,0,0,0,0,0,0,0,0,0,30,36,35,0,500,450,28.422,15.302,0.28,2.15,9.19,4,0,44,7,0,633,57158
2022-03-25 19:58:24.926208,1,41,11,3,1,2,1,0,1,0,0,0,0,0,1,0,0,0,0,0,0,0,0,0,0,24,34,33,36,500,463,28.433,15.302,0.28,1.00,17.66,1,0,51,3,0,633,23726
2022-03-25 19:58:34.942316,1,50,8,5,3,2,1,1,0,1,1,0,0,0,0,0,0,0,0,0,0,0,0,0,0,27,29,32,0,500,459,28.422,15.348,0.36,1.47,10.57,2,0,54,5,0,633,50415
2022-03-25 19:58:44.958710,1,31,12,5,0,2,3,1,1,2,1,1,1,1,0,0,0,0,0,0,0,0,0,0,0,25,0,39,37,500,465,28.438,15.83,0.30,2.22,52.63,2,0,78,11,0,633,6814
2022-03-25 19:58:54.990427,1,45,12,4,3,6,2,1,2,2,0,0,0,0,0,0,0,0,0,0,0,0,0,0,0,30,31,37,40,500,442,28.448,15.852,0.46,2.90,12.00,2,0,52,13,0,633,42530
2022-03-25 19:59:05.006697,1,43,15,3,1,2,4,1,0,0,0,2,0,1,0,0,0,0,0,0,0,0,0,0,0,26,24,37,0,500,446,28.448,15.734,0.36,1.77,37.40,3,0,76,8,0,633,52302
2022-03-25 19:59:15.038508,1,47,11,3,2,1,1,4,1,0,1,1,0,0,0,0,0,0,0,0,0,0,0,0,0,29,32,41,45,500,433,28.459,15.618,0.33,2.41,21.11,3,0,51,7,0,633,28076
2022-03-25 19:59:25.054767,1,40,7,2,0,3,1,1,0,0,0,0,0,0,0,0,0,0,0,0,0,0,0,0,0,32,0,34,0,500,417,28.459,15.99,0.27,1.10,1.63,1,0,41,4,0,632,55622
2022-03-25 19:59:35.086572,1,33,10,4,2,4,2,1,0,0,0,0,0,1,0,0,0,0,0,0,0,0,0,0,0,25,29,36,0,500,427,28.454,14.924,0.37,1.57,18.79,2,0,45,7,0,632,28920
2022-03-25 19:59:45.118372,1,39,12,2,2,2,2,0,1,0,0,1,0,0,0,0,0,0,0,0,0,0,0,0,0,27,29,35,41,500,428,28.459,15.162,0.32,1.38,12.73,1,0,47,7,0,633,29677
2022-03-25 19:59:55.134671,1,44,5,5,2,2,1,0,0,2,0,0,0,0,0,0,0,0,0,0,0,0,0,0,0,24,25,68,0,500,435,28.464,15.162,0.32,1.26,7.54,2,0,59,12,0,633,26085
2022-03-25 20:00:05.150905,1,38,5,7,3,1,0,3,0,0,1,0,0,0,0,0,0,0,0,0,0,0,0,0,0,25,29,0,0,500,440,28.47,14.976,0.33,1.58,8.68,5,0,57,9,0,633,16627
2022-03-25 20:00:15.182388,1,35,5,3,2,3,1,1,0,0,0,0,0,0,0,1,0,0,0,0,0,0,0,0,0,26,29,36,0,500,442,28.464,14.9,0.28,1.15,16.30,3,0,62,6,0,632,30837
2022-03-25 20:00:25.199165,1,42,11,3,1,0,2,1,2,1,1,0,1,1,0,0,0,0,0,0,0,0,0,0,0,27,27,35,37,500,440,28.47,14.976,0.27,1.98,43.67,1,0,65,11,0,632,1644
2022-03-25 20:00:35.230344,1,46,3,3,3,2,2,1,1,1,0,0,0,0,0,0,1,0,0,0,0,0,0,0,0,28,30,31,42,500,438,28.464,15.162,0.32,1.86,19.12,2,0,49,6,0,633,62916
2022-03-25 20:00:45.246731,1,30,11,4,5,3,0,1,0,0,2,0,0,0,0,0,0,0,0,0,0,0,0,0,0,26,30,0,0,500,442,28.47,15.24,0.37,1.39,13.66,1,0,51,11,0,633,19529
2022-03-25 20:00:55.278573,1,35,12,9,1,2,2,1,0,0,1,0,0,1,0,0,0,0,0,0,0,0,0,0,0,26,28,34,0,500,445,28.459,15.332,0.39,1.47,23.85,2,0,53,12,0,633,11277
2022-03-25 20:01:05.294944,1,35,8,0,2,0,2,2,1,0,0,0,1,0,0,0,0,0,0,0,0,0,0,0,0,27,29,32,53,500,443,28.459,15.332,0.22,1.57,17.23,2,0,48,4,0,633,58046
2022-03-25 20:01:15.311013,1,45,7,2,0,3,3,0,0,0,0,0,0,0,0,0,0,0,0,0,0,0,0,0,0,26,0,34,0,500,445,28.459,14.688,0.28,1.16,1.46,0,0,38,8,0,633,6412
2022-03-25 20:01:25.342806,1,44,8,3,1,0,1,2,0,2,1,0,0,0,0,0,0,0,0,0,0,0,0,0,0,25,40,40,0,500,451,28.459,14.898,0.24,1.62,14.19,5,0,56,4,0,633,28219
2022-03-25 20:01:35.374227,1,51,4,3,4,3,0,0,0,0,0,0,0,0,0,0,0,0,0,0,0,0,0,0,0,24,30,0,0,500,456,28.454,15.422,0.33,0.76,0.81,0,0,45,6,0,632,44540
2022-03-25 20:01:45.390544,1,48,10,1,1,3,2,0,0,0,1,0,0,0,0,0,1,0,0,0,0,0,0,0,0,26,29,36,0,500,457,28.459,15.378,0.29,1.10,18.93,0,0,54,5,0,633,65491
2022-03-25 20:01:55.422250,1,42,8,4,3,2,1,0,0,0,0,0,0,0,0,0,0,0,0,0,0,0,0,0,0,27,26,59,0,500,454,28.454,15.378,0.32,0.83,0.94,1,0,45,7,0,633,33324
2022-03-25 20:02:05.438651,1,48,10,5,2,0,0,2,0,1,0,0,0,0,0,0,0,0,0,0,0,0,0,0,0,27,29,0,0,500,450,28.464,14.784,0.30,1.21,4.93,1,0,51,7,0,633,44298
2022-03-25 20:02:15.470454,1,38,5,2,0,3,0,3,1,0,0,0,1,0,0,0,0,1,0,0,0,0,0,0,0,25,0,0,37,500,454,28.459,14.732,0.23,1.67,26.84,5,0,47,7,0,633,65048
2022-03-25 20:02:25.486947,1,33,6,5,0,2,3,2,2,0,0,0,1,1,0,0,0,0,0,0,0,0,0,0,0,24,0,43,38,500,461,28.464,14.88,0.27,2.21,33.87,3,0,35,8,0,633,37431
2022-03-25 20:02:35.518458,1,35,7,4,1,1,2,2,0,1,0,0,0,0,0,0,0,0,0,0,0,0,0,0,0,24,27,43,0,500,469,28.464,14.9,0.25,1.53,5.28,1,0,41,4,0,633,45754
2022-03-25 20:02:45.550377,1,46,8,4,1,1,0,0,1,0,0,0,0,0,1,0,0,0,0,0,0,0,0,0,0,27,33,0,38,500,464,28.476,14.996,0.25,0.70,17.24,1,0,41,10,0,633,27424
2022-03-25 20:02:55.566595,1,36,6,4,0,2,2,1,1,1,0,0,0,1,0,0,0,0,0,0,0,0,0,0,0,28,0,31,37,500,458,28.47,15.116,0.25,1.63,21.74,2,0,40,7,0,633,28900
2022-03-25 20:03:05.582961,1,40,6,1,1,0,1,0,1,1,1,0,0,0,0,0,0,0,0,0,0,0,0,0,0,26,29,36,35,500,458,28.459,14.784,0.18,1.04,10.93,2,0,50,7,0,633,38590
2022-03-25 20:03:15.614530,1,32,10,5,0,0,1,2,0,1,1,1,0,0,1,0,0,0,0,0,0,0,0,0,0,23,0,29,0,500,474,28.476,14.88,0.22,1.35,34.48,5,0,49,8,0,633,47040
2022-03-25 20:03:25.630845,1,41,6,2,1,3,2,0,1,0,0,0,0,0,0,0,0,0,0,0,0,0,0,0,0,26,22,39,35,500,473,28.481,15.024,0.26,1.22,2.54,2,0,39,6,0,633,39985
2022-03-25 20:03:35.662650,1,37,8,7,3,1,1,0,0,1,0,0,0,0,0,0,0,0,0,0,0,0,0,0,0,26,29,33,0,500,472,28.464,15.02,0.32,0.95,3.88,4,0,30,4,0,633,10963
2022-03-25 20:03:45.694307,1,41,10,6,1,1,1,1,1,0,0,0,0,0,0,0,0,0,0,0,0,0,0,0,0,27,27,33,37,500,466,28.47,14.784,0.30,1.22,2.81,2,0,44,8,0,633,7199
2022-03-25 20:03:55.710601,1,51,5,5,3,1,1,1,0,1,0,0,0,0,0,0,0,0,0,0,0,0,0,0,0,23,37,46,0,500,474,28.464,14.924,0.31,1.20,4.47,2,0,40,2,0,633,3279
2022-03-25 20:04:05.742069,1,36,7,4,1,3,2,0,0,0,0,0,0,1,0,0,0,0,0,0,0,0,0,0,0,29,27,36,0,500,461,28.464,14.924,0.29,1.00,16.57,3,0,31,5,0,633,9131
2022-03-25 20:04:15.758549,1,43,7,1,3,2,1,2,1,0,0,0,0,0,0,0,0,0,0,0,0,0,0,0,0,24,31,31,36,500,469,28.47,14.88,0.28,1.59,3.54,1,0,42,2,0,632,59689
2022-03-25 20:04:25.790150,1,43,12,1,0,1,0,0,1,0,0,2,0,0,0,0,0,0,0,0,0,0,0,0,0,25,0,0,44,500,474,28.47,14.9,0.20,0.67,19.70,5,0,37,3,0,633,4355
2022-03-25 20:04:35.806498,1,48,12,1,0,2,2,0,0,0,1,0,0,1,0,0,0,0,0,0,0,0,0,0,0,25,0,37,0,500,479,28.481,14.882,0.26,0.91,21.35,3,0,50,8,0,633,53160
2022-03-25 20:04:45.838071,1,43,6,3,2,1,1,3,1,0,0,0,0,0,0,0,0,0,0,0,0,0,0,0,0,27,33,29,44,500,474,28.476,14.81,0.26,1.73,3.99,5,0,49,7,0,633,57328
2022-03-25 20:04:55.854708,1,34,12,3,3,1,2,1,0,1,0,0,0,0,0,0,0,0,0,0,0,0,0,0,0,26,30,33,0,500,472,28.486,14.832,0.30,1.36,4.73,0,0,35,5,0,633,34463
2022-03-25 20:05:05.886538,1,36,11,5,1,0,1,1,0,1,0,1,0,0,0,0,0,0,0,0,0,0,0,0,0,25,28,34,0,500,476,28.481,14.904,0.25,1.02,13.18,1,0,43,12,0,633,26334
2022-03-25 20:05:15.902421,1,45,12,2,0,1,3,0,0,0,0,1,0,0,0,0,0,0,0,0,0,0,0,0,0,27,0,37,0,500,468,28.486,15.074,0.26,0.97,10.28,3,0,33,4,0,633,62676
2022-03-25 20:05:25.934235,1,36,8,1,1,0,0,1,0,0,0,0,0,0,0,0,0,0,0,0,0,0,0,0,0,27,32,0,0,500,463,28.486,14.882,0.17,0.50,0.86,3,0,41,2,0,633,64512
2022-03-25 20:05:35.950491,1,40,5,5,0,1,2,1,0,0,1,0,0,0,0,0,0,0,0,0,0,0,0,0,0,26,0,32,0,500,463,28.497,14.526,0.25,1.14,7.33,3,0,45,4,0,633,26184
2022-03-25 20:05:45.982216,1,46,13,4,1,2,1,0,0,0,0,0,0,0,0,0,0,0,0,0,0,0,0,0,0,26,33,32,0,500,463,28.497,14.738,0.32,0.75,0.86,0,0,35,4,0,633,26934
2022-03-25 20:05:55.998560,1,44,9,3,2,0,3,0,0,0,0,0,0,0,0,0,0,0,0,0,0,0,0,0,0,24,27,35,0,500,473,28.491,14.786,0.27,0.91,1.16,0,0,29,3,0,633,27509
2022-03-25 20:06:06.030160,1,45,7,3,2,2,0,2,0,0,2,0,0,0,0,0,0,0,0,0,0,0,0,0,0,24,33,0,0,500,480,28.497,14.858,0.27,1.29,12.92,2,0,30,1,0,633,48804
2022-03-25 20:06:16.046642,1,41,7,3,0,2,3,0,0,0,0,0,0,0,0,0,0,0,0,0,0,0,0,0,0,25,0,37,0,500,482,28.507,14.694,0.25,0.98,1.24,0,0,38,8,0,633,40134
2022-03-25 20:06:26.078452,1,42,5,5,0,3,1,0,0,0,0,0,0,0,0,0,0,0,0,0,0,0,0,0,0,27,0,33,0,500,477,28.507,14.738,0.26,0.74,0.86,3,0,22,4,0,633,43909
2022-03-25 20:06:36.094705,1,43,4,4,1,3,0,0,0,0,0,0,0,0,0,0,0,0,0,0,0,0,0,0,0,31,30,0,0,500,465,28.502,14.954,0.26,0.59,0.63,2,0,34,1,0,633,61200
2022-03-25 20:06:46.126473,1,33,5,2,1,0,2,0,0,0,0,1,1,0,0,0,0,0,0,0,0,0,0,0,0,31,30,39,0,500,451,28.507,14.862,0.19,0.67,23.53,0,0,32,4,0,634,18191
2022-03-25 20:06:56.142742,1,46,4,2,1,1,3,1,1,0,1,0,0,0,0,0,0,0,0,0,0,0,0,0,0,28,38,41,45,500,448,28.518,15.696,0.25,1.69,9.35,1,0,42,6,0,633,22808
2022-03-25 20:07:06.174360,1,44,7,4,3,1,2,0,0,0,0,0,0,0,0,1,0,0,0,0,0,0,0,0,0,28,33,40,0,500,442,28.507,15.314,0.32,0.95,15.78,6,0,24,2,0,633,25449
2022-03-25 20:07:16.190791,1,53,10,0,1,3,0,1,0,0,0,0,0,0,0,0,0,0,0,0,0,0,0,0,0,26,29,0,0,500,445,28.512,15.674,0.28,0.89,1.30,4,0,27,5,0,633,28462
2022-03-25 20:07:26.207111,1,37,12,2,0,0,0,0,0,0,0,0,0,0,0,0,0,0,0,0,0,0,0,0,0,27,0,0,0,500,443,28.502,15.578,0.20,0.22,0.22,2,0,27,6,0,634,1995
2022-03-25 20:07:36.239118,1,52,7,1,0,1,2,0,0,0,1,0,0,0,0,0,0,0,0,0,0,0,0,0,0,27,0,44,0,500,441,28.491,15.576,0.24,0.85,6.98,2,0,33,7,0,633,50207
2022-03-25 20:07:46.270738,1,38,13,1,2,0,3,1,1,1,0,0,0,0,0,0,0,0,0,0,0,0,0,0,0,25,34,35,45,500,451,28.491,15.504,0.27,1.74,6.51,4,0,31,7,0,633,18419
2022-03-25 20:07:56.287162,1,42,5,2,0,0,2,0,0,1,0,0,1,0,0,0,0,0,0,0,0,0,0,0,0,25,0,32,0,500,455,28.491,15.524,0.19,0.80,17.09,3,0,32,7,0,633,42738
2022-03-25 20:08:06.318724,1,47,8,2,0,2,0,1,1,2,0,0,0,0,0,0,0,0,0,0,0,0,0,0,0,26,0,0,39,500,456,28.502,15.6,0.24,1.45,8.88,4,0,33,4,0,634,11208
2022-03-25 20:08:16.335356,1,48,6,1,1,2,1,1,0,0,0,0,1,0,0,0,0,0,0,0,0,0,0,0,0,24,26,32,0,500,463,28.491,15.692,0.24,0.93,14.35,2,0,39,4,0,633,51435
2022-03-25 20:08:26.366704,1,44,11,4,3,4,4,0,0,0,0,1,0,0,1,0,0,0,0,0,0,0,0,0,0,27,32,34,0,500,457,28.491,15.48,0.42,1.72,27.00,5,1,72,11,0,634,40085
2022-03-25 20:08:36.398493,1,47,9,2,3,4,2,4,2,0,0,1,0,0,0,0,0,0,0,0,0,0,0,0,0,26,30,33,35,500,458,28.497,15.218,0.38,3.01,16.25,5,0,80,11,0,634,36192
2022-03-25 20:08:46.414737,1,53,16,8,0,3,1,2,1,2,1,1,1,0,1,0,0,0,0,0,0,0,0,0,0,25,0,32,35,500,467,28.502,15.146,0.41,2.34,52.86,1,0,75,11,0,634,2622
2022-03-25 20:08:56.431085,1,41,8,4,3,4,2,0,2,1,0,0,0,0,0,0,0,0,0,0,0,0,0,0,0,29,28,30,43,500,454,28.502,15.078,0.37,2.06,7.58,3,0,75,6,0,633,51405
2022-03-25 20:09:06.463161,1,39,12,5,3,6,2,1,2,3,1,0,0,2,0,0,0,0,0,0,0,0,0,0,0,24,31,35,43,500,467,28.512,15.002,0.44,3.07,50.50,5,0,62,14,0,633,62106
2022-03-25 20:09:16.479458,1,49,12,3,1,3,0,0,0,0,0,0,0,1,1,0,0,0,0,0,0,0,0,0,0,26,34,0,0,500,467,28.507,14.958,0.31,0.63,31.12,2,0,69,14,0,633,28156
2022-03-25 20:09:26.511034,1,39,10,7,1,2,2,1,0,0,1,0,0,0,0,0,0,0,0,0,0,0,0,0,0,26,28,33,0,500,466,28.512,14.906,0.34,1.36,7.53,4,0,47,8,0,633,65086
2022-03-25 20:09:36.527159,1,43,11,3,2,3,2,0,0,0,0,0,1,0,0,0,0,0,0,0,0,0,0,0,0,29,37,42,0,500,449,28.523,14.984,0.34,1.10,14.67,3,0,36,10,0,633,18263
2022-03-25 20:09:46.559212,1,45,6,6,0,1,2,5,0,0,0,0,0,0,0,0,0,0,0,0,0,0,0,0,0,23,0,40,0,500,460,28.523,14.984,0.30,2.22,4.20,4,0,44,8,0,633,58415
2022-03-25 20:09:56.575243,1,48,11,3,3,0,2,0,0,2,1,0,0,0,0,0,0,0,0,0,0,0,0,0,0,26,28,35,0,500,461,28.523,15.03,0.31,1.35,13.01,1,0,44,4,0,633,15694
2022-03-25 20:10:06.606791,1,38,10,1,1,1,4,1,0,0,0,0,1,0,0,0,0,0,0,0,0,0,0,0,0,25,27,43,0,500,466,28.539,14.988,0.26,1.41,14.98,0,0,50,5,0,633,38322
2022-03-25 20:10:16.623405,1,32,10,4,1,1,0,2,0,1,0,0,0,0,0,0,0,0,0,0,0,0,0,0,0,30,40,0,0,500,446,28.544,15.224,0.25,1.21,4.98,2,0,39,4,0,633,28508
2022-03-25 20:10:26.655054,1,40,10,3,1,0,2,0,1,1,0,0,0,0,0,0,0,0,0,0,0,0,0,0,0,29,33,39,44,500,434,28.533,14.84,0.26,1.26,5.75,6,1,40,4,0,633,5218
2022-03-25 20:10:36.671524,1,44,13,3,0,1,2,1,0,0,0,0,0,0,0,0,0,0,0,0,0,0,0,0,0,28,0,30,0,500,428,28.544,14.462,0.30,1.13,1.71,3,0,25,5,0,634,35645
2022-03-25 20:10:46.703087,1,44,8,4,1,2,0,1,0,0,0,0,0,0,0,0,0,0,0,0,0,0,0,0,0,28,27,0,0,500,424,28.549,14.7,0.30,0.87,1.29,4,0,41,4,0,634,51053
2022-03-25 20:10:56.719398,1,50,9,5,0,4,0,2,0,0,1,0,1,0,0,0,0,0,0,0,0,0,0,0,0,26,0,0,0,500,429,28.549,14.508,0.36,1.51,22.42,4,0,40,5,0,634,38224
2022-03-25 20:11:06.750898,1,41,9,5,0,0,2,0,1,0,0,0,0,0,0,0,0,0,0,0,0,0,0,0,0,34,0,38,44,500,401,28.549,14.654,0.29,1.10,2.62,2,0,41,4,0,634,55801
2022-03-25 20:11:16.782464,1,42,10,3,1,1,3,1,0,0,0,0,0,0,0,0,0,0,0,0,0,0,0,0,0,25,28,33,0,500,414,28.549,15.156,0.32,1.42,2.12,2,0,42,4,0,634,26412
2022-03-25 20:11:26.798723,1,52,5,4,0,2,2,0,0,1,0,0,0,0,0,0,0,0,0,0,0,0,0,0,0,28,0,39,0,500,413,28.554,15.396,0.31,1.20,4.66,6,0,29,6,0,634,14456
2022-03-25 20:11:36.815142,1,48,8,4,0,1,2,2,0,0,0,0,0,0,0,0,0,0,0,0,0,0,0,0,0,26,0,32,0,500,418,28.565,15.35,0.30,1.47,2.46,2,0,33,7,0,634,48323
2022-03-25 20:11:46.846588,1,39,9,3,0,0,1,0,0,1,0,0,0,1,0,0,0,0,0,0,0,0,0,0,0,28,0,32,0,500,416,28.56,14.916,0.23,0.70,21.04,0,0,33,4,0,634,55218
2022-03-25 20:11:56.863160,1,49,11,2,0,2,1,0,0,0,0,0,0,0,0,0,0,0,0,0,0,0,0,0,0,27,0,34,0,500,418,28.56,14.318,0.29,0.72,0.84,4,0,29,6,0,634,11897
2022-03-25 20:12:06.894505,1,46,5,0,1,4,0,1,0,1,0,0,0,0,0,0,0,0,0,0,0,0,0,0,0,28,29,0,0,500,416,28.554,14.51,0.27,1.25,4.93,4,0,36,2,0,634,35793
2022-03-25 20:12:16.910956,1,53,8,0,0,4,0,1,0,2,0,0,0,0,0,0,0,0,0,0,0,0,0,0,0,25,0,0,0,500,425,28.565,14.916,0.28,1.44,8.19,5,0,37,4,0,634,58528
2022-03-25 20:12:26.942700,1,45,12,2,1,1,0,0,1,1,0,0,0,0,0,0,0,0,0,0,0,0,0,0,0,28,32,0,44,500,421,28.549,15.06,0.27,0.98,5.44,1,0,18,3,0,634,55200
2022-03-25 20:12:36.959147,1,41,11,2,1,0,0,0,0,0,0,0,0,0,0,0,0,0,0,0,0,0,0,0,0,26,33,0,0,500,427,28.554,15.132,0.23,0.29,0.29,0,0,37,5,0,634,36786
2022-03-25 20:12:46.990620,1,38,9,4,0,1,2,0,0,1,1,0,0,0,0,0,0,0,0,0,0,0,0,0,0,28,0,38,0,500,423,28.565,15.396,0.27,1.16,10.72,1,0,28,3,0,634,32468
2022-03-25 20:12:57.006733,1,47,12,3,1,1,0,0,0,0,1,0,0,0,0,0,0,0,0,0,0,0,0,0,0,26,37,0,0,500,430,28.544,15.368,0.29,0.57,6.67,0,0,42,4,0,634,21466
2022-03-25 20:13:07.038543,1,43,5,1,2,2,2,0,1,1,1,1,0,0,0,0,0,0,0,0,0,0,0,0,0,25,31,35,42,500,434,28.539,15.462,0.27,1.64,21.96,6,0,34,8,0,634,46440
2022-03-25 20:13:17.054769,1,52,5,1,0,1,1,0,0,0,0,0,0,0,0,0,0,0,0,0,0,0,0,0,0,31,0,35,0,500,424,28.539,15.438,0.22,0.53,0.64,2,0,37,2,0,634,52815
2022-03-25 20:13:27.086581,1,33,8,2,0,0,1,1,0,0,0,1,0,0,0,0,0,0,0,0,0,0,0,0,0,25,0,51,0,500,432,28.539,15.366,0.19,0.75,11.04,0,0,30,5,0,634,54770
2022-03-25 20:13:37.102720,1,33,5,3,0,2,1,0,1,0,0,0,0,0,0,0,0,0,0,0,0,0,0,0,0,26,0,34,35,500,435,28.539,15.462,0.22,0.94,2.28,0,0,31,6,0,634,63834
2022-03-25 20:13:47.134405,1,47,1,1,0,2,1,1,0,1,0,1,0,0,0,0,0,0,0,0,0,0,0,0,0,27,0,32,0,500,435,28.544,15.416,0.20,1.17,14.49,2,0,36,7,0,634,37292
2022-03-25 20:13:57.166223,1,55,9,1,1,1,3,0,0,1,1,0,0,0,0,0,0,0,0,0,0,0,0,0,0,29,28,30,0,500,426,28.528,15.366,0.30,1.41,10.98,4,0,37,3,0,634,11527
2022-03-25 20:14:07.182400,1,43,9,3,2,2,2,0,0,0,0,0,0,0,0,0,0,0,0,0,0,0,0,0,0,26,30,37,0,500,430,28.539,15.248,0.33,1.02,1.23,1,0,24,4,0,634,63239
2022-03-25 20:14:17.198987,1,38,7,2,1,0,1,1,1,0,0,0,0,0,0,0,0,0,0,0,0,0,0,0,0,25,32,42,36,500,437,28.539,15.084,0.21,1.07,2.75,1,0,33,2,0,634,28475
2022-03-25 20:14:27.230681,1,41,12,2,1,1,3,0,1,0,0,0,0,0,0,0,0,0,0,0,0,0,0,0,0,26,27,33,42,500,441,28.533,15.174,0.29,1.34,2.81,3,0,43,5,0,634,50524
2022-03-25 20:14:37.247176,1,45,7,4,0,2,1,0,0,0,1,0,0,0,0,0,0,0,0,0,0,0,0,0,0,27,0,30,0,500,440,28.544,15.128,0.27,0.81,6.87,4,0,31,3,0,634,14373
2022-03-25 20:14:47.278812,1,53,8,3,0,2,1,1,0,0,0,0,0,0,0,0,0,0,0,0,0,0,0,0,0,26,0,35,0,500,443,28.549,15.132,0.29,0.99,1.47,5,0,40,4,0,634,27904
2022-03-25 20:14:57.295402,1,38,5,3,1,1,2,0,1,1,0,1,1,0,0,0,0,0,0,0,0,0,0,0,0,30,28,34,39,500,434,28.554,14.964,0.24,1.38,29.47,1,0,40,9,0,634,8496
2022-03-25 20:15:07.326925,1,34,3,2,2,0,3,2,1,0,0,0,0,0,0,0,0,0,0,0,0,0,0,0,0,24,30,31,40,500,439,28.549,14.604,0.23,1.81,4.03,1,0,32,6,0,634,12213
2022-03-25 20:15:17.358537,1,46,5,6,1,2,2,1,1,0,0,0,0,0,1,0,0,0,0,0,0,0,0,0,0,25,26,40,41,500,443,28.56,14.658,0.33,1.58,19.47,3,0,33,3,0,634,65230
2022-03-25 20:15:27.374544,1,51,7,1,2,2,0,2,0,0,0,0,0,0,0,0,0,0,0,0,0,0,0,0,0,27,30,0,0,500,442,28.565,14.87,0.28,1.13,1.91,3,0,31,4,0,634,48411
2022-03-25 20:15:37.406159,1,51,9,3,0,1,1,1,0,0,0,0,0,0,0,0,0,0,0,0,0,0,0,0,0,28,0,38,0,500,436,28.575,14.75,0.27,0.89,1.37,0,0,29,5,0,634,31587
2022-03-25 20:15:47.422385,1,56,7,5,0,0,2,2,0,0,1,0,0,0,0,0,0,0,0,0,0,0,0,0,0,25,0,32,0,500,442,28.575,14.75,0.30,1.43,8.28,2,0,42,7,0,634,34092
2022-03-25 20:15:57.438981,1,48,5,4,1,2,2,0,0,0,0,1,0,0,0,0,0,0,0,0,0,0,0,0,0,25,25,32,0,500,446,28.581,14.682,0.30,0.98,10.69,1,0,31,5,0,634,35965
2022-03-25 20:16:07.470431,1,49,10,2,1,2,2,0,0,0,0,0,0,0,0,0,0,0,0,0,0,0,0,0,0,26,34,32,0,500,448,28.581,14.682,0.30,0.92,1.12,0,0,43,6,0,634,61548
2022-03-25 20:16:17.502141,1,51,3,1,2,4,0,1,1,0,1,0,0,1,0,0,0,0,0,0,0,0,0,0,0,29,27,0,49,500,444,28.596,14.754,0.29,1.45,24.93,2,0,35,3,0,635,54042
2022-03-25 20:16:27.518766,1,45,9,3,0,0,0,1,0,1,1,0,0,0,0,0,0,0,0,0,0,0,0,0,0,26,0,0,0,500,447,28.607,14.832,0.22,0.87,10.10,4,0,35,5,0,635,62453
2022-03-25 20:16:37.550608,1,39,10,4,0,3,1,1,0,0,0,0,1,0,0,0,0,0,0,0,0,0,0,0,0,26,0,31,0,500,449,28.602,14.736,0.29,1.08,14.93,5,0,40,5,0,635,29553
2022-03-25 20:16:47.566809,1,29,5,1,2,2,1,0,0,0,0,0,0,0,0,0,0,0,0,0,0,0,0,0,0,23,33,32,0,500,458,28.607,14.756,0.21,0.65,0.76,4,0,39,3,0,635,524
2022-03-25 20:16:57.598594,1,41,6,7,0,1,2,0,1,2,0,0,0,0,0,0,0,0,0,0,0,0,0,0,0,26,0,32,39,500,459,28.617,14.736,0.28,1.52,8.69,1,0,45,5,0,635,62624
2022-03-25 20:17:07.614962,1,45,10,5,2,1,1,0,1,1,0,0,0,1,0,0,0,0,0,0,0,0,0,0,0,24,37,36,40,500,470,28.623,14.52,0.31,1.18,20.33,4,0,43,4,0,635,43002
2022-03-25 20:17:17.646330,1,38,7,2,0,2,3,3,0,0,0,1,0,0,0,0,0,0,0,0,0,0,0,0,0,26,0,36,0,500,469,28.617,14.424,0.25,1.87,12.24,4,1,33,5,0,635,8520
2022-03-25 20:17:27.663018,1,58,5,5,1,0,1,1,0,0,0,0,0,0,0,0,0,0,0,0,0,0,0,0,0,25,29,30,0,500,471,28.623,14.592,0.27,0.80,1.24,2,0,33,6,0,635,6334
2022-03-25 20:17:37.694354,1,42,5,3,1,3,0,1,0,0,0,0,0,0,0,0,0,0,0,0,0,0,0,0,0,32,35,0,0,500,454,28.628,14.618,0.26,0.88,1.28,2,0,36,5,0,635,62074
2022-03-25 20:17:47.710640,1,41,10,6,1,1,0,0,1,2,0,0,0,0,0,0,0,0,0,0,0,0,0,0,0,26,33,0,38,500,456,28.628,14.738,0.29,1.18,8.24,1,0,32,3,0,635,46835
2022-03-25 20:17:57.742364,1,43,15,7,5,1,1,1,0,1,0,0,0,0,0,0,0,0,0,0,0,0,0,0,0,24,30,32,0,500,471,28.628,14.76,0.42,1.39,4.69,1,0,39,5,0,635,16554
2022-03-25 20:18:07.759107,1,62,10,3,1,0,3,0,0,0,0,0,0,0,0,0,0,0,0,0,0,0,0,0,0,27,33,38,0,500,465,28.644,14.67,0.31,0.93,1.17,1,0,36,5,0,635,25131
2022-03-25 20:18:17.790533,1,53,14,3,2,1,2,1,0,0,1,0,0,0,0,0,0,0,0,0,0,0,0,0,0,26,28,45,0,500,465,28.649,14.978,0.34,1.29,7.45,5,0,46,3,0,636,23117
2022-03-25 20:18:27.806770,1,43,9,2,2,2,0,1,0,0,0,0,0,0,0,0,0,0,0,0,0,0,0,0,0,25,27,0,0,500,469,28.649,15.266,0.27,0.80,1.18,2,0,33,7,0,635,3505
2022-03-25 20:18:37.838510,1,57,7,4,0,0,0,1,2,0,0,0,0,0,0,0,0,0,0,0,0,0,0,0,0,26,0,0,47,500,469,28.659,15.006,0.24,1.13,3.74,3,0,35,3,0,635,38045
2022-03-25 20:18:47.855220,1,39,9,0,2,1,1,0,0,0,0,0,0,0,0,0,0,0,0,0,0,0,0,0,0,31,36,29,0,500,445,28.665,14.958,0.23,0.59,0.69,0,0,27,4,0,635,36326
2022-03-25 20:18:57.886726,1,31,9,2,2,3,0,1,0,0,0,0,0,0,0,1,0,0,0,0,0,0,0,0,0,25,28,0,0,500,452,28.654,14.24,0.26,0.91,15.64,1,0,25,3,0,636,54155
2022-03-25 20:19:07.903209,1,40,5,2,0,1,1,2,1,0,0,0,1,0,0,0,0,0,0,0,0,0,0,0,0,28,0,35,42,500,448,28.659,13.832,0.20,1.39,16.79,4,0,30,10,0,635,47760
2022-03-25 20:19:17.934779,1,41,5,3,1,3,1,2,1,2,0,0,0,0,0,0,0,0,0,0,0,0,0,0,0,23,25,37,48,500,457,28.654,13.904,0.27,2.08,9.96,5,0,32,4,0,635,53178
2022-03-25 20:19:27.951218,1,60,6,3,1,1,1,0,1,0,1,0,0,0,0,0,0,0,0,0,0,0,0,0,0,23,28,31,38,500,467,28.654,13.832,0.27,1.01,7.84,1,0,37,5,0,635,30684
2022-03-25 20:19:37.983213,1,43,12,6,2,0,0,1,1,0,1,1,0,0,0,0,0,0,0,0,0,0,0,0,0,28,30,0,41,500,455,28.649,13.952,0.31,1.17,17.78,2,0,50,3,0,636,27711
2022-03-25 20:19:47.999428,1,51,10,5,0,0,1,0,0,1,0,0,0,0,0,0,0,0,0,0,0,0,0,0,0,28,0,32,0,500,446,28.654,14.024,0.28,0.73,3.82,1,0,34,5,0,635,60537
2022-03-25 20:19:58.031000,1,40,9,2,0,1,2,0,1,0,0,0,0,0,0,0,0,0,0,0,0,0,0,0,0,26,0,31,37,500,448,28.649,13.784,0.23,1.03,2.40,2,0,37,6,0,635,25790
2022-03-25 20:20:08.047079,1,38,6,2,0,2,1,0,0,1,0,0,0,0,0,0,0,0,0,0,0,0,0,0,0,23,0,31,0,500,459,28.654,13.788,0.21,0.81,3.83,2,0,37,2,0,636,64329
2022-03-25 20:20:18.078704,1,48,9,2,0,2,3,1,3,2,0,0,0,0,0,0,0,0,0,0,0,0,0,0,0,28,0,33,40,500,451,28.638,13.758,0.28,2.69,12.81,0,0,27,5,0,635,43965
2022-03-25 20:20:28.095048,1,47,7,2,0,0,0,1,1,0,0,0,0,0,0,0,0,0,0,0,0,0,0,0,0,25,0,0,38,500,456,28.644,13.88,0.19,0.79,2.32,4,0,25,0,0,636,59657
2022-03-25 20:20:38.126649,1,56,11,4,2,1,1,1,0,0,0,0,0,0,0,0,0,0,0,0,0,0,0,0,0,25,30,30,0,500,462,28.644,14.07,0.33,0.99,1.45,0,0,37,8,0,636,52980
2022-03-25 20:20:48.142952,1,41,8,2,0,0,2,0,0,0,0,0,1,0,0,0,0,0,0,0,0,0,0,0,0,25,0,36,0,500,467,28.638,14.214,0.20,0.59,13.59,3,0,38,8,0,636,19683
2022-03-25 20:20:58.174703,1,50,10,1,0,2,0,1,1,0,0,0,0,0,0,0,0,0,0,0,0,0,0,0,0,24,0,0,34,500,477,28.644,14.19,0.23,0.97,2.46,4,0,22,7,0,636,8020
2022-03-25 20:21:08.191085,1,35,8,1,2,0,0,0,1,0,1,0,0,0,0,0,0,0,0,0,0,0,0,0,0,25,27,0,37,500,479,28.644,14.19,0.18,0.65,7.23,1,0,40,3,0,635,41929
2022-03-25 20:21:18.222934,1,32,6,2,1,1,2,3,1,1,0,0,0,0,0,0,0,0,0,0,0,0,0,0,0,29,31,44,38,500,468,28.654,13.904,0.22,2.06,7.29,2,0,27,3,0,635,3638
2022-03-25 20:21:28.239077,1,56,8,2,0,2,2,0,0,0,0,0,0,0,0,0,0,0,0,0,0,0,0,0,0,25,0,34,0,500,472,28.654,14.048,0.27,0.83,1.01,1,0,33,2,0,636,6898
2022-03-25 20:21:38.271154,1,53,11,1,1,1,0,1,1,1,0,0,0,0,0,0,0,0,0,0,0,0,0,0,0,27,27,0,43,500,465,28.654,14.096,0.25,1.17,5.56,3,0,46,3,0,635,53345
2022-03-25 20:21:48.302604,1,41,5,1,0,4,1,0,2,0,0,0,0,0,0,0,0,0,0,0,0,0,0,0,0,24,0,33,38,500,470,28.649,14.12,0.23,1.35,3.74,5,0,43,6,0,636,46212
2022-03-25 20:21:58.319163,1,43,8,1,2,3,1,1,1,0,0,0,0,0,0,0,0,0,0,0,0,0,0,0,0,23,34,30,39,500,482,28.659,14.244,0.27,1.33,2.89,4,1,40,5,0,635,39948
2022-03-25 20:22:08.350796,1,25,10,3,3,2,2,0,0,0,0,0,0,0,0,0,0,0,0,0,0,0,0,0,0,27,36,34,0,500,474,28.665,14.216,0.28,0.94,1.13,1,0,17,6,0,635,5535
2022-03-25 20:22:18.367370,1,43,7,3,1,0,3,0,2,0,0,0,0,0,0,0,0,0,0,0,0,0,0,0,0,30,31,42,46,500,458,28.665,14.456,0.25,1.47,4.04,2,0,36,3,0,635,51186
2022-03-25 20:22:28.383649,1,39,7,4,2,2,1,1,0,0,0,0,0,0,0,0,0,0,0,0,0,0,0,0,0,24,35,32,0,500,466,28.681,14.72,0.29,1.02,1.49,1,0,30,5,0,635,35066
2022-03-25 20:22:38.415026,1,45,5,1,0,0,1,0,0,0,0,0,0,0,0,0,0,0,0,0,0,0,0,0,0,25,0,34,0,500,469,28.665,14.48,0.16,0.36,0.44,1,0,30,3,0,635,14309
2022-03-25 20:22:48.431448,1,40,6,3,0,1,0,1,0,0,0,0,0,0,0,0,0,0,0,0,0,0,0,0,0,28,0,0,0,500,462,28.665,14.412,0.20,0.59,0.96,3,0,27,5,0,636,33839
2022-03-25 20:22:58.462868,1,44,7,1,1,1,0,0,0,0,0,0,0,0,0,0,0,0,0,0,0,0,0,0,0,27,38,0,0,500,458,28.671,14.288,0.20,0.34,0.35,2,0,24,3,0,635,41120
2022-03-25 20:23:08.479483,1,39,3,5,0,0,4,1,0,1,0,0,0,0,0,0,0,0,0,0,0,0,0,0,0,24,0,37,0,500,462,28.659,14.192,0.24,1.51,5.10,1,0,33,9,0,636,64910
2022-03-25 20:23:18.510823,1,50,7,3,0,1,1,0,0,0,0,0,0,0,0,0,0,0,0,0,0,0,0,0,0,27,0,32,0,500,458,28.654,14.502,0.24,0.54,0.64,6,0,38,4,0,635,10003
2022-03-25 20:23:28.542589,1,51,3,2,0,1,0,0,0,0,0,0,0,0,0,0,0,0,0,0,0,0,0,0,0,35,0,0,0,500,444,28.659,14.334,0.20,0.31,0.32,3,0,35,2,0,636,47081
2022-03-25 20:23:38.558995,1,35,7,1,1,1,1,1,1,0,0,0,0,0,0,0,0,0,0,0,0,0,0,0,0,31,38,33,44,500,429,28.628,14.33,0.21,1.18,2.90,0,0,38,2,0,636,37409
2022-03-25 20:23:48.590288,1,46,13,2,0,0,1,3,1,0,0,0,0,0,0,0,0,0,0,0,0,0,0,0,0,28,0,28,33,500,423,28.633,14.31,0.27,1.74,4.26,1,0,32,2,0,636,3463
2022-03-25 20:23:58.606683,1,45,7,1,0,1,1,1,0,1,1,0,0,0,0,0,0,0,0,0,0,0,0,0,0,29,0,36,0,500,418,28.628,14.162,0.22,1.21,11.18,2,0,32,7,0,635,1846
2022-03-25 20:24:08.638168,1,56,6,1,1,0,3,0,0,0,0,0,0,0,0,0,0,0,0,0,0,0,0,0,0,27,27,34,0,500,419,28.617,14.21,0.27,0.94,1.21,1,0,37,5,0,635,64645
2022-03-25 20:24:18.654540,1,36,1,4,0,1,1,1,0,0,0,0,0,1,0,0,0,0,0,0,0,0,0,0,0,23,0,60,0,500,421,28.607,14.256,0.20,0.85,18.17,5,0,38,7,0,636,15254
2022-03-25 20:24:28.686301,1,49,8,2,0,1,4,1,2,0,2,0,0,0,0,0,0,0,0,0,0,0,0,0,0,27,0,37,36,500,422,28.607,14.28,0.29,2.43,18.12,2,0,38,2,0,636,684
2022-03-25 20:24:38.702361,1,41,5,2,0,2,0,1,0,0,0,0,0,0,0,0,0,0,0,0,0,0,0,0,0,29,0,0,0,500,418,28.591,14.516,0.22,0.75,1.17,3,0,28,3,0,636,2258
2022-03-25 20:24:48.734208,1,54,6,2,1,2,2,0,0,0,0,0,0,0,0,0,0,0,0,0,0,0,0,0,0,29,27,34,0,500,413,28.596,14.4,0.31,0.99,1.20,1,0,41,3,0,636,49449
2022-03-25 20:24:58.750655,1,46,11,0,2,0,0,0,0,0,1,0,0,0,0,0,0,0,0,0,0,0,0,0,0,27,30,0,0,500,416,28.591,14.828,0.24,0.45,6.75,0,0,38,9,0,636,7441
2022-03-25 20:25:08.767102,1,46,9,2,2,2,2,1,0,0,0,0,0,0,0,0,0,0,0,0,0,0,0,0,0,28,29,33,0,500,414,28.586,14.636,0.34,1.36,1.98,1,0,36,4,0,636,60315
2022-03-25 20:25:18.798812,1,33,6,3,1,2,0,0,0,0,0,0,0,0,0,0,0,0,0,0,0,0,0,0,0,27,39,0,0,500,415,28.575,14.486,0.24,0.50,0.53,3,0,38,6,0,636,50317
2022-03-25 20:25:28.830312,1,41,7,3,1,4,1,0,1,1,0,0,0,0,0,0,0,0,0,0,0,0,0,0,0,25,44,37,37,500,423,28.575,14.846,0.32,1.53,6.10,1,0,34,4,0,636,46514
2022-03-25 20:25:38.846698,1,37,11,2,0,1,1,0,1,0,1,0,0,0,0,0,0,0,0,0,0,0,0,0,0,26,0,40,38,500,429,28.565,14.634,0.23,0.99,8.43,3,0,41,1,0,636,62648
2022-03-25 20:25:48.878557,1,52,5,2,0,1,0,0,1,0,0,0,0,0,0,0,0,0,0,0,0,0,0,0,0,26,0,0,48,500,431,28.565,14.748,0.22,0.65,1.89,1,0,44,9,0,636,17925
2022-03-25 20:25:58.894888,1,40,5,3,0,1,2,2,1,0,1,0,0,0,0,0,0,0,0,0,0,0,0,0,0,27,0,39,36,500,431,28.549,14.844,0.24,1.80,10.07,1,0,46,2,0,635,7299
2022-03-25 20:26:08.926568,1,40,8,1,2,2,3,1,0,0,0,0,1,0,0,0,0,0,0,0,0,0,0,0,0,27,39,36,0,500,431,28.539,14.576,0.30,1.48,16.07,1,0,36,4,0,635,12189
2022-03-25 20:26:18.942703,1,45,8,2,0,0,0,1,1,0,0,1,0,0,0,0,0,0,0,0,0,0,0,0,0,27,0,0,41,500,431,28.544,15.128,0.20,0.89,12.34,2,0,34,5,0,635,57372
2022-03-25 20:26:28.974231,1,41,8,0,0,2,1,0,0,0,0,0,0,0,0,0,0,0,0,0,0,0,0,0,0,28,0,35,0,500,427,28.539,15.056,0.21,0.61,0.73,1,0,38,5,0,635,16110
2022-03-25 20:26:38.990764,1,47,5,2,0,0,3,0,0,0,0,0,0,0,0,0,0,0,0,0,0,0,0,0,0,29,0,38,0,500,422,28.523,15.722,0.23,0.86,1.13,1,0,35,4,0,635,35887
2022-03-25 20:26:49.022490,1,39,9,1,1,2,0,0,0,0,0,0,0,0,0,0,0,0,0,0,0,0,0,0,0,30,30,0,0,500,411,28.523,15.342,0.25,0.50,0.53,2,0,34,4,0,635,18922
2022-03-25 20:26:59.038934,1,49,4,3,0,2,1,0,0,0,0,0,0,0,0,0,0,1,0,0,0,0,0,0,0,26,0,40,0,500,414,28.512,14.766,0.26,0.70,11.41,0,0,35,4,0,634,34033
2022-03-25 20:27:09.070595,1,38,10,3,1,1,2,0,2,0,0,0,0,0,0,0,0,0,0,0,0,0,0,0,0,29,40,37,46,500,408,28.502,14.762,0.29,1.55,4.36,2,0,42,2,0,635,50480
2022-03-25 20:27:19.086657,1,40,8,6,2,1,0,2,0,0,0,0,0,0,0,0,0,0,0,0,0,0,0,0,0,26,31,0,0,500,414,28.491,14.69,0.33,1.18,2.00,4,0,34,5,0,634,27648
2022-03-25 20:27:29.118399,1,41,10,2,1,0,0,1,2,1,0,1,0,0,0,0,0,0,0,0,0,0,0,0,0,27,27,0,39,500,416,28.497,14.954,0.24,1.54,17.91,3,0,26,3,0,635,8643
2022-03-25 20:27:39.134509,1,43,5,1,0,3,2,1,0,0,0,0,0,0,0,0,0,0,0,0,0,0,0,0,0,24,0,30,0,500,424,28.476,15.024,0.26,1.27,1.88,3,0,27,2,0,634,19938
2022-03-25 20:27:49.166034,1,35,10,1,2,2,1,1,0,0,0,0,0,0,0,0,0,0,0,0,0,0,0,0,0,23,29,31,0,500,444,28.476,15.024,0.26,1.02,1.51,2,0,34,6,0,634,6069
2022-03-25 20:27:59.182360,1,57,9,3,0,3,0,1,0,1,0,0,0,0,0,0,0,0,0,0,0,0,0,0,0,25,0,0,0,500,450,28.47,15.048,0.30,1.11,4.50,6,0,38,4,0,634,49100
2022-03-25 20:28:09.213908,1,42,9,3,3,0,0,0,0,0,0,0,0,0,0,0,0,0,0,0,0,0,0,0,0,24,29,0,0,500,461,28.476,15.048,0.26,0.38,0.39,2,0,33,1,0,634,60246
2022-03-25 20:28:19.230364,1,48,8,2,0,1,0,1,0,0,1,0,0,0,0,0,0,0,0,0,0,0,0,0,0,27,0,0,0,500,457,28.47,15.02,0.22,0.72,6.83,4,0,32,4,0,634,54421
2022-03-25 20:28:29.262023,1,45,6,1,3,1,0,0,0,0,0,0,0,0,0,0,0,0,0,0,0,0,0,0,0,28,31,0,0,500,452,28.481,15.024,0.24,0.45,0.47,1,0,23,3,0,634,56457
2022-03-25 20:28:39.278365,1,45,9,2,0,0,2,0,1,0,1,0,0,0,0,0,0,0,0,0,0,0,0,0,0,28,0,34,39,500,444,28.476,15.048,0.22,1.06,8.32,1,1,31,7,0,634,9302
2022-03-25 20:28:49.310229,1,50,6,6,0,2,0,3,0,0,0,0,1,0,0,0,0,0,0,0,0,0,0,0,0,34,0,0,0,500,422,28.481,14.978,0.32,1.49,16.90,0,0,37,10,0,633,4042
2022-03-25 20:28:59.326509,1,44,5,1,0,1,0,1,2,0,0,0,0,0,0,0,0,0,0,0,0,0,0,0,0,26,0,0,44,500,425,28.486,14.858,0.19,1.24,4.14,4,0,45,3,0,634,59875
2022-03-25 20:29:09.342843,1,24,7,1,1,3,1,0,0,1,0,0,0,0,0,0,0,0,0,0,0,0,0,0,0,27,31,31,0,500,426,28.486,14.978,0.22,0.99,4.27,2,0,32,5,0,633,27325
2022-03-25 20:29:19.374842,1,46,6,5,1,0,1,2,0,1,0,0,0,0,0,0,0,0,0,0,0,0,0,0,0,28,32,38,0,500,423,28.491,14.382,0.28,1.41,5.45,2,0,28,4,0,634,60338
2022-03-25 20:29:29.390992,1,48,8,2,0,2,0,2,0,0,0,0,0,0,1,0,0,0,0,0,0,0,0,0,0,24,0,0,0,500,435,28.476,14.45,0.25,1.06,18.26,0,0,41,3,0,633,64213
2022-03-25 20:29:39.422725,1,52,3,3,2,0,2,1,0,0,0,0,0,0,0,0,0,0,0,0,0,0,0,0,0,23,27,32,0,500,441,28.481,14.594,0.27,1.05,1.60,2,0,35,7,0,634,19094
2022-03-25 20:29:49.454282,1,48,9,3,1,0,1,2,0,2,0,0,0,0,0,0,0,0,0,0,0,0,0,0,0,23,25,33,0,500,457,28.476,14.714,0.26,1.50,8.18,0,0,29,5,0,634,41432
2022-03-25 20:29:59.470657,1,51,8,3,1,1,2,1,1,0,0,0,0,0,0,0,0,0,0,0,0,0,0,0,0,28,31,32,39,500,450,28.486,14.928,0.29,1.42,3.15,2,0,28,8,0,634,3815
2022-03-25 20:30:09.502287,1,56,4,2,0,3,0,1,0,0,0,0,1,0,0,0,0,0,0,0,0,0,0,0,0,24,0,0,0,500,455,28.481,14.928,0.25,0.83,14.41,1,0,41,5,0,634,12895
2022-03-25 20:30:19.518622,1,45,7,4,2,0,2,0,1,1,0,0,0,0,0,0,0,0,0,0,0,0,0,0,0,27,27,32,41,500,452,28.486,14.882,0.28,1.28,5.59,1,0,45,5,0,634,24127
2022-03-25 20:30:29.550335,1,39,12,2,0,3,3,0,0,0,0,0,0,0,0,0,0,0,0,0,0,0,0,0,0,25,0,36,0,500,460,28.486,14.646,0.29,1.14,1.43,1,0,31,2,0,634,62671
2022-03-25 20:30:39.566690,1,44,8,4,1,1,0,0,0,0,0,0,0,0,0,0,0,0,0,0,0,0,0,0,0,27,39,0,0,500,456,28.491,14.646,0.25,0.41,0.42,1,0,39,6,0,634,55830
2022-03-25 20:30:49.598107,1,54,3,7,1,2,0,1,0,0,0,0,0,0,0,0,0,0,0,0,0,0,0,0,0,23,30,0,0,500,462,28.491,14.69,0.31,0.85,1.24,2,0,34,2,0,634,23916
2022-03-25 20:30:59.614561,1,34,8,0,1,1,1,2,0,0,0,0,0,0,0,0,0,0,0,0,0,0,0,0,0,26,37,43,0,500,462,28.497,14.718,0.19,1.07,1.88,1,0,20,5,0,634,49480
2022-03-25 20:31:09.646251,1,33,9,1,0,1,1,0,0,0,0,0,0,0,0,0,0,0,0,0,0,0,0,0,0,25,0,40,0,500,467,28.507,14.67,0.18,0.46,0.56,2,0,35,2,0,634,32672
2022-03-25 20:31:19.662730,1,46,10,2,2,0,0,2,1,0,1,0,0,0,0,0,0,0,0,0,0,0,0,0,0,27,32,0,39,500,461,28.502,14.31,0.25,1.31,8.86,1,0,41,2,0,634,50672
2022-03-25 20:31:29.694109,1,41,7,1,0,1,2,2,1,0,0,0,0,0,0,0,0,0,0,0,0,0,0,0,0,25,0,33,45,500,465,28.512,14.22,0.21,1.53,3.56,0,0,25,5,0,634,43208
2022-03-25 20:31:39.710940,1,37,4,3,2,0,2,0,0,1,0,0,0,1,0,0,0,0,0,0,0,0,0,0,0,26,27,38,0,500,465,28.512,14.478,0.22,0.89,19.17,1,0,46,3,0,634,15267
2022-03-25 20:31:49.742057,1,42,8,3,0,0,0,0,0,0,0,0,0,0,0,0,0,0,0,0,0,0,0,0,0,28,0,0,0,500,456,28.523,14.528,0.19,0.22,0.22,2,0,39,3,0,634,63333
2022-03-25 20:31:59.758557,1,50,10,3,0,0,1,0,0,0,0,0,0,0,0,0,0,0,0,0,0,0,0,0,0,27,0,38,0,500,453,28.518,14.504,0.24,0.46,0.54,1,0,28,5,0,633,43579
2022-03-25 20:32:09.790280,1,31,10,0,0,0,1,0,0,1,0,0,0,0,0,0,0,0,0,0,0,0,0,0,0,29,0,32,0,500,440,28.518,14.388,0.15,0.58,3.71,0,0,34,9,0,634,11446
2022-03-25 20:32:19.806694,1,48,6,2,0,2,1,1,0,0,0,0,0,0,0,0,0,0,0,0,0,0,0,0,0,28,0,44,0,500,436,28.523,14.336,0.25,0.95,1.45,1,0,34,6,0,634,26743
2022-03-25 20:32:29.838167,1,38,7,1,2,0,2,1,1,0,0,0,0,0,0,0,0,0,0,0,0,0,0,0,0,27,30,36,57,500,435,28.528,14.126,0.23,1.32,3.10,4,0,24,2,0,634,38287
2022-03-25 20:32:39.854367,1,44,9,3,2,1,0,0,0,0,0,0,0,0,0,0,0,0,0,0,0,0,0,0,0,31,30,0,0,500,418,28.518,14.1,0.29,0.49,0.51,1,0,32,4,0,634,48643
2022-03-25 20:32:49.886032,1,47,7,1,0,0,1,0,0,0,0,0,0,0,0,0,0,0,0,0,0,0,0,0,0,26,0,49,0,500,422,28.533,14.126,0.20,0.42,0.51,3,0,32,5,0,634,11203
2022-03-25 20:32:59.902337,1,38,12,3,1,5,1,1,0,2,0,0,0,0,0,0,0,0,0,0,0,0,0,0,0,28,28,36,0,500,418,28.533,14.198,0.37,1.92,8.89,1,0,32,3,0,634,12011
2022-03-25 20:33:09.934150,1,36,9,5,0,0,0,1,0,0,0,0,0,0,0,0,0,0,0,0,0,0,0,0,0,29,0,0,0,500,412,28.528,14.148,0.24,0.60,1.00,2,0,31,5,0,634,11360
2022-03-25 20:33:19.950359,1,41,6,4,0,1,2,1,0,0,0,0,0,0,0,0,0,0,0,0,0,0,0,0,0,27,0,31,0,500,414,28.528,14.052,0.27,1.13,1.73,1,0,37,5,0,635,27436
2022-03-25 20:33:29.982128,1,47,5,4,1,0,1,0,1,0,0,0,0,1,1,0,0,0,0,0,0,0,0,0,0,25,33,39,38,500,419,28.539,14.102,0.26,0.86,36.16,1,0,36,2,0,635,2516
2022-03-25 20:33:39.998509,1,37,7,0,1,1,0,1,0,0,0,0,0,0,0,0,0,0,0,0,0,0,0,0,0,28,35,0,0,500,417,28.539,14.244,0.19,0.65,1.06,1,0,38,7,0,635,3573
2022-03-25 20:33:50.030314,1,41,10,1,0,2,2,0,0,1,1,0,0,0,0,0,0,0,0,0,0,0,0,0,0,27,0,33,0,500,419,28.533,14.126,0.26,1.24,10.90,2,0,35,8,0,635,23387
2022-03-25 20:34:00.061807,1,38,2,9,0,3,0,3,0,1,0,0,0,0,0,0,0,0,0,0,0,0,0,0,0,23,0,0,0,500,423,28.539,14.222,0.33,1.84,6.23,1,0,35,7,0,635,17634
2022-03-25 20:34:10.078487,1,35,12,3,3,1,3,1,2,0,0,0,0,0,0,0,0,0,0,0,0,0,0,0,0,29,30,33,38,500,414,28.544,14.102,0.36,2.20,5.46,4,0,47,3,0,635,39968
2022-03-25 20:34:20.094798,1,40,15,1,0,0,2,2,0,0,0,0,0,0,0,0,0,0,0,0,0,0,0,0,0,25,0,41,0,500,430,28.549,14.078,0.25,1.27,2.22,3,0,38,3,0,635,40669
2022-03-25 20:34:30.126476,1,42,4,1,1,1,2,1,0,1,2,0,0,0,0,0,0,0,0,0,0,0,0,0,0,25,30,35,0,500,434,28.549,14.15,0.22,1.52,17.25,3,0,44,2,0,635,26653
2022-03-25 20:34:40.142726,1,51,7,6,1,1,0,0,1,0,0,0,0,0,0,0,0,0,0,0,0,0,0,0,0,25,32,0,38,500,440,28.549,14.246,0.30,0.79,2.01,3,0,35,5,0,636,19532
2022-03-25 20:34:50.174036,1,34,11,4,0,0,0,0,0,0,0,1,0,0,0,0,0,0,0,0,0,0,0,0,0,26,0,0,0,500,444,28.549,14.13,0.21,0.29,9.84,0,0,32,2,0,635,64690
2022-03-25 20:35:00.190543,1,36,5,3,1,1,0,2,0,1,0,0,0,0,0,0,0,0,0,0,0,0,0,0,0,25,63,0,0,500,448,28.56,14.274,0.21,1.16,4.91,3,0,39,1,0,636,18677
2022-03-25 20:35:10.222075,1,56,7,5,1,3,2,1,0,1,0,0,0,0,0,0,0,0,0,0,0,0,0,0,0,26,31,33,0,500,449,28.565,14.37,0.36,1.61,5.17,1,0,33,2,0,635,20691
2022-03-25 20:35:20.238230,1,42,6,4,2,1,0,0,1,1,0,0,0,0,0,0,0,0,0,0,0,0,0,0,0,25,27,0,53,500,454,28.565,14.414,0.26,0.96,5.10,1,0,38,4,0,636,36362
2022-03-25 20:35:30.270026,1,37,7,3,1,4,1,1,0,0,0,0,0,0,0,0,0,0,0,0,0,0,0,0,0,24,30,32,0,500,462,28.581,14.442,0.29,1.17,1.66,1,0,32,4,0,635,9044
2022-03-25 20:35:40.286373,1,52,13,3,0,2,3,2,1,0,0,0,0,0,0,0,0,0,0,0,0,0,0,0,0,24,0,34,43,500,475,28.565,14.538,0.32,1.90,3.98,1,0,46,7,0,635,16974
2022-03-25 20:35:50.317979,1,50,9,5,0,2,3,1,0,1,0,1,0,0,0,0,0,0,0,0,0,0,0,0,0,27,0,35,0,500,469,28.581,14.442,0.32,1.62,14.14,3,0,34,2,0,636,6222
2022-03-25 20:36:00.334537,1,36,11,6,0,1,0,3,0,0,0,0,0,0,0,0,0,0,0,0,0,0,0,0,0,26,0,0,0,500,468,28.575,14.562,0.27,1.23,2.31,4,0,42,7,0,636,16942
2022-03-25 20:36:10.366133,1,47,5,1,1,4,0,0,2,0,0,1,0,0,0,0,0,0,0,0,0,0,0,0,0,24,29,0,34,500,473,28.586,14.514,0.25,1.26,12.52,3,0,43,5,0,635,60717
2022-03-25 20:36:20.382677,1,55,9,5,1,1,3,0,0,0,1,0,0,0,0,0,0,0,0,0,0,0,0,0,0,25,26,31,0,500,477,28.586,14.444,0.32,1.13,6.88,2,0,32,6,0,636,24753
2022-03-25 20:36:30.414067,1,46,5,1,1,0,0,1,2,0,0,0,0,0,0,0,0,0,0,0,0,0,0,0,0,34,27,0,36,500,454,28.581,14.372,0.18,1.11,3.82,5,0,39,3,0,635,55477
2022-03-25 20:36:40.446007,1,52,5,5,1,2,1,0,0,1,0,1,0,0,0,0,0,0,0,0,0,0,0,0,0,26,42,29,0,500,454,28.586,14.372,0.30,1.00,13.41,0,0,37,4,0,636,12896
2022-03-25 20:36:50.462150,1,45,12,2,0,2,1,1,0,0,1,0,0,0,0,0,0,0,0,0,0,0,0,0,0,26,0,32,0,500,456,28.586,14.586,0.27,1.06,7.27,5,0,44,8,0,636,38700
2022-03-25 20:37:00.478683,1,33,11,5,0,2,1,2,0,1,1,2,1,0,0,0,0,0,0,0,0,0,0,0,0,26,0,30,0,500,457,28.602,14.684,0.28,1.67,42.85,1,0,27,6,0,635,2960
2022-03-25 20:37:10.510418,1,39,5,1,0,3,1,0,0,0,0,0,0,0,0,0,0,1,1,0,0,0,0,0,0,24,0,38,0,500,463,28.596,14.684,0.21,0.67,17.52,3,0,26,4,0,635,59322
2022-03-25 20:37:20.526891,1,45,5,3,2,2,0,1,1,0,0,0,0,0,0,0,0,0,0,0,0,0,0,0,0,25,28,0,41,500,466,28.602,14.64,0.26,1.10,2.62,4,0,28,4,0,636,13940
2022-03-25 20:37:30.558690,1,44,10,6,1,3,0,0,0,1,0,1,0,1,0,0,0,0,0,0,0,0,0,0,0,24,30,0,0,500,476,28.596,14.85,0.32,0.90,27.55,2,0,39,8,0,635,20914
2022-03-25 20:37:40.575209,1,46,5,3,0,2,0,0,1,0,0,0,0,0,0,0,0,0,0,0,0,0,0,0,0,24,0,0,40,500,481,28.602,14.876,0.21,0.69,1.82,5,0,38,4,0,635,26006
2022-03-25 20:37:50.606751,1,49,5,2,1,0,0,0,1,0,0,1,0,1,0,0,0,0,0,0,0,0,0,0,0,25,36,0,51,500,482,28.607,15.044,0.19,0.56,25.16,1,0,34,7,0,635,31854
2022-03-25 20:38:00.623178,1,49,3,5,0,3,2,3,0,0,0,0,0,0,1,0,0,0,0,0,0,0,0,0,0,24,0,38,0,500,485,28.612,15.332,0.29,1.74,17.67,1,0,37,5,0,636,54504
2022-03-25 20:38:10.654750,1,35,7,2,1,3,2,0,1,0,1,0,0,0,0,0,0,0,0,0,0,0,0,0,0,26,31,34,45,500,483,28.628,15.212,0.25,1.30,8.01,0,0,33,5,0,635,35738
2022-03-25 20:38:20.671003,1,52,9,4,0,0,1,0,0,0,0,0,0,0,0,0,0,0,0,0,0,0,0,0,0,26,0,35,0,500,480,28.623,15.096,0.24,0.45,0.53,2,0,23,1,0,636,38607
2022-03-25 20:38:30.702785,1,40,4,6,1,1,3,1,0,0,1,1,0,0,0,0,0,0,0,0,0,0,0,0,0,26,37,38,0,500,479,28.623,14.688,0.28,1.40,16.32,5,0,30,1,0,636,20538
2022-03-25 20:38:40.734615,1,41,12,4,2,0,2,0,0,1,0,0,0,0,0,0,0,0,0,0,0,0,0,0,0,34,29,39,0,500,430,28.628,14.474,0.31,1.05,4.35,2,0,30,1,0,635,24403
2022-03-25 20:38:50.750922,1,49,7,3,2,3,2,1,0,0,0,0,1,0,0,0,0,0,0,0,0,0,0,0,0,27,30,37,0,500,430,28.633,14.33,0.35,1.44,15.99,1,0,40,4,0,635,30513
2022-03-25 20:39:00.782598,1,45,7,1,0,1,0,1,1,1,0,1,0,0,0,0,0,0,0,0,0,0,0,0,0,28,0,0,42,500,427,28.644,14.31,0.20,1.21,15.92,4,0,34,5,0,635,53089
2022-03-25 20:39:10.799038,1,40,10,1,2,1,2,0,0,1,0,0,0,0,0,0,0,0,0,0,0,0,0,0,0,29,34,38,0,500,418,28.649,14.216,0.28,1.12,4.52,2,0,35,0,0,635,5779
2022-03-25 20:39:20.815175,1,44,6,6,0,4,0,0,0,0,0,0,0,0,0,0,0,0,0,0,0,0,0,0,0,25,0,0,0,500,425,28.649,14.094,0.33,0.77,0.82,2,0,36,3,0,635,2587
2022-03-25 20:39:30.847142,1,50,11,0,0,2,1,1,1,1,1,1,0,0,0,0,0,0,0,0,0,0,0,0,0,25,0,34,36,500,436,28.649,14.19,0.26,1.65,22.17,2,0,32,5,0,635,2031
2022-03-25 20:39:40.863555,1,56,12,3,0,0,1,0,0,0,0,0,0,0,0,0,0,0,0,0,0,0,0,0,0,25,0,38,0,500,446,28.644,14.262,0.27,0.49,0.58,2,0,40,1,0,635,59592
2022-03-25 20:39:50.894996,1,54,10,5,0,2,0,1,0,0,0,0,0,0,0,0,0,0,0,0,0,0,0,0,0,28,0,0,0,500,439,28.654,14.288,0.32,0.84,1.25,2,0,30,5,0,635,16849
2022-03-25 20:40:00.911368,1,46,5,2,2,0,2,2,0,0,1,0,0,0,0,0,0,0,0,0,0,0,0,0,0,22,30,35,0,500,451,28.654,14.502,0.25,1.41,8.12,0,0,34,4,0,635,28385
2022-03-25 20:40:10.943233,1,48,7,3,2,0,2,0,0,1,0,0,0,0,0,0,0,0,0,0,0,0,0,0,0,24,27,32,0,500,459,28.659,14.456,0.27,0.95,4.04,3,0,36,8,0,635,26696
2022-03-25 20:40:20.959700,1,57,4,5,3,2,1,1,0,1,0,0,0,0,0,0,0,0,0,0,0,0,0,0,0,27,31,40,0,500,457,28.654,14.384,0.35,1.36,4.77,2,0,28,6,0,635,8943
2022-03-25 20:40:30.991450,1,56,14,3,1,4,0,1,0,0,1,0,0,0,0,0,0,0,0,0,0,0,0,0,0,26,27,0,0,500,459,28.659,14.576,0.36,1.18,7.30,0,0,35,6,0,635,54410
2022-03-25 20:40:41.007759,1,44,3,2,0,1,1,1,0,0,0,0,0,0,0,0,0,0,0,0,0,0,0,0,0,25,0,36,0,500,460,28.671,14.502,0.19,0.77,1.22,1,0,41,4,0,635,47389
2022-03-25 20:40:51.039420,1,44,5,2,0,3,1,0,1,0,0,0,0,0,0,0,0,0,0,0,0,0,0,0,0,24,0,33,40,500,466,28.671,14.58,0.23,0.99,2.25,4,0,27,0,0,634,17129
2022-03-25 20:41:01.055912,1,50,6,5,0,1,0,1,2,0,0,0,0,0,0,0,0,0,0,0,0,0,0,0,0,26,0,0,43,500,466,28.681,14.556,0.25,1.24,3.88,1,0,40,3,0,634,58268
2022-03-25 20:41:11.087979,1,44,13,3,2,0,1,0,1,2,0,0,0,0,0,0,0,0,0,0,0,0,0,0,0,26,29,39,36,500,465,28.676,14.528,0.28,1.27,8.26,1,0,27,5,0,634,20239
2022-03-25 20:41:21.104207,1,50,6,2,1,1,2,1,0,2,0,0,0,0,0,0,0,0,0,0,0,0,0,0,0,25,30,32,0,500,469,28.676,14.552,0.25,1.45,7.70,0,0,43,5,0,634,52703
2022-03-25 20:41:31.136415,1,44,6,0,3,1,0,0,0,0,0,1,1,0,0,0,0,0,0,0,0,0,0,0,0,25,31,0,0,500,471,28.687,14.58,0.22,0.45,22.20,1,0,37,7,0,634,62993
2022-03-25 20:41:41.167882,1,44,10,6,1,4,2,2,0,1,0,0,0,0,0,0,0,0,0,0,0,0,0,0,0,26,27,36,0,500,470,28.692,14.46,0.37,1.93,5.70,0,0,36,7,0,634,35644
2022-03-25 20:41:51.184137,1,41,7,4,1,2,2,0,0,0,0,0,1,0,0,0,0,0,0,0,0,0,0,0,0,28,29,31,0,500,462,28.708,14.508,0.28,0.90,14.07,2,0,50,5,0,634,12340
2022-03-25 20:42:01.215893,1,41,10,1,0,0,3,1,1,0,0,0,0,0,0,0,0,0,0,0,0,0,0,0,0,24,0,33,47,500,473,28.697,14.556,0.21,1.33,3.05,5,0,25,4,0,633,17261
2022-03-25 20:42:11.232215,1,45,6,1,1,1,1,0,0,0,0,0,0,0,0,0,0,0,0,0,0,0,0,0,0,25,27,32,0,500,475,28.718,14.606,0.20,0.52,0.61,4,0,38,2,0,633,36230
2022-03-25 20:42:21.248662,1,51,5,3,0,3,0,1,0,0,0,0,0,0,0,0,0,0,0,0,0,0,0,0,0,26,0,0,0,500,474,28.723,14.754,0.25,0.81,1.20,1,0,36,2,0,632,16477
2022-03-25 20:42:31.280349,1,41,9,0,0,4,0,2,0,0,1,0,1,0,0,0,0,0,0,0,0,0,0,0,0,25,0,0,0,500,478,28.718,14.85,0.23,1.23,20.00,3,0,41,4,0,633,42269
2022-03-25 20:42:41.296573,1,45,12,4,0,0,1,1,0,0,0,0,0,0,0,0,0,0,0,0,0,0,0,0,0,27,0,37,0,500,469,28.729,14.85,0.25,0.74,1.18,4,0,40,4,0,632,14418
2022-03-25 20:42:51.328484,1,61,7,3,1,2,1,0,0,0,0,1,0,0,0,0,0,0,0,0,0,0,0,0,0,26,27,31,0,500,468,28.734,14.942,0.30,0.76,9.93,3,0,40,5,0,632,50338
2022-03-25 20:43:01.360189,1,47,3,3,2,1,0,1,0,1,0,0,0,0,0,0,0,0,0,0,0,0,0,0,0,26,33,0,0,500,468,28.744,15.02,0.24,0.90,4.13,1,0,34,5,0,632,39302
2022-03-25 20:43:11.376455,1,43,4,4,0,0,1,0,2,1,0,0,0,0,0,0,0,0,0,0,0,0,0,0,0,31,0,33,46,500,457,28.744,15.186,0.20,1.23,6.57,1,0,24,4,0,632,64840
2022-03-25 20:43:21.408358,1,44,11,5,0,2,1,3,1,1,0,0,0,0,0,0,0,0,0,0,0,0,0,0,0,29,0,41,40,500,442,28.75,14.852,0.32,2.15,7.63,2,0,31,6,0,632,31751
2022-03-25 20:43:31.424581,1,46,6,3,0,2,2,0,0,0,0,0,0,0,0,0,0,0,0,0,0,0,0,0,0,29,0,40,0,500,435,28.76,14.688,0.27,0.88,1.08,1,0,37,7,0,631,40843
2022-03-25 20:43:41.456101,1,41,6,3,0,1,1,0,1,0,0,0,0,0,0,0,0,0,0,0,0,0,0,0,0,28,0,33,44,500,431,28.76,14.736,0.22,0.86,2.20,2,0,47,6,0,632,8668
2022-03-25 20:43:51.472803,1,54,10,1,3,2,0,1,1,2,0,0,0,0,0,0,0,0,0,0,0,0,0,0,0,27,34,0,37,500,431,28.765,14.76,0.33,1.71,9.58,1,0,45,9,0,631,29740
2022-03-25 20:44:01.504295,1,33,17,1,2,2,1,1,0,1,0,0,0,0,0,0,0,0,0,0,0,0,0,0,0,26,50,42,0,500,438,28.765,14.78,0.31,1.30,4.85,6,0,32,2,0,631,22925
2022-03-25 20:44:11.520471,1,51,7,2,0,3,2,0,0,0,0,0,0,0,0,0,0,0,0,0,0,0,0,0,0,27,0,41,0,500,437,28.771,15.072,0.29,0.99,1.20,1,0,38,9,0,631,40936
2022-03-25 20:44:21.552334,1,50,14,2,2,1,1,2,0,0,0,0,0,1,0,0,0,0,0,0,0,0,0,0,0,29,32,35,0,500,424,28.771,14.976,0.34,1.35,18.95,1,0,29,3,0,631,62967
2022-03-25 20:44:31.568739,1,46,11,4,0,0,1,0,0,0,0,0,0,1,0,0,0,0,0,0,0,0,0,0,0,27,0,33,0,500,425,28.776,14.928,0.27,0.51,17.26,0,0,28,7,0,631,49308
2022-03-25 20:44:41.600613,1,46,8,4,0,0,1,0,0,0,0,0,0,0,1,0,0,0,0,0,0,0,0,0,0,30,0,34,0,500,414,28.771,14.976,0.25,0.50,17.83,3,0,21,10,0,631,53646
2022-03-25 20:44:51.617042,1,49,5,0,2,3,1,3,0,0,0,0,0,0,0,0,0,0,0,0,0,0,0,0,0,27,32,32,0,500,415,28.786,14.666,0.30,1.83,3.16,1,0,32,4,0,631,5167
