dateTime,temperature,violetPre,bluePre,greenPre,yellowPre,orangePre,redPre,violetCalibrated,blueCalibrated,greenCalibrated,yellowCalibrated,orangeCalibrated,redCalibrated
2022-03-25 19:09:35.989472,41,23522,22297,21712,21189,18332,15123,26791.27,25830.42,23385.11,19786.14,18168.97,12855.68
2022-03-25 19:09:46.004842,40,23523,22301,21721,21192,18340,15120,26792.40,25835.05,23394.80,19788.95,18176.90,12853.13
2022-03-25 19:09:56.035615,41,23526,22304,21724,21197,18350,15121,26795.82,25838.53,23398.04,19793.61,18186.81,12853.98
2022-03-25 19:10:06.051088,40,23523,22301,21761,21206,18358,15116,26792.40,25835.05,23437.89,19802.02,18194.74,12849.73
2022-03-25 19:10:16.067023,41,23516,22288,21755,21191,18359,15106,26784.43,25819.99,23431.42,19788.01,18195.73,12841.23
2022-03-25 19:10:26.082334,40,23515,22291,21745,21171,18365,15103,26783.29,25823.47,23420.65,19769.34,18201.68,12838.68
2022-03-25 19:10:36.097850,40,23513,22263,21759,21195,18371,15084,26781.01,25791.03,23435.73,19791.75,18207.63,12822.53
2022-03-25 19:10:46.112859,40,23515,22281,21771,21194,18381,15094,26783.29,25811.88,23448.66,19790.81,18217.54,12831.03
2022-03-25 19:10:56.128208,40,23511,22280,21793,21206,18395,15095,26778.74,25810.72,23472.35,19802.02,18231.41,12831.88
2022-03-25 19:11:06.143820,40,23511,22275,21817,21194,18409,15090,26778.74,25804.93,23498.20,19790.81,18245.29,12827.63
2022-03-25 19:11:16.174517,40,23515,22266,21829,21216,18426,15071,26783.29,25794.50,23511.13,19811.36,18262.14,12811.48
2022-03-25 19:11:26.190172,40,23522,22252,21861,21236,18458,15087,26791.27,25778.29,23545.59,19830.03,18293.85,12825.08
2022-03-25 19:11:36.205645,41,23533,22268,21902,21252,18489,15085,26803.79,25796.82,23589.75,19844.97,18324.58,12823.38
2022-03-25 19:11:46.221109,41,23542,22275,21915,21275,18523,15093,26814.04,25804.93,23603.75,19866.45,18358.27,12830.18
2022-03-25 19:11:56.236487,41,23551,22278,21939,21270,18545,15094,26824.29,25808.41,23629.60,19861.78,18380.08,12831.03
2022-03-25 19:12:06.251865,41,23562,22282,21954,21303,18567,15097,26836.82,25813.04,23645.76,19892.60,18401.88,12833.58
2022-03-25 19:12:16.267426,41,23562,22278,21966,21311,18581,15094,26836.82,25808.41,23658.68,19900.07,18415.76,12831.03
2022-03-25 19:12:26.298189,41,23569,22288,21977,21324,18595,15099,26844.80,25819.99,23670.53,19912.21,18429.63,12835.28
2022-03-25 19:12:36.313478,41,23570,22293,21992,21335,18605,15101,26845.94,25825.78,23686.69,19922.48,18439.54,12836.98
2022-03-25 19:12:46.329014,41,23571,22292,22005,21341,18612,15101,26847.08,25824.63,23700.69,19928.08,18446.48,12836.98
2022-03-25 19:12:56.344396,41,23574,22301,22024,21352,18626,15106,26850.49,25835.05,23721.15,19938.35,18460.36,12841.23
2022-03-25 19:13:06.359830,41,23574,22305,22037,21365,18642,15107,26850.49,25839.69,23735.15,19950.49,18476.21,12842.08
2022-03-25 19:13:16.375304,41,23576,22289,22053,21371,18653,15111,26852.77,25821.15,23752.39,19956.09,18487.12,12845.48
2022-03-25 19:13:26.390790,41,23578,22308,22066,21379,18671,15111,26855.05,25843.16,23766.39,19963.56,18504.96,12845.48
2022-03-25 19:13:36.406226,41,23586,22318,22087,21395,18692,15104,26864.16,25854.74,23789.01,19978.51,18525.77,12839.53
2022-03-25 19:13:46.421794,41,23587,22322,22107,21408,18707,15125,26865.30,25859.38,23810.55,19990.64,18540.64,12857.38
2022-03-25 19:13:56.452686,41,23590,22323,22139,21398,18723,15128,26868.72,25860.54,23845.02,19981.31,18556.49,12859.93
2022-03-25 19:14:06.468217,41,23595,22315,22139,21436,18745,15139,26874.41,25851.27,23845.02,20016.79,18578.30,12869.28
2022-03-25 19:14:16.483653,41,23595,22335,22155,21446,18757,15147,26874.41,25874.44,23862.25,20026.13,18590.19,12876.08
2022-03-25 19:14:26.499178,41,23589,22295,22184,21462,18773,15156,26867.58,25828.10,23893.48,20041.07,18606.05,12883.73
2022-03-25 19:14:36.514604,41,23600,22343,22185,21471,18798,15155,26880.11,25883.71,23894.56,20049.47,18630.83,12882.88
2022-03-25 19:14:46.530133,41,23609,22358,22208,21489,18818,15170,26890.36,25901.08,23919.33,20066.28,18650.65,12895.63
2022-03-25 19:14:56.561042,41,23618,22367,22228,21511,18851,15188,26900.61,25911.51,23940.87,20086.83,18683.36,12910.94
2022-03-25 19:15:06.576422,41,23620,22465,22234,21513,18854,15184,26902.88,26025.04,23947.34,20088.69,18686.33,12907.54
2022-03-25 19:15:16.591963,41,23617,22469,22253,21527,18870,15190,26899.47,26029.67,23967.80,20101.77,18702.19,12912.64
2022-03-25 19:15:26.607608,41,23622,22382,22276,21543,18892,15204,26905.16,25928.89,23992.57,20116.71,18723.99,12924.54
2022-03-25 19:15:36.623124,41,23645,22398,22301,21561,18919,15217,26931.36,25947.42,24019.50,20133.52,18750.75,12935.59
2022-03-25 19:15:46.638639,41,23652,22404,22317,21579,18949,15231,26939.33,25954.37,24036.73,20150.32,18780.48,12947.49
2022-03-25 19:15:56.654102,41,23646,22396,22333,21561,18957,15227,26932.50,25945.11,24053.96,20133.52,18788.41,12944.09
2022-03-25 19:16:06.684825,41,23646,22394,22346,21577,18974,15231,26932.50,25942.79,24067.97,20148.46,18805.26,12947.49
2022-03-25 19:16:16.700615,41,23655,22401,22379,21601,19003,15244,26942.75,25950.90,24103.51,20170.87,18834.01,12958.54
2022-03-25 19:16:26.716074,41,23664,22399,22397,21610,19026,15244,26953.00,25948.58,24122.90,20179.27,18856.80,12958.54
2022-03-25 19:16:36.747003,41,23675,22406,22432,21628,19056,15254,26965.53,25956.69,24160.59,20196.08,18886.53,12967.04
2022-03-25 19:16:46.762490,41,23673,22400,22445,21630,19069,15258,26963.25,25949.74,24174.60,20197.95,18899.42,12970.44
2022-03-25 19:16:56.778043,41,23677,22399,22470,21642,19088,15260,26967.81,25948.58,24201.52,20209.15,18918.25,12972.14
2022-03-25 19:17:06.793503,41,23684,22403,22501,21657,19116,15269,26975.78,25953.21,24234.91,20223.16,18946.00,12979.79
2022-03-25 19:17:16.809538,41,23687,22400,22532,21663,19138,15270,26979.20,25949.74,24268.30,20228.76,18967.80,12980.64
2022-03-25 19:17:26.839788,41,23685,22397,22563,21675,19158,15273,26976.92,25946.26,24301.69,20239.97,18987.63,12983.19
2022-03-25 19:17:36.855289,41,23692,22397,22588,21684,19181,15280,26984.89,25946.26,24328.62,20248.37,19010.42,12989.14
2022-03-25 19:17:46.870548,41,23700,22396,22624,21696,19217,15283,26994.00,25945.11,24367.39,20259.58,19046.10,12991.69
2022-03-25 19:17:56.886235,41,23699,22400,22649,21700,19217,15262,26992.87,25949.74,24394.31,20263.31,19046.10,12973.84
2022-03-25 19:18:06.901763,42,23717,22406,22686,21706,19234,15268,27013.37,25956.69,24434.17,20268.91,19062.95,12978.94
2022-03-25 19:18:16.917278,41,23717,22401,22721,21714,19242,15281,27013.37,25950.90,24471.86,20276.38,19070.88,12989.99
2022-03-25 19:18:26.932754,41,23722,22504,22756,21723,19267,15288,27019.06,26070.22,24509.56,20284.79,19095.66,12995.94
2022-03-25 19:18:36.948265,42,23730,22410,22806,21742,19287,15295,27028.17,25961.32,24563.41,20302.53,19115.48,13001.89
2022-03-25 19:18:46.978920,42,23736,22418,22847,21755,19308,15304,27035.01,25970.59,24607.57,20314.67,19136.29,13009.54
2022-03-25 19:18:56.994290,41,23740,22422,22911,21767,19327,15312,27039.56,25975.23,24676.51,20325.88,19155.12,13016.34
2022-03-25 19:19:07.009730,42,23750,22427,22937,21775,19352,15317,27050.96,25981.02,24704.51,20333.35,19179.90,13020.60
2022-03-25 19:19:17.025397,42,23759,22431,22991,21795,19376,15329,27061.21,25985.65,24762.67,20352.02,19203.69,13030.80
2022-03-25 19:19:27.040954,42,23767,22434,23038,21800,19394,15332,27070.32,25989.13,24813.29,20356.69,19221.53,13033.35
2022-03-25 19:19:37.056401,42,23773,22443,23091,21815,19406,15341,27077.15,25999.55,24870.38,20370.70,19233.42,13041.00
2022-03-25 19:19:47.071782,42,23789,22448,23146,21822,19435,15347,27095.38,26005.35,24929.61,20377.23,19262.16,13046.10
2022-03-25 19:19:57.087175,42,23789,22452,23222,21850,19479,15360,27095.38,26009.98,25011.47,20403.38,19305.77,13057.15
2022-03-25 19:20:07.102806,42,23802,22457,23299,21866,19505,15356,27110.18,26015.77,25094.40,20418.32,19331.54,13053.75
2022-03-25 19:20:17.118131,42,23819,22471,23365,21884,19547,15379,27129.54,26031.99,25165.49,20435.13,19373.17,13073.30
2022-03-25 19:20:27.148794,42,23832,22475,23436,21900,19586,15389,27144.35,26036.63,25241.96,20450.07,19411.82,13081.80
2022-03-25 19:20:37.164116,42,23847,22581,23513,21921,19620,15401,27161.44,26159.42,25324.89,20469.68,19445.52,13092.00
2022-03-25 19:20:47.179645,42,23860,22478,23594,21944,19666,15419,27176.24,26040.10,25412.14,20491.16,19491.11,13107.30
2022-03-25 19:20:57.195000,42,23862,22492,23674,21948,19685,15418,27178.52,26056.32,25498.30,20494.89,19509.94,13106.45
2022-03-25 19:21:07.210292,42,23870,22496,23765,21964,19727,15429,27187.63,26060.95,25596.31,20509.83,19551.57,13115.80
2022-03-25 19:21:17.225617,42,23875,22496,23854,21953,19756,15432,27193.33,26060.95,25692.17,20499.56,19580.31,13118.35
2022-03-25 19:21:27.241211,42,23889,22481,23953,21971,19813,15448,27209.27,26043.58,25798.80,20516.37,19636.80,13131.96
2022-03-25 19:21:37.256408,42,23891,22502,24048,21997,19845,15447,27211.55,26067.90,25901.12,20540.65,19668.52,13131.10
2022-03-25 19:21:47.271910,42,23895,22486,24154,22012,19890,15452,27216.11,26049.37,26015.29,20554.66,19713.12,13135.36
2022-03-25 19:21:57.287353,42,23901,22505,24271,22029,19949,15461,27222.94,26071.38,26141.30,20570.53,19771.59,13143.01
2022-03-25 19:22:07.303245,42,23910,22492,24379,22043,20002,15467,27233.19,26056.32,26257.63,20583.60,19824.12,13148.11
2022-03-25 19:22:17.318451,42,23917,22512,24518,22044,20063,15465,27241.16,26079.49,26407.34,20584.54,19884.58,13146.41
2022-03-25 19:22:27.333777,42,23840,22411,24636,22068,20133,15501,27153.46,25962.48,26534.43,20606.95,19953.96,13177.01
2022-03-25 19:22:37.349489,42,23935,22497,24736,22107,20213,15475,27261.67,26062.11,26642.14,20643.37,20033.24,13154.91
2022-03-25 19:22:47.364606,42,23947,22513,24878,22129,20297,15493,27275.33,26080.65,26795.08,20663.91,20116.50,13170.21
2022-03-25 19:22:57.395319,42,23957,22524,25000,22154,20374,15503,27286.72,26093.39,26926.48,20687.25,20192.81,13178.71
2022-03-25 19:23:07.410883,43,23967,22509,25100,22159,20442,15497,27298.12,26076.01,27034.19,20691.92,20260.21,13173.61
2022-03-25 19:23:17.426208,42,23974,22507,25220,22198,20524,15496,27306.09,26073.70,27163.44,20728.34,20341.48,13172.76
2022-03-25 19:23:27.441771,42,23988,22511,25351,22209,20626,15516,27322.03,26078.33,27304.53,20738.61,20442.57,13189.76
2022-03-25 19:23:37.457149,42,24009,22520,25487,22267,20718,15528,27345.95,26088.76,27451.01,20792.77,20533.75,13199.96
2022-03-25 19:23:47.472625,42,24003,22509,25600,22283,20811,15507,27339.12,26076.01,27572.72,20807.71,20625.93,13182.11
2022-03-25 19:23:57.488052,43,24015,22528,25737,22320,20911,15522,27352.79,26098.02,27720.27,20842.26,20725.04,13194.86
2022-03-25 19:24:07.503562,43,24029,22531,25885,22361,21042,15529,27368.73,26101.50,27879.68,20880.55,20854.87,13200.81
2022-03-25 19:24:17.519078,43,24042,22531,26014,22397,21151,15535,27383.54,26101.50,28018.62,20914.17,20962.90,13205.91
2022-03-25 19:24:27.534530,42,24048,22536,26154,22439,21273,15541,27390.37,26107.29,28169.41,20953.38,21083.82,13211.01
2022-03-25 19:24:37.549764,43,24061,22516,26304,22481,21428,15532,27405.18,26084.12,28330.97,20992.61,21237.44,13203.36
2022-03-25 19:24:47.564989,43,24071,22534,26447,22527,21557,15534,27416.57,26104.97,28484.99,21035.56,21365.29,13205.06
2022-03-25 19:24:57.580807,43,24081,22538,26625,22579,21723,15540,27427.96,26109.61,28676.70,21084.12,21529.82,13210.16
2022-03-25 19:25:07.596137,43,24080,22543,26801,22641,21891,15551,27426.82,26115.40,28866.27,21142.01,21696.32,13219.51
2022-03-25 19:25:17.611375,43,24094,22545,26964,22695,22062,15556,27442.77,26117.72,29041.83,21192.44,21865.80,13223.76
2022-03-25 19:25:27.642084,43,24120,22647,27170,22752,22252,15564,27472.38,26235.88,29263.70,21245.66,22054.11,13230.56
2022-03-25 19:25:37.657495,43,24136,22549,27351,22819,22468,15582,27490.60,26122.35,29458.65,21308.23,22268.19,13245.87
2022-03-25 19:25:47.673104,43,24165,22542,27582,22895,22723,15582,27523.63,26114.24,29707.45,21379.20,22520.92,13245.87
2022-03-25 19:25:57.688793,43,24186,22574,27802,22968,22968,15605,27547.55,26151.31,29944.40,21447.36,22763.74,13265.42
2022-03-25 19:26:07.704202,43,24194,22572,28041,23037,23245,15600,27556.66,26149.00,30201.82,21511.79,23038.28,13261.17
2022-03-25 19:26:17.719821,43,24240,22571,28276,23116,23545,15628,27609.06,26147.84,30454.93,21585.56,23335.61,13284.97
2022-03-25 19:26:27.735353,43,24259,22587,28513,23194,23827,15622,27630.70,26166.37,30710.19,21658.40,23615.11,13279.87
2022-03-25 19:26:37.750871,43,24293,22575,28764,23281,24161,15646,27669.42,26152.47,30980.53,21739.64,23946.13,13300.27
2022-03-25 19:26:47.766349,43,24326,22607,29021,23370,24501,15649,27707.01,26189.54,31257.34,21822.75,24283.11,13302.82
2022-03-25 19:26:57.797181,43,24363,22614,29268,23454,24852,15668,27749.15,26197.65,31523.37,21901.19,24630.99,13318.97
2022-03-25 19:27:07.812555,43,24395,22623,29541,23527,25239,15668,27785.60,26208.08,31817.41,21969.35,25014.55,13318.97
2022-03-25 19:27:17.828138,43,24442,22634,29812,23625,25628,15698,27839.13,26220.82,32109.29,22060.86,25400.09,13344.47
2022-03-25 19:27:27.843586,43,24482,22640,30059,23723,26019,15716,27884.69,26227.77,32375.32,22152.38,25787.61,13359.78
2022-03-25 19:27:37.858860,43,24520,22651,30319,23833,26375,15721,27927.97,26240.52,32655.36,22255.09,26140.45,13364.03
2022-03-25 19:27:47.874433,43,24568,22744,30571,23937,26799,15734,27982.65,26348.25,32926.78,22352.21,26560.67,13375.08
2022-03-25 19:27:57.889892,44,24627,22670,30849,24043,27219,15747,28049.85,26262.53,33226.20,22451.19,26976.94,13386.13
2022-03-25 19:28:07.905609,43,24684,22687,31115,24148,27634,15763,28114.77,26282.22,33512.70,22549.24,27388.25,13399.73
2022-03-25 19:28:17.936659,44,24750,22684,31408,24265,28078,15776,28189.94,26278.74,33828.28,22658.49,27828.30,13410.78
2022-03-25 19:28:27.951864,43,24814,22716,31690,24358,28520,15792,28262.84,26315.82,34132.01,22745.33,28266.37,13424.38
2022-03-25 19:28:37.967458,44,24890,22734,31987,24497,28991,15790,28349.40,26336.67,34451.89,22875.13,28733.18,13422.68
2022-03-25 19:28:47.983125,43,24964,22749,32271,24614,29460,15803,28433.69,26354.04,34757.78,22984.38,29198.01,13433.73
2022-03-25 19:28:58.014090,44,25031,22758,32556,24727,29911,15822,28510.00,26364.47,35064.74,23089.90,29645.00,13449.88
2022-03-25 19:29:08.029342,44,25111,22763,32836,24832,30423,15800,28601.12,26370.26,35366.32,23187.95,30152.45,13431.18
2022-03-25 19:29:18.044784,44,25087,22718,33126,24926,30956,15808,28573.78,26318.13,35678.66,23275.73,30680.71,13437.98
2022-03-25 19:29:28.060254,44,25220,22751,33435,25057,31501,15819,28725.27,26356.36,36011.48,23398.06,31220.86,13447.33
2022-03-25 19:29:38.075721,44,25300,22767,33731,25182,32058,15831,28816.38,26374.90,36330.29,23514.78,31772.91,13457.53
2022-03-25 19:29:48.091394,44,25420,22783,34068,25332,32671,15850,28953.06,26393.43,36693.25,23654.85,32380.46,13473.69
2022-03-25 19:29:58.107025,44,25541,22813,34378,25475,33281,15864,29090.88,26428.19,37027.14,23788.38,32985.03,13485.59
2022-03-25 19:30:08.122609,44,25641,22833,34679,25578,33842,15868,29204.78,26451.36,37351.34,23884.56,33541.04,13488.99
2022-03-25 19:30:18.153355,44,25797,22872,35035,25767,34515,15884,29382.46,26496.54,37734.77,24061.05,34208.05,13502.59
2022-03-25 19:30:28.168701,44,25919,22889,35328,25906,35109,15890,29521.42,26516.23,38050.35,24190.85,34796.77,13507.69
2022-03-25 19:30:38.184219,44,26043,22917,35632,26051,35673,15885,29662.65,26548.67,38377.78,24326.25,35355.76,13503.44
2022-03-25 19:30:48.199633,44,26190,22947,35921,26203,36222,15895,29830.08,26583.42,38689.05,24468.18,35899.88,13511.94
2022-03-25 19:30:58.215178,44,26331,22979,36205,26359,36764,15917,29990.68,26620.49,38994.93,24613.86,36437.05,13530.64
2022-03-25 19:31:08.230612,44,26486,23011,36490,26508,37266,15933,30167.22,26657.56,39301.89,24752.99,36934.59,13544.24
2022-03-25 19:31:18.246141,44,26648,23044,36762,26660,37813,15936,30351.74,26695.79,39594.85,24894.93,37476.73,13546.79
2022-03-25 19:31:28.261499,44,26804,23077,37017,26801,38230,15945,30529.42,26734.02,39869.50,25026.59,37890.02,13554.44
2022-03-25 19:31:38.276992,44,26995,23122,37309,26976,38778,15972,30746.97,26786.15,40184.00,25190.01,38433.14,13577.39
2022-03-25 19:31:48.292392,45,27182,23165,37561,27126,39223,15981,30959.96,26835.97,40455.42,25330.07,38874.19,13585.04
2022-03-25 19:31:58.307750,44,27384,23210,37773,27240,39555,15991,31190.04,26888.10,40683.76,25436.53,39203.23,13593.55
2022-03-25 19:32:08.338577,44,27575,23259,38015,27430,39996,16011,31407.58,26944.87,40944.41,25613.95,39640.31,13610.55
2022-03-25 19:32:18.353932,45,27171,22945,38067,27339,40182,15818,30947.43,26581.11,41000.41,25528.97,39824.66,13446.48
2022-03-25 19:32:28.369400,45,27380,23096,38222,27472,40474,15851,31185.48,26756.04,41167.36,25653.17,40114.06,13474.54
2022-03-25 19:32:38.384717,45,27554,23115,38369,27622,40712,15863,31383.66,26778.04,41325.69,25793.24,40349.95,13484.74
2022-03-25 19:32:48.400270,45,27885,23157,38665,27789,41050,15861,31760.67,26826.70,41644.50,25949.18,40684.94,13483.04
2022-03-25 19:32:58.415973,45,28111,23156,38782,27951,41250,15916,32018.08,26825.54,41770.51,26100.45,40883.16,13529.79
2022-03-25 19:33:08.431552,45,28387,23213,38938,28118,41397,15946,32332.44,26891.58,41938.54,26256.40,41028.85,13555.29
2022-03-25 19:33:18.447091,45,28690,23278,39064,28287,41539,15978,32677.55,26966.88,42074.24,26414.21,41169.59,13582.50
2022-03-25 19:33:28.462370,45,29037,23475,39174,28514,41598,16048,33072.78,27195.10,42192.72,26626.18,41228.07,13642.00
2022-03-25 19:33:38.493293,45,29404,23470,39335,28725,41661,16036,33490.79,27189.30,42366.13,26823.21,41290.50,13631.80
2022-03-25 19:33:48.508805,45,29776,23591,39368,28894,41659,16078,33914.49,27329.48,42401.67,26981.02,41288.52,13667.50
2022-03-25 19:33:58.524289,45,30075,23653,39428,29040,41712,16101,34255.05,27401.30,42466.29,27117.35,41341.05,13687.05
2022-03-25 19:34:08.539748,45,30560,23762,39526,29317,41821,16196,34807.46,27527.58,42571.84,27376.02,41449.08,13767.81
2022-03-25 19:34:18.555287,45,30990,23876,39580,29515,41898,16276,35297.22,27659.64,42630.01,27560.91,41525.40,13835.82
2022-03-25 19:34:28.570774,45,31562,23953,39653,29733,41961,16352,35948.73,27748.84,42708.63,27764.47,41587.84,13900.42
2022-03-25 19:34:38.586045,45,32004,24036,39678,29934,42056,16423,36452.16,27845.00,42735.56,27952.17,41681.99,13960.78
2022-03-25 19:34:48.601657,45,32419,24085,39701,30127,42134,16469,36924.84,27901.76,42760.33,28132.39,41759.30,13999.88
2022-03-25 19:34:58.617151,45,32782,24163,39701,30301,42180,16551,37338.29,27992.12,42760.33,28294.87,41804.89,14069.59
2022-03-25 19:35:08.632571,45,33236,24253,39700,30511,42254,16635,37855.39,28096.38,42759.25,28490.96,41878.23,14140.99
2022-03-25 19:35:18.663479,46,33623,24332,39736,30748,42344,16683,38296.18,28187.90,42798.03,28712.27,41967.43,14181.80
2022-03-25 19:35:28.678806,46,34059,24423,39766,30955,42431,16762,38792.78,28293.33,42830.34,28905.57,42053.66,14248.95
2022-03-25 19:35:38.694403,46,34306,24385,39758,31082,42446,16817,39074.11,28249.30,42821.72,29024.16,42068.52,14295.71
2022-03-25 19:35:48.709870,45,34679,24435,39727,31289,42425,16878,39498.95,28307.23,42788.33,29217.46,42047.71,14347.56
2022-03-25 19:35:58.725267,46,34993,24503,39697,31479,42417,16983,39856.59,28386.00,42756.02,29394.88,42039.78,14436.82
2022-03-25 19:36:08.741006,46,35368,24596,39678,31684,42357,17075,40283.71,28493.74,42735.56,29586.30,41980.32,14515.03
2022-03-25 19:36:18.756277,45,35666,24695,39666,31895,42300,17185,40623.13,28608.43,42722.63,29783.33,41923.82,14608.54
2022-03-25 19:36:28.771818,46,35928,24780,39615,32076,42168,17300,40921.54,28706.90,42667.70,29952.35,41793.00,14706.29
2022-03-25 19:36:38.787426,46,36146,24853,39544,32236,41977,17407,41169.84,28791.47,42591.23,30101.76,41603.70,14797.25
2022-03-25 19:36:48.818191,46,36283,24955,39453,32409,41725,17517,41325.89,28909.63,42493.22,30263.30,41353.94,14890.76
2022-03-25 19:36:58.833628,46,36460,25024,39332,32563,41498,17648,41527.48,28989.57,42362.89,30407.11,41128.96,15002.12
2022-03-25 19:37:08.849222,46,36645,25132,39227,32717,41211,17811,41738.20,29114.68,42249.80,30550.91,40844.51,15140.68
2022-03-25 19:37:18.864701,46,36749,25218,39081,32857,40869,17971,41856.65,29214.31,42092.55,30681.64,40505.55,15276.69
2022-03-25 19:37:28.880215,46,36825,25297,38963,33011,40639,18127,41943.21,29305.83,41965.46,30825.45,40277.59,15409.31
2022-03-25 19:37:38.895744,46,36767,25344,38829,33134,40305,18270,41877.16,29360.28,41821.13,30940.30,39946.57,15530.87
2022-03-25 19:37:48.911412,46,36882,25490,38630,33247,39935,18499,42008.14,29529.41,41606.80,31045.82,39579.86,15725.53
2022-03-25 19:37:58.926683,46,36410,25456,38328,33215,39515,18622,41470.54,29490.03,41281.53,31015.94,39163.59,15830.09
2022-03-25 19:38:08.942500,46,36405,25570,38153,33313,39219,18801,41464.84,29622.09,41093.04,31107.45,38870.22,15982.26
2022-03-25 19:38:18.957711,46,36352,25645,37972,33355,38911,19000,41404.48,29708.98,40898.09,31146.67,38564.96,16151.42
2022-03-25 19:38:28.988847,46,36283,25725,37797,33459,38617,19205,41325.89,29801.65,40709.61,31243.79,38273.58,16325.69
2022-03-25 19:38:39.004546,46,36160,25764,37603,33497,38271,19344,41185.79,29846.83,40500.66,31279.27,37930.65,16443.85
2022-03-25 19:38:49.020057,47,36538,26088,37536,33678,38059,19692,41616.33,30222.18,40428.50,31448.29,37720.54,16739.67
2022-03-25 19:38:59.050780,46,36402,26133,37347,33694,37770,19867,41461.43,30274.31,40224.93,31463.23,37434.11,16888.44
2022-03-25 19:39:09.066248,46,36282,26230,37104,33660,37413,20057,41324.75,30386.68,39963.21,31431.48,37080.29,17049.95
2022-03-25 19:39:19.081925,46,36037,26275,36887,33643,37101,20240,41045.70,30438.81,39729.48,31415.60,36771.06,17205.51
2022-03-25 19:39:29.097581,47,35911,26408,36708,33645,36799,20442,40902.18,30592.89,39536.69,31417.47,36471.74,17377.23
2022-03-25 19:39:39.113219,47,35732,26488,36462,33576,36459,20624,40698.30,30685.57,39271.73,31353.04,36134.77,17531.94
2022-03-25 19:39:49.143985,47,35545,26542,36283,33537,36178,20797,40485.31,30748.13,39078.94,31316.62,35856.27,17679.01
2022-03-25 19:39:59.159210,46,35412,26661,36107,33500,35897,20977,40333.83,30885.98,38889.38,31282.07,35577.77,17832.02
2022-03-25 19:40:09.174727,47,35186,26705,35923,33450,35597,21185,40076.41,30936.96,38691.20,31235.38,35280.43,18008.83
2022-03-25 19:40:19.190310,47,35011,26821,35721,33377,35259,21359,39877.09,31071.34,38473.63,31167.21,34945.44,18156.75
2022-03-25 19:40:29.205760,47,34831,26907,35570,33321,34954,21540,39672.07,31170.97,38311.00,31114.92,34643.15,18310.61
2022-03-25 19:40:39.221061,47,34630,27002,35354,33232,34611,21681,39443.14,31281.02,38078.35,31031.81,34303.20,18430.47
2022-03-25 19:40:49.236774,47,34422,27054,35176,33153,34294,21844,39206.23,31341.26,37886.64,30958.04,33989.02,18569.03
2022-03-25 19:40:59.252073,47,34156,27133,34970,33046,33936,21973,38903.26,31432.78,37664.76,30858.13,33634.20,18678.69
2022-03-25 19:41:09.267625,47,33957,27215,34748,32924,33570,22078,38676.60,31527.78,37425.66,30744.21,33271.46,18767.95
2022-03-25 19:41:19.283026,47,33750,27327,34546,32825,33210,22183,38440.83,31657.52,37208.09,30651.76,32914.66,18857.21
2022-03-25 19:41:29.298381,47,33509,27416,34362,32745,32924,22296,38166.33,31760.63,37009.91,30577.06,32631.21,18953.27
2022-03-25 19:41:39.313966,47,33245,27473,34134,32611,32525,22352,37865.64,31826.66,36764.34,30451.93,32235.75,19000.87
2022-03-25 19:41:49.329257,47,32987,27549,33889,32460,32135,22407,37571.78,31914.71,36500.46,30310.93,31849.22,19047.63
2022-03-25 19:41:59.360241,47,32720,27611,33700,32359,31823,22461,37267.67,31986.53,36296.90,30216.61,31540.00,19093.53
2022-03-25 19:42:09.375587,47,32524,27699,33485,32231,31552,22488,37044.43,32088.47,36065.33,30097.09,31271.41,19116.48
2022-03-25 19:42:19.391135,47,32363,27784,33293,32106,31274,22498,36861.05,32186.95,35858.54,29980.36,30995.88,19124.98
2022-03-25 19:42:29.406774,47,32161,27853,33134,32006,31050,22521,36630.98,32266.88,35687.28,29886.98,30773.87,19144.53
2022-03-25 19:42:39.422277,47,31959,27904,32928,31860,30766,22490,36400.90,32325.96,35465.41,29750.65,30492.40,19118.18
2022-03-25 19:42:49.453077,47,31808,27980,32779,31754,30556,22494,36228.91,32414.01,35304.93,29651.67,30284.26,19121.58
2022-03-25 19:42:59.468752,47,31616,28023,32617,31627,30333,22495,36010.23,32463.82,35130.44,29533.08,30063.25,19122.43
2022-03-25 19:43:09.484289,47,31432,28063,32450,31488,30094,22459,35800.66,32510.16,34950.57,29403.28,29826.37,19091.83
2022-03-25 19:43:19.499599,48,31246,28101,32301,31365,29890,22440,35588.80,32554.18,34790.09,29288.42,29624.19,19075.68
2022-03-25 19:43:29.515156,48,31116,28136,32174,31252,29702,22390,35440.74,32594.73,34653.30,29182.90,29437.86,19033.17
2022-03-25 19:43:39.546006,48,30937,28184,32031,31139,29484,22372,35236.86,32650.33,34499.29,29077.39,29221.80,19017.87
2022-03-25 19:43:49.561581,48,30792,28213,31891,31019,29293,22322,35071.70,32683.93,34348.50,28965.33,29032.50,18975.37
2022-03-25 19:43:59.577210,48,30659,28220,31747,30895,29076,22266,34920.22,32692.04,34193.40,28849.54,28817.43,18927.77
2022-03-25 19:44:09.593035,48,30502,28229,31587,30760,28833,22194,34741.40,32702.46,34021.07,28723.48,28576.59,18866.56
2022-03-25 19:44:19.623647,48,30334,28206,31457,30647,28596,22130,34550.05,32675.82,33881.05,28617.96,28341.69,18812.15
2022-03-25 19:44:29.639123,48,30210,28234,31293,30515,28401,22034,34408.81,32708.26,33704.41,28494.70,28148.43,18730.55
2022-03-25 19:44:39.654601,48,30046,28208,31143,30387,28168,21944,34222.02,32678.14,33542.86,28375.17,27917.50,18654.04
2022-03-25 19:44:49.670107,48,29899,28158,31003,30269,27917,21867,34054.59,32620.21,33392.07,28264.99,27668.73,18588.58
2022-03-25 19:44:59.685402,48,29758,28145,30881,30160,27708,21769,33893.99,32605.15,33260.67,28163.20,27461.59,18505.28
2022-03-25 19:45:09.685579,48,29628,28133,30771,30055,27525,21696,33745.92,32591.25,33142.19,28065.15,27280.22,18443.22
2022-03-25 19:45:19.716438,48,29502,28112,30656,29953,27302,21596,33602.41,32566.92,33018.33,27969.91,27059.20,18358.21
2022-03-25 19:45:29.731723,48,29339,28033,30487,29785,27008,21464,33416.75,32475.40,32836.30,27813.03,26767.82,18246.00
2022-03-25 19:45:39.747567,48,29232,28002,30397,29672,26842,21388,33294.88,32439.49,32739.37,27707.51,26603.29,18181.40
2022-03-25 19:45:49.763083,48,29091,27986,30317,29591,26656,21299,33134.29,32420.96,32653.21,27631.88,26418.95,18105.74
2022-03-25 19:45:59.778679,48,28958,27902,30235,29493,26482,21232,32982.80,32323.64,32564.89,27540.36,26246.49,18048.79
2022-03-25 19:46:09.809594,48,28864,27906,30131,29375,26307,21126,32875.74,32328.28,32452.87,27430.18,26073.05,17958.68
2022-03-25 19:46:19.825103,48,28676,27809,30020,29222,26110,20995,32661.61,32215.91,32333.32,27287.30,25877.80,17847.32
2022-03-25 19:46:29.840672,48,28579,27766,29954,29125,25956,20919,32551.13,32166.09,32262.23,27196.73,25725.17,17782.71
2022-03-25 19:46:39.856190,48,28464,27721,29889,29027,25822,20887,32420.14,32113.96,32192.22,27105.21,25592.36,17755.51
2022-03-25 19:46:49.871496,48,28353,27636,29810,28913,25622,20799,32293.71,32015.49,32107.14,26998.76,25394.14,17680.71
2022-03-25 19:46:59.886873,48,28264,27613,29760,28828,25499,20766,32192.34,31988.85,32053.28,26919.39,25272.24,17652.65
2022-03-25 19:47:09.902170,49,28148,27563,29714,28723,25376,20702,32060.22,31930.92,32003.74,26821.34,25150.33,17598.25
2022-03-25 19:47:19.917561,49,28063,27519,29685,28619,25259,20663,31963.41,31879.95,31972.50,26724.23,25034.37,17565.10
2022-03-25 19:47:29.933267,49,27976,27474,29631,28533,25118,20618,31864.32,31827.82,31914.34,26643.92,24894.62,17526.84
2022-03-25 19:47:39.948824,49,27903,27435,29595,28448,24995,20579,31781.17,31782.64,31875.57,26564.55,24772.72,17493.69
2022-03-25 19:47:49.964395,49,27822,27397,29564,28362,24925,20526,31688.91,31738.62,31842.18,26484.24,24703.34,17448.63
2022-03-25 19:47:59.979646,49,27766,27348,29533,28273,24834,20503,31625.13,31681.85,31808.79,26401.13,24613.15,17429.08
2022-03-25 19:48:09.995191,49,27684,27300,29505,28174,24731,20435,31531.73,31626.24,31778.63,26308.69,24511.06,17371.28
2022-03-25 19:48:20.010621,49,27623,27257,29490,28097,24685,20408,31462.25,31576.43,31762.48,26236.79,24465.47,17348.33
2022-03-25 19:48:30.026046,49,27528,27241,29489,28020,24613,20391,31354.05,31557.89,31761.40,26164.88,24394.12,17333.88
2022-03-25 19:48:40.041613,49,27447,27165,29461,27921,24551,20324,31261.79,31469.85,31731.24,26072.44,24332.67,17276.92
2022-03-25 19:48:50.057132,49,27399,27134,29461,27843,24516,20288,31207.12,31433.94,31731.24,25999.60,24297.98,17246.32
2022-03-25 19:49:00.072617,49,27324,27111,29436,27761,24482,20258,31121.70,31407.29,31704.32,25923.03,24264.28,17220.81
2022-03-25 19:49:10.087823,49,27245,27068,29435,27701,24460,20214,31031.71,31357.48,31703.24,25867.01,24242.47,17183.41
2022-03-25 19:49:20.103548,49,27203,27028,29434,27631,24430,20188,30983.88,31311.14,31702.16,25801.64,24212.74,17161.31
2022-03-25 19:49:30.134122,49,27152,26998,29425,27572,24449,20162,30925.79,31276.39,31692.47,25746.54,24231.57,17139.21
2022-03-25 19:49:40.149642,49,27091,26981,29439,27498,24439,20119,30856.31,31256.69,31707.55,25677.45,24221.66,17102.65
2022-03-25 19:49:50.165130,49,27019,26935,29439,27458,24441,20097,30774.30,31203.40,31707.55,25640.09,24223.64,17083.95
2022-03-25 19:50:00.180934,49,26989,26908,29442,27407,24437,20064,30740.13,31172.13,31710.78,25592.47,24219.68,17055.90
2022-03-25 19:50:10.196570,49,26947,26889,29475,27366,24446,20024,30692.30,31150.11,31746.32,25554.18,24228.60,17021.90
2022-03-25 19:50:20.212049,49,26877,26875,29476,27306,24463,19979,30612.57,31133.89,31747.40,25498.16,24245.45,16983.64
2022-03-25 19:50:30.227336,49,26850,26824,29504,27273,24485,19958,30581.82,31074.81,31777.56,25467.34,24267.25,16965.79
2022-03-25 19:50:40.257959,50,26825,26833,29532,27232,24512,19929,30553.34,31085.24,31807.71,25429.06,24294.01,16941.14
2022-03-25 19:50:50.273423,49,26781,26803,29589,27209,24540,19922,30503.22,31050.48,31869.11,25407.58,24321.76,16935.19
2022-03-25 19:51:00.288865,50,26734,26770,29620,27170,24574,19881,30449.69,31012.26,31902.50,25371.16,24355.46,16900.34
2022-03-25 19:51:10.304532,50,26684,26769,29673,27139,24609,19865,30392.74,31011.10,31959.58,25342.21,24390.15,16886.73
2022-03-25 19:51:20.320038,50,26638,26698,29701,27110,24651,19804,30340.35,30928.85,31989.74,25315.13,24431.78,16834.88
2022-03-25 19:51:30.335430,50,26625,26686,29754,27099,24719,19801,30325.54,30914.94,32046.82,25304.86,24499.17,16832.33
2022-03-25 19:51:40.351226,50,26581,26666,29832,27093,24775,19783,30275.43,30891.78,32130.83,25299.26,24554.67,16817.03
2022-03-25 19:51:50.366659,50,26558,26675,29913,27088,24852,19772,30249.23,30902.20,32218.07,25294.59,24630.99,16807.68
2022-03-25 19:52:00.382532,50,26559,26653,30021,27113,24961,19760,30250.37,30876.71,32334.40,25317.94,24739.02,16797.48
2022-03-25 19:52:10.413285,50,26555,26665,30148,27160,25090,19785,30245.81,30890.62,32471.18,25361.82,24866.87,16818.73
2022-03-25 19:52:20.428683,50,26575,26681,30275,27196,25228,19759,30268.59,30909.15,32607.97,25395.44,25003.65,16796.63
2022-03-25 19:52:30.444291,50,26581,26663,30405,27230,25370,19766,30275.43,30888.30,32747.99,25427.19,25144.38,16802.58
2022-03-25 19:52:40.459536,50,26561,26612,30532,27252,25485,19756,30252.65,30829.22,32884.77,25447.73,25258.36,16794.08
2022-03-25 19:52:50.475305,50,26607,26631,30691,27307,25679,19761,30305.04,30851.23,33056.03,25499.09,25450.63,16798.33
2022-03-25 19:53:00.490808,50,26627,26627,30869,27360,25875,19769,30327.82,30846.59,33247.74,25548.58,25644.89,16805.13
2022-03-25 19:53:10.506211,50,26703,26635,31069,27431,26091,19793,30414.38,30855.86,33463.16,25614.88,25858.97,16825.53
2022-03-25 19:53:20.521587,50,26790,26640,31278,27510,26362,19810,30513.48,30861.65,33688.26,25688.65,26127.56,16839.98
2022-03-25 19:53:30.537080,50,26914,26678,31529,27631,26674,19857,30654.71,30905.68,33958.60,25801.64,26436.79,16879.94
2022-03-25 19:53:40.552590,50,27142,26742,31837,27786,27127,19934,30914.40,30979.82,34290.34,25946.38,26885.76,16945.39
2022-03-25 19:53:50.568219,50,27502,26817,32289,28026,27748,20054,31324.44,31066.70,34777.17,26170.49,27501.23,17047.40
2022-03-25 19:54:00.598835,50,28117,27015,33020,28409,28802,20261,32024.91,31296.08,35564.50,26528.13,28545.86,17223.37
2022-03-25 19:54:10.614470,51,29023,27368,34149,29099,30462,20594,33056.84,31705.02,36780.50,27172.45,30191.10,17506.44
2022-03-25 19:54:20.630001,50,30368,27924,35973,30195,33015,21173,34588.77,32349.13,38745.05,28195.88,32721.39,17998.63
2022-03-25 19:54:30.645383,51,32196,28787,38474,31813,36591,22106,36670.84,33348.89,41438.78,29706.76,36265.59,18791.75
2022-03-25 19:54:40.661216,51,34453,30056,41380,33864,40752,23489,39241.54,34818.99,44568.71,31621.97,40389.59,19967.41
2022-03-25 19:54:50.676818,51,36864,31511,44502,36253,45176,25228,41987.64,36504.56,47931.29,33852.80,44774.25,21445.69
2022-03-25 19:55:00.707536,50,39604,33262,48031,38997,50025,27296,45108.46,38533.05,51732.23,36415.13,49580.13,23203.64
2022-03-25 19:55:10.723190,51,42619,35304,51201,41862,51201,29528,48542.51,40898.64,55146.51,39090.45,50745.66,25101.01
2022-03-25 19:55:20.738739,51,45229,37162,51201,44640,51201,31746,51515.27,43051.08,55146.51,41684.53,50745.66,26986.47
2022-03-25 19:55:30.754177,51,47960,39125,51201,47537,51201,33997,54625.84,45325.16,55146.51,44389.73,50745.66,28899.99
2022-03-25 19:55:40.769944,51,51022,41448,51201,50747,51201,36606,58113.42,48016.29,55146.51,47387.20,50745.66,31117.84
2022-03-25 19:55:50.785489,51,51201,43594,51201,51200,51201,39019,58317.30,50502.36,55146.51,47810.21,50745.66,33169.07
2022-03-25 19:56:00.801248,51,51201,45529,51201,51201,51201,41225,58317.30,52744.00,55146.51,47811.14,50745.66,35044.33
2022-03-25 19:56:10.816638,51,51201,47240,51201,51201,51201,43165,58317.30,54726.15,55146.51,47811.14,50745.66,36693.48
2022-03-25 19:56:20.832136,51,51201,48593,51201,51201,51201,44681,58317.30,56293.56,55146.51,47811.14,50745.66,37982.19
2022-03-25 19:56:30.847552,51,51201,49836,51201,51201,51201,46165,58317.30,57733.54,55146.51,47811.14,50745.66,39243.70
2022-03-25 19:56:40.878455,51,51201,50780,51201,51201,51201,47281,58317.30,58827.13,55146.51,47811.14,50745.66,40192.39
2022-03-25 19:56:50.893829,51,51201,51200,51201,51201,51201,47831,58317.30,59313.69,55146.51,47811.14,50745.66,40659.93
2022-03-25 19:57:00.909405,51,51201,51201,51201,51201,51201,47997,58317.30,59314.85,55146.51,47811.14,50745.66,40801.04
2022-03-25 19:57:10.924737,51,51201,51200,51201,51201,51201,47978,58317.30,59313.69,55146.51,47811.14,50745.66,40784.89
2022-03-25 19:57:20.940373,51,51201,51201,51201,51201,51201,47908,58317.30,59314.85,55146.51,47811.14,50745.66,40725.38
2022-03-25 19:57:30.971069,51,51201,51200,51201,51201,51201,47733,58317.30,59313.69,55146.51,47811.14,50745.66,40576.62
2022-03-25 19:57:40.986613,51,51201,51200,51201,51201,51201,47673,58317.30,59313.69,55146.51,47811.14,50745.66,40525.61
2022-03-25 19:57:51.002100,51,51201,51201,51201,51201,51201,47609,58317.30,59314.85,55146.51,47811.14,50745.66,40471.21
2022-03-25 19:58:01.017807,51,51201,51201,51201,51201,51201,47649,58317.30,59314.85,55146.51,47811.14,50745.66,40505.21
2022-03-25 19:58:11.033350,51,51201,51201,51201,51201,51201,47660,58317.30,59314.85,55146.51,47811.14,50745.66,40514.56
2022-03-25 19:58:21.048884,51,51201,51200,51201,51201,51201,47707,58317.30,59313.69,55146.51,47811.14,50745.66,40554.52
2022-03-25 19:58:31.064314,51,51201,51201,51201,51201,51201,47681,58317.30,59314.85,55146.51,47811.14,50745.66,40532.41
2022-03-25 19:58:41.079827,51,51201,51201,51201,51201,51201,47542,58317.30,59314.85,55146.51,47811.14,50745.66,40414.25
2022-03-25 19:58:51.110745,51,51201,51201,51201,51201,51201,47660,58317.30,59314.85,55146.51,47811.14,50745.66,40514.56
2022-03-25 19:59:01.126186,51,51201,51200,51201,51201,51201,47624,58317.30,59313.69,55146.51,47811.14,50745.66,40483.96
2022-03-25 19:59:11.141764,51,51201,51200,51201,51201,51201,47532,58317.30,59313.69,55146.51,47811.14,50745.66,40405.75
2022-03-25 19:59:21.157441,51,51201,51201,51201,51201,51201,47523,58317.30,59314.85,55146.51,47811.14,50745.66,40398.10
2022-03-25 19:59:31.173039,52,51201,51201,51201,51201,51201,47372,58317.30,59314.85,55146.51,47811.14,50745.66,40269.74
2022-03-25 19:59:41.188413,52,51201,51200,51201,51201,51201,47411,58317.30,59313.69,55146.51,47811.14,50745.66,40302.89
2022-03-25 19:59:51.219310,51,51201,51201,51201,51201,51201,47310,58317.30,59314.85,55146.51,47811.14,50745.66,40217.04
2022-03-25 20:00:01.234628,51,51201,51201,51201,51201,51201,47288,58317.30,59314.85,55146.51,47811.14,50745.66,40198.34
2022-03-25 20:00:11.250067,52,51201,51200,51201,51201,51201,47214,58317.30,59313.69,55146.51,47811.14,50745.66,40135.43
2022-03-25 20:00:21.265469,52,51201,51201,51201,51201,51201,47167,58317.30,59314.85,55146.51,47811.14,50745.66,40095.48
2022-03-25 20:00:31.281100,52,51201,51201,51201,51201,51201,47035,58317.30,59314.85,55146.51,47811.14,50745.66,39983.27
2022-03-25 20:00:41.296672,52,51201,51201,51201,51201,51201,46916,58317.30,59314.85,55146.51,47811.14,50745.66,39882.11
2022-03-25 20:00:51.311841,52,51201,51200,51201,51201,51201,46814,58317.30,59313.69,55146.51,47811.14,50745.66,39795.40
2022-03-25 20:01:01.327376,52,51201,51201,51201,51201,51201,46663,58317.30,59314.85,55146.51,47811.14,50745.66,39667.04
2022-03-25 20:01:11.343260,52,51201,51201,51201,51201,51201,46562,58317.30,59314.85,55146.51,47811.14,50745.66,39581.18
2022-03-25 20:01:21.358618,52,51201,51201,51201,51201,51201,46398,58317.30,59314.85,55146.51,47811.14,50745.66,39441.77
2022-03-25 20:01:31.389366,52,51201,51200,51201,51201,51201,46278,58317.30,59313.69,55146.51,47811.14,50745.66,39339.76
2022-03-25 20:01:41.404911,52,51201,51201,51201,51201,51201,46047,58317.30,59314.85,55146.51,47811.14,50745.66,39143.39
2022-03-25 20:01:51.420169,52,51201,51200,51201,51201,51201,45968,58317.30,59313.69,55146.51,47811.14,50745.66,39076.24
2022-03-25 20:02:01.435826,52,51201,51200,51201,51201,51201,45883,58317.30,59313.69,55146.51,47811.14,50745.66,39003.98
2022-03-25 20:02:11.451321,52,51201,51200,51201,51201,51201,45754,58317.30,59313.69,55146.51,47811.14,50745.66,38894.32
2022-03-25 20:02:21.466872,52,51201,51164,51201,51201,51201,45773,58317.30,59271.98,55146.51,47811.14,50745.66,38910.47
2022-03-25 20:02:31.482329,52,51201,50971,51201,51201,51201,45706,58317.30,59048.40,55146.51,47811.14,50745.66,38853.52
2022-03-25 20:02:41.497826,52,51201,50842,51201,51201,51201,45709,58317.30,58898.96,55146.51,47811.14,50745.66,38856.07
2022-03-25 20:02:51.528643,52,51201,50754,51201,51201,51201,45679,58317.30,58797.01,55146.51,47811.14,50745.66,38830.57
2022-03-25 20:03:01.543852,53,51201,50691,51201,51201,51201,45808,58317.30,58724.03,55146.51,47811.14,50745.66,38940.23
2022-03-25 20:03:11.559367,52,51201,50771,51201,51201,51201,45867,58317.30,58816.71,55146.51,47811.14,50745.66,38990.38
2022-03-25 20:03:21.574893,53,51201,50796,51201,51201,51201,46066,58317.30,58845.67,55146.51,47811.14,50745.66,39159.54
2022-03-25 20:03:31.590457,52,51201,50789,51201,51201,51201,46226,58317.30,58837.56,55146.51,47811.14,50745.66,39295.55
2022-03-25 20:03:41.606061,52,51201,50951,51201,51201,51201,46507,58317.30,59025.23,55146.51,47811.14,50745.66,39534.43
2022-03-25 20:03:51.621761,53,51201,51065,51201,51201,51201,46751,58317.30,59157.30,55146.51,47811.14,50745.66,39741.84
2022-03-25 20:04:01.652741,52,51201,51200,51201,51201,51201,47029,58317.30,59313.69,55146.51,47811.14,50745.66,39978.17
2022-03-25 20:04:11.668259,53,51201,51200,51201,51201,51201,47396,58317.30,59313.69,55146.51,47811.14,50745.66,40290.14
2022-03-25 20:04:21.683693,52,51201,51201,51201,51201,51201,47817,58317.30,59314.85,55146.51,47811.14,50745.66,40648.02
2022-03-25 20:04:31.699124,53,51201,51201,51201,51201,51201,48194,58317.30,59314.85,55146.51,47811.14,50745.66,40968.50
2022-03-25 20:04:41.714689,53,51201,51201,51201,51201,51201,48498,58317.30,59314.85,55146.51,47811.14,50745.66,41226.93
2022-03-25 20:04:51.730188,53,51201,51201,51201,51201,51201,48867,58317.30,59314.85,55146.51,47811.14,50745.66,41540.61
2022-03-25 20:05:01.745608,53,51201,51201,51201,51201,51201,49023,58317.30,59314.85,55146.51,47811.14,50745.66,41673.21
2022-03-25 20:05:11.761023,53,51201,51201,51201,51201,51201,49162,58317.30,59314.85,55146.51,47811.14,50745.66,41791.38
2022-03-25 20:05:21.791836,53,51201,51201,51201,51201,51201,49139,58317.30,59314.85,55146.51,47811.14,50745.66,41771.82
2022-03-25 20:05:31.807365,53,51201,51201,51201,51201,51201,49120,58317.30,59314.85,55146.51,47811.14,50745.66,41755.67
2022-03-25 20:05:41.822959,53,51201,51201,51201,51201,51201,49059,58317.30,59314.85,55146.51,47811.14,50745.66,41703.82
2022-03-25 20:05:51.838408,53,51201,51201,51201,51201,51201,48932,58317.30,59314.85,55146.51,47811.14,50745.66,41595.86
2022-03-25 20:06:01.854302,53,51201,51201,51201,51201,51201,48737,58317.30,59314.85,55146.51,47811.14,50745.66,41430.09
2022-03-25 20:06:11.869466,53,51201,51201,51201,51201,51201,48521,58317.30,59314.85,55146.51,47811.14,50745.66,41246.48
2022-03-25 20:06:21.885213,53,51201,51201,51201,51201,51201,48301,58317.30,59314.85,55146.51,47811.14,50745.66,41059.46
2022-03-25 20:06:31.900713,53,51201,51201,51201,51201,51201,48052,58317.30,59314.85,55146.51,47811.14,50745.66,40847.79
2022-03-25 20:06:41.916189,53,51201,51201,51201,51201,51201,47874,58317.30,59314.85,55146.51,47811.14,50745.66,40696.48
2022-03-25 20:06:51.931884,53,51201,51201,51201,51201,51201,47746,58317.30,59314.85,55146.51,47811.14,50745.66,40587.67
2022-03-25 20:07:01.962500,53,51201,51200,51201,51201,51201,47653,58317.30,59313.69,55146.51,47811.14,50745.66,40508.61
2022-03-25 20:07:11.978346,53,51201,51201,51201,51201,51201,47621,58317.30,59314.85,55146.51,47811.14,50745.66,40481.41
2022-03-25 20:07:21.993613,53,51201,51201,51201,51201,51201,47599,58317.30,59314.85,55146.51,47811.14,50745.66,40462.71
2022-03-25 20:07:32.009238,53,51201,51201,51201,51201,51201,47575,58317.30,59314.85,55146.51,47811.14,50745.66,40442.31
2022-03-25 20:07:42.024987,53,51201,51200,51201,51201,51201,47609,58317.30,59313.69,55146.51,47811.14,50745.66,40471.21
2022-03-25 20:07:52.040561,53,51201,51201,51201,51201,51201,47579,58317.30,59314.85,55146.51,47811.14,50745.66,40445.71
2022-03-25 20:08:02.055952,53,51201,51201,51201,51201,51201,47679,58317.30,59314.85,55146.51,47811.14,50745.66,40530.71
2022-03-25 20:08:12.071568,53,51201,51201,51201,51201,51201,47728,58317.30,59314.85,55146.51,47811.14,50745.66,40572.37
2022-03-25 20:08:22.102651,54,51201,51201,51201,51201,51201,47814,58317.30,59314.85,55146.51,47811.14,50745.66,40645.48
2022-03-25 20:08:32.118178,53,51201,51201,51201,51201,51201,47897,58317.30,59314.85,55146.51,47811.14,50745.66,40716.03
2022-03-25 20:08:42.133561,54,51201,51201,51201,51201,51201,47908,58317.30,59314.85,55146.51,47811.14,50745.66,40725.38
2022-03-25 20:08:52.149031,53,51201,51200,51201,51201,51201,47936,58317.30,59313.69,55146.51,47811.14,50745.66,40749.18
2022-03-25 20:09:02.164743,54,51201,51201,51201,51201,51201,47943,58317.30,59314.85,55146.51,47811.14,50745.66,40755.13
2022-03-25 20:09:12.180384,54,51201,51200,51201,51201,51201,47852,58317.30,59313.69,55146.51,47811.14,50745.66,40677.78
2022-03-25 20:09:22.211156,54,51201,51200,51201,51201,51201,47854,58317.30,59313.69,55146.51,47811.14,50745.66,40679.48
2022-03-25 20:09:32.226683,54,51201,51180,51201,51201,51201,47847,58317.30,59290.52,55146.51,47811.14,50745.66,40673.53
2022-03-25 20:09:42.242366,54,51201,51074,51201,51201,51201,47890,58317.30,59167.72,55146.51,47811.14,50745.66,40710.08
2022-03-25 20:09:52.258084,54,51201,50867,51201,51201,51201,47853,58317.30,58927.92,55146.51,47811.14,50745.66,40678.63
2022-03-25 20:10:02.274069,54,51201,50784,51201,51201,51201,47785,58317.30,58831.77,55146.51,47811.14,50745.66,40620.82
2022-03-25 20:10:12.289207,54,51201,50847,51201,51201,51201,47952,58317.30,58904.75,55146.51,47811.14,50745.66,40762.79
2022-03-25 20:10:22.304851,54,51201,50764,51201,51201,51201,47923,58317.30,58808.60,55146.51,47811.14,50745.66,40738.13
2022-03-25 20:10:32.320155,54,51201,50810,51201,51201,51201,48014,58317.30,58861.89,55146.51,47811.14,50745.66,40815.49
2022-03-25 20:10:42.351035,54,51201,50854,51201,51201,51201,48116,58317.30,58912.86,55146.51,47811.14,50745.66,40902.20
2022-03-25 20:10:52.351186,54,51201,50905,51201,51201,51201,48280,58317.30,58971.94,55146.51,47811.14,50745.66,41041.61
2022-03-25 20:11:02.381915,54,51201,51152,51201,51201,51201,48415,58317.30,59258.08,55146.51,47811.14,50745.66,41156.37
2022-03-25 20:11:12.397249,54,51201,51200,51201,51201,51201,48702,58317.30,59313.69,55146.51,47811.14,50745.66,41400.34
2022-03-25 20:11:22.397333,54,51201,51200,51201,51201,51201,48775,58317.30,59313.69,55146.51,47811.14,50745.66,41462.40
2022-03-25 20:11:32.428107,54,51201,51199,51201,51201,51201,48781,58317.30,59312.53,55146.51,47811.14,50745.66,41467.50
2022-03-25 20:11:42.443754,54,51201,51200,51201,51201,51201,49023,58317.30,59313.69,55146.51,47811.14,50745.66,41673.21
2022-03-25 20:11:52.459352,54,51201,51200,51201,51201,51201,49297,58317.30,59313.69,55146.51,47811.14,50745.66,41906.14
2022-03-25 20:12:02.475131,55,51201,51200,51201,51201,51201,49303,58317.30,59313.69,55146.51,47811.14,50745.66,41911.23
2022-03-25 20:12:12.490670,54,51201,51201,51201,51201,51201,49569,58317.30,59314.85,55146.51,47811.14,50745.66,42137.36
2022-03-25 20:12:22.506068,54,51201,51200,51201,51201,51201,49611,58317.30,59313.69,55146.51,47811.14,50745.66,42173.06
2022-03-25 20:12:32.521508,54,51201,51201,51201,51201,51201,49568,58317.30,59314.85,55146.51,47811.14,50745.66,42136.51
2022-03-25 20:12:42.537210,54,51201,51201,51201,51201,51201,49575,58317.30,59314.85,55146.51,47811.14,50745.66,42142.46
2022-03-25 20:12:52.568023,55,51201,51201,51201,51201,51201,49733,58317.30,59314.85,55146.51,47811.14,50745.66,42276.77
2022-03-25 20:13:02.583404,55,51201,51201,51201,51201,51201,49566,58317.30,59314.85,55146.51,47811.14,50745.66,42134.80
2022-03-25 20:13:12.598878,54,51201,51201,51201,51201,51201,49625,58317.30,59314.85,55146.51,47811.14,50745.66,42184.96
2022-03-25 20:13:22.614396,55,51201,51201,51201,51201,51201,49842,58317.30,59314.85,55146.51,47811.14,50745.66,42369.43
2022-03-25 20:13:32.629810,55,51201,51201,51201,51201,51201,49655,58317.30,59314.85,55146.51,47811.14,50745.66,42210.46
2022-03-25 20:13:42.645260,55,51201,51201,51201,51201,51201,49740,58317.30,59314.85,55146.51,47811.14,50745.66,42282.72
2022-03-25 20:13:52.660808,55,51201,51200,51201,51201,51201,49753,58317.30,59313.69,55146.51,47811.14,50745.66,42293.77
2022-03-25 20:14:02.676860,55,51201,51201,51201,51201,51201,49519,58317.30,59314.85,55146.51,47811.14,50745.66,42094.85
2022-03-25 20:14:12.692374,55,51201,51201,51201,51201,51201,49578,58317.30,59314.85,55146.51,47811.14,50745.66,42145.01
2022-03-25 20:14:22.707771,55,51201,51201,51201,51201,51201,49602,58317.30,59314.85,55146.51,47811.14,50745.66,42165.41
2022-03-25 20:14:32.723095,55,51201,51200,51201,51201,51201,49457,58317.30,59313.69,55146.51,47811.14,50745.66,42042.15
2022-03-25 20:14:42.738830,55,51201,51200,51201,51201,51201,49573,58317.30,59313.69,55146.51,47811.14,50745.66,42140.76
2022-03-25 20:14:52.754269,55,51201,51200,51201,51201,51201,49419,58317.30,59313.69,55146.51,47811.14,50745.66,42009.84
2022-03-25 20:15:02.769661,55,51201,51200,51201,51201,51201,49289,58317.30,59313.69,55146.51,47811.14,50745.66,41899.34
2022-03-25 20:15:12.785174,55,51201,51201,51201,51201,51201,49274,58317.30,59314.85,55146.51,47811.14,50745.66,41886.59
2022-03-25 20:15:22.815794,55,51201,51201,51201,51201,51201,49318,58317.30,59314.85,55146.51,47811.14,50745.66,41923.99
2022-03-25 20:15:32.831451,55,51201,51201,51201,51201,51201,49337,58317.30,59314.85,55146.51,47811.14,50745.66,41940.14
2022-03-25 20:15:42.846989,55,51201,51200,51201,51201,51201,49426,58317.30,59313.69,55146.51,47811.14,50745.66,42015.80
2022-03-25 20:15:52.862566,55,51201,51201,51201,51201,51201,49445,58317.30,59314.85,55146.51,47811.14,50745.66,42031.95
2022-03-25 20:16:02.878236,55,51201,51201,51201,51201,51201,49730,58317.30,59314.85,55146.51,47811.14,50745.66,42274.22
2022-03-25 20:16:12.893777,55,51201,51201,51201,51201,51201,49812,58317.30,59314.85,55146.51,47811.14,50745.66,42343.93
2022-03-25 20:16:22.909636,55,51201,51201,51201,51201,51201,49724,58317.30,59314.85,55146.51,47811.14,50745.66,42269.12
2022-03-25 20:16:32.925019,55,51201,51200,51201,51201,51201,49828,58317.30,59313.69,55146.51,47811.14,50745.66,42357.53
2022-03-25 20:16:42.955607,55,51201,51201,51201,51201,51201,50025,58317.30,59314.85,55146.51,47811.14,50745.66,42524.99
2022-03-25 20:16:52.971216,55,51201,51201,51201,51201,51201,50052,58317.30,59314.85,55146.51,47811.14,50745.66,42547.94
2022-03-25 20:17:02.986912,55,51201,51201,51201,51201,51201,50136,58317.30,59314.85,55146.51,47811.14,50745.66,42619.35
2022-03-25 20:17:13.002279,55,51201,51200,51201,51201,51201,50002,58317.30,59313.69,55146.51,47811.14,50745.66,42505.44
2022-03-25 20:17:23.017725,55,51201,51200,51201,51201,51201,50178,58317.30,59313.69,55146.51,47811.14,50745.66,42655.05
2022-03-25 20:17:33.033180,55,51201,51201,51201,51201,51201,50102,58317.30,59314.85,55146.51,47811.14,50745.66,42590.45
2022-03-25 20:17:43.048624,55,51201,51201,51201,51201,51201,50136,58317.30,59314.85,55146.51,47811.14,50745.66,42619.35
2022-03-25 20:17:53.064041,55,51201,51201,51201,51201,51201,49968,58317.30,59314.85,55146.51,47811.14,50745.66,42476.54
2022-03-25 20:18:03.079450,55,51201,51200,51201,51201,51201,49946,58317.30,59313.69,55146.51,47811.14,50745.66,42457.84
2022-03-25 20:18:13.095013,55,51201,51200,51201,51201,51201,49966,58317.30,59313.69,55146.51,47811.14,50745.66,42474.84
2022-03-25 20:18:23.110892,55,51201,51193,51201,51201,51201,49934,58317.30,59305.58,55146.51,47811.14,50745.66,42447.63
2022-03-25 20:18:33.126242,55,51201,50948,51201,51201,51201,49791,58317.30,59021.75,55146.51,47811.14,50745.66,42326.07
2022-03-25 20:18:43.157355,55,51201,50812,51201,51201,51201,49773,58317.30,58864.20,55146.51,47811.14,50745.66,42310.77
2022-03-25 20:18:53.172807,55,51201,50691,51201,51201,51201,49691,58317.30,58724.03,55146.51,47811.14,50745.66,42241.07
2022-03-25 20:19:03.188311,55,51201,50581,51201,51201,51201,49638,58317.30,58596.60,55146.51,47811.14,50745.66,42196.01
2022-03-25 20:19:13.203745,55,51201,50527,51201,51201,51201,49586,58317.30,58534.04,55146.51,47811.14,50745.66,42151.81
2022-03-25 20:19:23.219153,55,51201,50479,51201,51201,51201,49439,58317.30,58478.43,55146.51,47811.14,50745.66,42026.85
2022-03-25 20:19:33.234868,55,51201,50457,51201,51201,51201,49541,58317.30,58452.95,55146.51,47811.14,50745.66,42113.55
2022-03-25 20:19:43.250530,55,51201,50376,51201,51201,51201,49352,58317.30,58359.11,55146.51,47811.14,50745.66,41952.89
2022-03-25 20:19:53.266123,55,51201,50430,51201,51201,51201,49304,58317.30,58421.67,55146.51,47811.14,50745.66,41912.09
2022-03-25 20:20:03.296857,55,51201,50423,51201,51201,51201,49261,58317.30,58413.56,55146.51,47811.14,50745.66,41875.53
2022-03-25 20:20:13.312191,55,51201,50468,51201,51201,51201,49326,58317.30,58465.69,55146.51,47811.14,50745.66,41930.79
2022-03-25 20:20:23.327945,55,51201,50429,51201,51201,51201,49133,58317.30,58420.51,55146.51,47811.14,50745.66,41766.72
2022-03-25 20:20:33.343566,55,51201,50446,51201,51201,51201,48960,58317.30,58440.20,55146.51,47811.14,50745.66,41619.66
2022-03-25 20:20:43.359098,55,51201,50401,51201,51201,51201,49047,58317.30,58388.07,55146.51,47811.14,50745.66,41693.62
2022-03-25 20:20:53.374393,55,51201,50343,51201,51201,51201,48937,58317.30,58320.88,55146.51,47811.14,50745.66,41600.11
2022-03-25 20:21:03.389952,55,51201,50400,51201,51201,51201,48864,58317.30,58386.91,55146.51,47811.14,50745.66,41538.05
2022-03-25 20:21:13.405480,55,51201,50366,51201,51201,51201,48860,58317.30,58347.53,55146.51,47811.14,50745.66,41534.65
2022-03-25 20:21:23.421047,55,51201,50439,51201,51201,51201,48778,58317.30,58432.09,55146.51,47811.14,50745.66,41464.95
2022-03-25 20:21:33.436407,55,51201,50458,51201,51201,51201,48689,58317.30,58454.11,55146.51,47811.14,50745.66,41389.29
2022-03-25 20:21:43.451945,55,51201,50507,51201,51201,51201,48705,58317.30,58510.87,55146.51,47811.14,50745.66,41402.89
2022-03-25 20:21:53.482786,55,51201,50473,51201,51201,51201,48607,58317.30,58471.48,55146.51,47811.14,50745.66,41319.59
2022-03-25 20:22:03.498200,55,51201,50516,51201,51201,51201,48518,58317.30,58521.30,55146.51,47811.14,50745.66,41243.93
2022-03-25 20:22:13.513837,55,51201,50535,51201,51201,51201,48407,58317.30,58543.31,55146.51,47811.14,50745.66,41149.57
2022-03-25 20:22:23.529464,55,51201,50442,51201,51201,51201,48239,58317.30,58435.57,55146.51,47811.14,50745.66,41006.76
2022-03-25 20:22:33.544808,55,51201,50391,51201,51201,51201,48110,58317.30,58376.49,55146.51,47811.14,50745.66,40897.10
2022-03-25 20:22:43.560244,55,51201,50235,51201,51201,51201,47943,58317.30,58195.77,55146.51,47811.14,50745.66,40755.13
2022-03-25 20:22:53.575752,55,51201,50198,51201,51201,51201,47780,58317.30,58152.90,55146.51,47811.14,50745.66,40616.57
2022-03-25 20:23:03.591160,55,51201,50118,51201,51201,51201,47573,58317.30,58060.23,55146.51,47811.14,50745.66,40440.61
2022-03-25 20:23:13.606661,55,51201,50010,51201,51201,51201,47441,58317.30,57935.11,55146.51,47811.14,50745.66,40328.40
2022-03-25 20:23:23.622211,55,51201,49951,51201,51201,51201,47340,58317.30,57866.76,55146.51,47811.14,50745.66,40242.54
2022-03-25 20:23:33.637696,55,51201,49868,51201,51201,51201,47165,58317.30,57770.61,55146.51,47811.14,50745.66,40093.78
2022-03-25 20:23:43.653354,55,51201,49743,51201,51201,51201,47116,58317.30,57625.80,55146.51,47811.14,50745.66,40052.12
2022-03-25 20:23:53.669011,55,51201,49688,51201,51201,51201,46943,58317.30,57562.08,55146.51,47811.14,50745.66,39905.06
2022-03-25 20:24:03.684503,55,51201,49666,51201,51201,51201,46924,58317.30,57536.60,55146.51,47811.14,50745.66,39888.91
2022-03-25 20:24:13.699785,55,51201,49612,51201,51201,51201,46832,58317.30,57474.04,55146.51,47811.14,50745.66,39810.70
2022-03-25 20:24:23.715298,55,51201,49576,51201,51201,51201,46772,58317.30,57432.34,55146.51,47811.14,50745.66,39759.70
2022-03-25 20:24:33.730713,55,51201,49473,51201,51201,51201,46725,58317.30,57313.01,55146.51,47811.14,50745.66,39719.74
2022-03-25 20:24:43.746076,55,51201,49456,51201,51201,51201,46715,58317.30,57293.32,55146.51,47811.14,50745.66,39711.24
2022-03-25 20:24:53.761630,55,51201,49438,51201,51201,51201,46703,58317.30,57272.46,55146.51,47811.14,50745.66,39701.04
2022-03-25 20:25:03.792395,55,51201,49416,51201,51201,51201,46687,58317.30,57246.98,55146.51,47811.14,50745.66,39687.44
2022-03-25 20:25:13.807891,55,51201,49354,51201,51201,51201,46658,58317.30,57175.15,55146.51,47811.14,50745.66,39662.79
2022-03-25 20:25:23.823109,55,51201,49431,51201,51201,51201,46772,58317.30,57264.36,55146.51,47811.14,50745.66,39759.70
2022-03-25 20:25:33.838679,55,51201,49415,51201,51201,51201,46767,58317.30,57245.82,55146.51,47811.14,50745.66,39755.45
2022-03-25 20:25:43.854488,55,51201,49460,51201,51201,51201,46856,58317.30,57297.95,55146.51,47811.14,50745.66,39831.10
2022-03-25 20:25:53.869776,55,51201,49464,51201,51201,51201,46917,58317.30,57302.59,55146.51,47811.14,50745.66,39882.96
2022-03-25 20:26:03.885308,55,51201,49490,51201,51201,51201,46989,58317.30,57332.71,55146.51,47811.14,50745.66,39944.16
2022-03-25 20:26:13.900880,55,51201,49494,51201,51201,51201,47035,58317.30,57337.34,55146.51,47811.14,50745.66,39983.27
2022-03-25 20:26:23.916528,55,51201,49531,51201,51201,51201,47117,58317.30,57380.20,55146.51,47811.14,50745.66,40052.97
2022-03-25 20:26:33.931993,55,51201,49545,51201,51201,51201,47179,58317.30,57396.42,55146.51,47811.14,50745.66,40105.68
2022-03-25 20:26:43.947478,55,51201,49496,51201,51201,51201,47159,58317.30,57339.66,55146.51,47811.14,50745.66,40088.68
2022-03-25 20:26:53.962772,55,51201,49568,51201,51201,51201,47236,58317.30,57423.07,55146.51,47811.14,50745.66,40154.13
2022-03-25 20:27:03.978488,55,51201,49531,51201,51201,51201,47239,58317.30,57380.20,55146.51,47811.14,50745.66,40156.68
2022-03-25 20:27:14.009352,55,51201,49503,51201,51201,51201,47172,58317.30,57347.77,55146.51,47811.14,50745.66,40099.73
2022-03-25 20:27:24.024946,55,51201,49461,51201,51201,51201,47121,58317.30,57299.11,55146.51,47811.14,50745.66,40056.38
2022-03-25 20:27:34.040697,55,51201,49455,51201,51201,51201,47060,58317.30,57292.16,55146.51,47811.14,50745.66,40004.52
2022-03-25 20:27:44.056045,55,51201,49356,51201,51201,51201,46934,58317.30,57177.47,55146.51,47811.14,50745.66,39897.41
2022-03-25 20:27:54.086911,55,51201,49424,51201,51201,51201,46824,58317.30,57256.25,55146.51,47811.14,50745.66,39803.90
2022-03-25 20:28:04.102487,55,51201,49208,51201,51201,51201,46687,58317.30,57006.02,55146.51,47811.14,50745.66,39687.44
2022-03-25 20:28:14.117968,55,51201,49173,51201,51201,51201,46537,58317.30,56965.47,55146.51,47811.14,50745.66,39559.93
2022-03-25 20:28:24.133642,55,51201,49174,51201,51201,51201,46407,58317.30,56966.63,55146.51,47811.14,50745.66,39449.42
2022-03-25 20:28:34.149064,55,51201,49117,51201,51201,51201,46300,58317.30,56900.60,55146.51,47811.14,50745.66,39358.46
2022-03-25 20:28:44.164755,55,51201,49101,51201,51201,51201,46140,58317.30,56882.06,55146.51,47811.14,50745.66,39222.45
2022-03-25 20:28:54.180204,55,51201,49095,51201,51201,51201,46059,58317.30,56875.11,55146.51,47811.14,50745.66,39153.59
2022-03-25 20:29:04.195616,55,51201,48972,51201,51201,51201,45996,58317.30,56732.62,55146.51,47811.14,50745.66,39100.04
2022-03-25 20:29:14.211139,55,51201,49019,51201,51201,51201,45901,58317.30,56787.07,55146.51,47811.14,50745.66,39019.28
2022-03-25 20:29:24.242063,55,51201,49042,51201,51201,51201,45931,58317.30,56813.71,55146.51,47811.14,50745.66,39044.79
2022-03-25 20:29:34.242258,55,51201,49080,51201,51201,51201,45878,58317.30,56857.73,55146.51,47811.14,50745.66,38999.73
2022-03-25 20:29:44.272846,55,51201,49049,51201,51201,51201,45860,58317.30,56821.82,55146.51,47811.14,50745.66,38984.43
2022-03-25 20:29:54.288098,54,51201,49105,51201,51201,51201,45924,58317.30,56886.70,55146.51,47811.14,50745.66,39038.83
2022-03-25 20:30:04.303743,55,51201,49051,51201,51201,51201,45899,58317.30,56824.14,55146.51,47811.14,50745.66,39017.58
2022-03-25 20:30:14.319326,55,51201,49014,51201,51201,51201,45953,58317.30,56781.27,55146.51,47811.14,50745.66,39063.48
2022-03-25 20:30:24.334872,55,51201,49182,51201,51201,51201,46065,58317.30,56975.90,55146.51,47811.14,50745.66,39158.70
2022-03-25 20:30:34.350558,55,51201,49150,51201,51201,51201,45992,58317.30,56938.82,55146.51,47811.14,50745.66,39096.64
2022-03-25 20:30:44.381447,55,51201,49089,51201,51201,51201,45940,58317.30,56868.16,55146.51,47811.14,50745.66,39052.43
2022-03-25 20:30:54.381710,55,51201,49025,51201,51201,51201,45879,58317.30,56794.02,55146.51,47811.14,50745.66,39000.58
2022-03-25 20:31:04.412606,55,51201,48976,51201,51201,51201,45968,58317.30,56737.25,55146.51,47811.14,50745.66,39076.24
2022-03-25 20:31:14.428108,55,51201,48955,51201,51201,51201,45977,58317.30,56712.93,55146.51,47811.14,50745.66,39083.89
2022-03-25 20:31:24.443613,54,51201,48806,51201,51201,51201,45838,58317.30,56540.31,55146.51,47811.14,50745.66,38965.73
2022-03-25 20:31:34.459240,54,51201,48692,51201,51201,51201,45790,58317.30,56408.25,55146.51,47811.14,50745.66,38924.92
2022-03-25 20:31:44.474566,54,51201,48627,51201,51201,51201,45683,58317.30,56332.95,55146.51,47811.14,50745.66,38833.96
2022-03-25 20:31:54.490031,54,51201,48488,51201,51201,51201,45599,58317.30,56171.92,55146.51,47811.14,50745.66,38762.56
2022-03-25 20:32:04.505605,55,51201,48466,51201,51201,51201,45500,58317.30,56146.43,55146.51,47811.14,50745.66,38678.40
2022-03-25 20:32:14.521127,55,51201,48283,51201,51201,51201,45380,58317.30,55934.43,55146.51,47811.14,50745.66,38576.39
2022-03-25 20:32:24.536649,55,51201,48227,51201,51201,51201,45249,58317.30,55869.56,55146.51,47811.14,50745.66,38465.03
2022-03-25 20:32:34.552261,54,51201,48209,51201,51201,51201,45273,58317.30,55848.70,55146.51,47811.14,50745.66,38485.43
2022-03-25 20:32:44.567960,54,51201,48097,51201,51201,51201,45209,58317.30,55718.96,55146.51,47811.14,50745.66,38431.03
2022-03-25 20:32:54.598591,54,51201,47966,51201,51201,51201,45164,58317.30,55567.20,55146.51,47811.14,50745.66,38392.78
2022-03-25 20:33:04.614267,55,51201,48050,51201,51201,51201,45178,58317.30,55664.51,55146.51,47811.14,50745.66,38404.68
2022-03-25 20:33:14.629826,54,51201,48002,51201,51201,51201,45044,58317.30,55608.90,55146.51,47811.14,50745.66,38290.77
2022-03-25 20:33:24.645378,55,51201,48051,51201,51201,51201,45152,58317.30,55665.67,55146.51,47811.14,50745.66,38382.57
2022-03-25 20:33:34.661173,55,51201,47976,51201,51201,51201,45117,58317.30,55578.78,55146.51,47811.14,50745.66,38352.82
2022-03-25 20:33:44.676686,55,51201,48051,51201,51201,51201,45165,58317.30,55665.67,55146.51,47811.14,50745.66,38393.63
2022-03-25 20:33:54.692144,54,51201,48080,51201,51201,51201,45057,58317.30,55699.26,55146.51,47811.14,50745.66,38301.82
2022-03-25 20:34:04.722807,55,51201,47985,51201,51201,51201,45125,58317.30,55589.21,55146.51,47811.14,50745.66,38359.63
2022-03-25 20:34:14.738454,55,51201,47964,51201,51201,51201,45037,58317.30,55564.88,55146.51,47811.14,50745.66,38284.82
2022-03-25 20:34:24.754039,55,51201,47920,51201,51201,51201,45042,58317.30,55513.91,55146.51,47811.14,50745.66,38289.07
2022-03-25 20:34:34.769626,55,51201,47888,51201,51201,51201,45024,58317.30,55476.84,55146.51,47811.14,50745.66,38273.77
2022-03-25 20:34:44.785201,55,51201,47839,51201,51201,51201,45012,58317.30,55420.07,55146.51,47811.14,50745.66,38263.57
2022-03-25 20:34:54.800611,55,51201,47744,51201,51201,51201,45030,58317.30,55310.02,55146.51,47811.14,50745.66,38278.87
2022-03-25 20:35:04.816130,55,51201,47647,51201,51201,51201,44908,58317.30,55197.64,55146.51,47811.14,50745.66,38175.16
2022-03-25 20:35:14.831620,55,51201,47516,51201,51201,51201,44909,58317.30,55045.89,55146.51,47811.14,50745.66,38176.01
2022-03-25 20:35:24.847064,55,51201,47303,51201,51201,51201,44798,58317.30,54799.13,55146.51,47811.14,50745.66,38081.65
2022-03-25 20:35:34.862825,55,51201,47216,51201,51201,51201,44775,58317.30,54698.34,55146.51,47811.14,50745.66,38062.10
2022-03-25 20:35:44.893287,55,51201,47071,51201,51201,51201,44651,58317.30,54530.37,55146.51,47811.14,50745.66,37956.69
2022-03-25 20:35:54.908764,55,51201,46885,51201,51201,51201,44543,58317.30,54314.89,55146.51,47811.14,50745.66,37864.88
2022-03-25 20:36:04.924414,55,51201,46838,51201,51201,51201,44473,58317.30,54260.44,55146.51,47811.14,50745.66,37805.38
2022-03-25 20:36:14.939940,55,51201,46732,51201,51201,51201,44425,58317.30,54137.64,55146.51,47811.14,50745.66,37764.57
2022-03-25 20:36:24.955648,55,51201,46691,51201,51201,51201,44316,58317.30,54090.15,55146.51,47811.14,50745.66,37671.91
2022-03-25 20:36:34.971088,55,51201,46633,51201,51201,51201,44242,58317.30,54022.96,55146.51,47811.14,50745.66,37609.01
2022-03-25 20:36:44.986881,55,51201,46610,51201,51201,51201,44169,58317.30,53996.31,55146.51,47811.14,50745.66,37546.95
2022-03-25 20:36:55.017719,55,51201,46576,51201,51201,51201,44036,58317.30,53956.92,55146.51,47811.14,50745.66,37433.89
2022-03-25 20:37:05.033308,55,51201,46524,51201,51201,51201,44021,58317.30,53896.68,55146.51,47811.14,50745.66,37421.14
2022-03-25 20:37:15.049017,55,51201,46439,51201,51201,51201,43942,58317.30,53798.21,55146.51,47811.14,50745.66,37353.98
2022-03-25 20:37:25.064337,55,51201,46460,51201,51201,51201,43924,58317.30,53822.54,55146.51,47811.14,50745.66,37338.68
2022-03-25 20:37:35.079899,55,51201,46487,51201,51201,51201,43927,58317.30,53853.82,55146.51,47811.14,50745.66,37341.23
2022-03-25 20:37:45.095433,55,51201,46476,51201,51201,51201,43900,58317.30,53841.07,55146.51,47811.14,50745.66,37318.28
2022-03-25 20:37:55.110908,55,51201,46485,51201,51201,51201,43866,58317.30,53851.50,55146.51,47811.14,50745.66,37289.38
2022-03-25 20:38:05.126765,55,51201,46504,51201,51201,51201,43901,58317.30,53873.51,55146.51,47811.14,50745.66,37319.13
2022-03-25 20:38:15.142251,55,51201,46582,51201,51201,51201,43902,58317.30,53963.88,55146.51,47811.14,50745.66,37319.98
2022-03-25 20:38:25.157894,55,51201,46555,51201,51201,51201,43906,58317.30,53932.59,55146.51,47811.14,50745.66,37323.38
2022-03-25 20:38:35.173147,55,51201,46641,51201,51201,51201,43930,58317.30,54032.22,55146.51,47811.14,50745.66,37343.79
2022-03-25 20:38:45.188549,55,51201,46569,51201,51201,51201,43901,58317.30,53948.81,55146.51,47811.14,50745.66,37319.13
2022-03-25 20:38:55.204111,55,51201,46657,51201,51201,51201,43938,58317.30,54050.76,55146.51,47811.14,50745.66,37350.59
2022-03-25 20:39:05.219686,55,51201,46571,51201,51201,51201,43875,58317.30,53951.13,55146.51,47811.14,50745.66,37297.03
2022-03-25 20:39:15.250670,55,51201,46550,51201,51201,51201,43900,58317.30,53926.80,55146.51,47811.14,50745.66,37318.28
2022-03-25 20:39:25.266173,55,51201,46512,51201,51201,51201,43737,58317.30,53882.78,55146.51,47811.14,50745.66,37179.72
2022-03-25 20:39:35.281684,55,51201,46520,51201,51201,51201,43767,58317.30,53892.05,55146.51,47811.14,50745.66,37205.22
2022-03-25 20:39:45.297635,55,51201,46447,51201,51201,51201,43638,58317.30,53807.48,55146.51,47811.14,50745.66,37095.56
2022-03-25 20:39:55.313016,55,51201,46377,51201,51201,51201,43522,58317.30,53726.39,55146.51,47811.14,50745.66,36996.95
2022-03-25 20:40:05.328675,55,51201,46381,51201,51201,51201,43466,58317.30,53731.02,55146.51,47811.14,50745.66,36949.35
2022-03-25 20:40:15.343801,55,51201,46394,51201,51201,51201,43341,58317.30,53746.08,55146.51,47811.14,50745.66,36843.09
2022-03-25 20:40:25.359525,55,51201,46340,51201,51201,51201,43213,58317.30,53683.52,55146.51,47811.14,50745.66,36734.28
2022-03-25 20:40:35.374860,55,51201,46234,51201,51201,51201,43111,58317.30,53560.73,55146.51,47811.14,50745.66,36647.57
2022-03-25 20:40:45.405619,55,51201,46304,51201,51201,51201,43086,58317.30,53641.82,55146.51,47811.14,50745.66,36626.32
2022-03-25 20:40:55.421144,55,51200,46265,51201,51201,51201,43001,58316.16,53596.64,55146.51,47811.14,50745.66,36554.07
2022-03-25 20:41:05.436871,55,51129,46231,51201,51201,51201,42908,58235.29,53557.25,55146.51,47811.14,50745.66,36475.01
2022-03-25 20:41:15.452326,55,50973,46224,51201,51201,51201,42848,58057.61,53549.14,55146.51,47811.14,50745.66,36424.00
2022-03-25 20:41:25.467927,54,50852,46199,51201,51201,51201,42735,57919.79,53520.18,55146.51,47811.14,50745.66,36327.95
2022-03-25 20:41:35.483371,54,50744,46188,51201,51201,51201,42696,57796.79,53507.44,55146.51,47811.14,50745.66,36294.79
2022-03-25 20:41:45.498956,54,50633,46097,51201,51201,51201,42633,57670.36,53402.02,55146.51,47811.14,50745.66,36241.24
2022-03-25 20:41:55.514533,54,50570,46069,51201,51201,51201,42549,57598.60,53369.58,55146.51,47811.14,50745.66,36169.83
2022-03-25 20:42:05.530011,55,50445,46013,51201,51201,51201,42429,57456.23,53304.70,55146.51,47811.14,50745.66,36067.82
2022-03-25 20:42:15.545588,54,50400,45925,51201,51201,51201,42380,57404.97,53202.76,55146.51,47811.14,50745.66,36026.17
2022-03-25 20:42:25.576812,55,50332,45877,51201,51201,51201,42344,57327.52,53147.15,55146.51,47811.14,50745.66,35995.57
2022-03-25 20:42:35.592187,54,50242,45809,51201,51201,51201,42310,57225.01,53068.38,55146.51,47811.14,50745.66,35966.66
2022-03-25 20:42:45.607844,54,50200,45778,51201,51201,51201,42324,57177.18,53032.46,55146.51,47811.14,50745.66,35978.57
2022-03-25 20:42:55.623421,54,50156,45762,51201,51201,51201,42276,57127.06,53013.93,55146.51,47811.14,50745.66,35937.76
2022-03-25 20:43:05.638829,54,50144,45761,51201,51201,51201,42313,57113.39,53012.77,55146.51,47811.14,50745.66,35969.21
2022-03-25 20:43:15.654252,54,50136,45766,51201,51201,51201,42347,57104.28,53018.56,55146.51,47811.14,50745.66,35998.12
2022-03-25 20:43:25.669752,54,50117,45752,51201,51201,51201,42331,57082.64,53002.34,55146.51,47811.14,50745.66,35984.52
2022-03-25 20:43:35.685380,54,50077,45769,51201,51201,51201,42343,57037.08,53022.04,55146.51,47811.14,50745.66,35994.71
2022-03-25 20:43:45.700927,54,50099,45784,51201,51201,51201,42314,57062.14,53039.41,55146.51,47811.14,50745.66,35970.06
2022-03-25 20:43:55.716413,54,50090,45832,51201,51201,51201,42426,57051.89,53095.02,55146.51,47811.14,50745.66,36065.27
2022-03-25 20:44:05.731812,54,50044,45766,51201,51201,51201,42363,56999.49,53018.56,55146.51,47811.14,50745.66,36011.72
2022-03-25 20:44:15.747171,54,50075,45826,51201,51201,51201,42315,57034.80,53088.07,55146.51,47811.14,50745.66,35970.91
2022-03-25 20:44:25.762595,54,50024,45823,51201,51200,51201,42355,56976.71,53084.59,55146.51,47810.21,50745.66,36004.92
2022-03-25 20:44:35.793374,54,49975,45808,51201,51201,51201,42303,56920.90,53067.22,55146.51,47811.14,50745.66,35960.71
2022-03-25 20:44:45.793490,54,49951,45843,51201,51201,51201,42234,56893.57,53107.76,55146.51,47811.14,50745.66,35902.06
