nodename,nodeID,pmSensor,climateSensor,gpsSensor,latitude,longitude,altitude,activity
Central Hub 1,001e06318c91,IPS7100,BME280,GPSGPGGA2,32.77958421,-96.86489418,145.8,1
Central Hub 1,a84041ffff2037bc,IPS7100,BME280,GPSGPGGA2,32.9861561,-96.6345837,173.35,1
Central Hub 1,00044bec2707,IPS7100,BME280,GPSGPGGA2,32.99245167,-96.75781333,200,0
Central Hub 1,001e0642c3d6,IPS7100,BME280,GPSGPGGA2,32.99245167,-96.75781333,200,1
Central Hub 2,001e06373724,IPS7100,BME280,GPSGPGGA2,32.99245167,-96.75781333,200,1
Central Hub 2,a84041ffff2058a4,IPS7100,BME280,GPSGPGGA2,32.99245167,-96.75781333,200,1
Central Hub 2,00044be6fea1,IPS7100,BME280,GPSGPGGA2,32.99245167,-96.75781333,200,1
Central Hub 2,Not Yet Installed,IPS7100,BME280,GPSGPGGA2,32.67764,-96.75153,200,0
Central Hub 3,001e0637371e,IPS7100,BME280,GPSGPGGA2,32.67764,-96.75153,200,1
Central Hub 3,a84041ffff206194,IPS7100,BME280,GPSGPGGA2,32.67764,-96.75153,200,1
Central Hub 3,00044be5fc9c,IPS7100,BME280,GPSGPGGA2,32.67764,-96.75153,200,1
Central Hub 3,Not Yet Installed,IPS7100,BME280,GPSGPGGA2,32.992199,-96.757895,200,0
Central Hub 4,001e06373996,IPS7100,BME280,GPSGPGGA2,32.992199,-96.757895,200,1
Central Hub 4,a84041ffff205e64,IPS7100,BME280,GPSGPGGA2,32.992199,-96.757895,200,1
Central Hub 4,00044be5fc9d,IPS7100,BME280,GPSGPGGA2,32.992199,-96.757895,200,0
Central Hub 4,001e0643022b,IPS7100,BME280,GPSGPGGA2,32.992199,-96.757895,200,1
Central Hub 5,001e063739c7,IPS7100,BME280,GPSGPGGA2,32.992199,-96.757895,200,1
Central Hub 5,a84041ffff203c80,IPS7100,BME280,GPSGPGGA2,32.992199,-96.757895,200,1
Central Hub 5,00044bec2ca6,IPS7100,BME280,GPSGPGGA2,32.992199,-96.757895,200,0
Central Hub 5,001e0642ff0f,IPS7100,BME280,GPSGPGGA2,32.992199,-96.757895,200,1
Central Hub 6,001e063739cd,IPS7100,BME280,GPSGPGGA2,33.01365,-96.7729,209.125,1
Central Hub 6,a84041ffff206214,IPS7100,BME280,GPSGPGGA2,33.01365,-96.7729,209.125,1
Central Hub 6,000000000001,IPS7100,BME280,GPSGPGGA2,33.01365,-96.7729,209.125,0
Central Hub 6,001e064300d3,IPS7100,BME280,GPSGPGGA2,33.01365,-96.7729,209.125,1
Central Hub 7,001e0636e547,IPS7100,BME280,GPSGPGGA2,32.7156,-96.748,129.875,1
Central Hub 7,a84041ffff203ccc,IPS7100,BME280,GPSGPGGA2,32.7156,-96.748,129.875,1
Central Hub 7,00e04c680001,IPS7100,BME280,GPSGPGGA2,32.7156,-96.748,129.875,0
Central Hub 7,001e06430225,IPS7100,BME280,GPSGPGGA2,32.7156,-96.748,129.875,1
Central Hub 8,001e06323a37,IPS7100,BME280,GPSGPGGA2,32.7795,-96.8649,125.5,1
Central Hub 8,a84041ffff205984,IPS7100,BME280,GPSGPGGA2,32.992199,-96.757895,125.5,1
Central Hub 8,00044bebddd8,IPS7100,BME280,GPSGPGGA2,32.992199,-96.757895,125.5,0
Central Hub 8,001e06430224,IPS7100,BME280,GPSGPGGA2,32.992199,-96.757895,125.5,1
Central Hub 9,001e0637372e,IPS7100,BME280,GPSGPGGA2,32.6798,-96.7526,136.8,1
Central Hub 9,a84041ffff206240,IPS7100,BME280,GPSGPGGA2,32.6798,-96.7526,136.8,1
Central Hub 9,00e04c680190,IPS7100,BME280,GPSGPGGA2,32.6798,-96.7526,136.8,0
Central Hub 9,001e064300d0,IPS7100,BME280,GPSGPGGA2,32.6798,-96.7526,136.8,1
Central Hub 10,001e06318c9d,IPS7100,BME280,GPSGPGGA2,33.0101,-96.6437,180,1
Central Hub 10,a84041ffff205774,IPS7100,BME280,GPSGPGGA2,33.0101,-96.6437,180,1
Central Hub 10,48b02d3d4f3d,IPS7100,BME280,GPSGPGGA2,33.0101,-96.6437,180,0
Central Hub 10,001e0643022a,IPS7100,BME280,GPSGPGGA2,33.0101,-96.6437,180,1
UTD Node 1,001e06323a12,IPS7100,BME280,GPSGPGGA2,32.986,-96.6346,167.4762,1
UTD Node 2,001e06318cd1,IPS7100,BME280,GPSGPGGA2,32.992199,-96.757895,200,0
UTD Node 3,001e06305a61,IPS7100,BME280,GPSGPGGA2,32.992199,-96.757895,200,1
UTD Node 4,001e06323a05,IPS7100,BME280,GPSGPGGA2,30.1861,-97.8737,250.9437,1
UTD Node 5,001e06305a57,IPS7100,BME280,GPSGPGGA2,30.7502,-97.6821,250.65,1
UTD Node 6,001e063059c2,IPS7100,BME280,GPSGPGGA2,32.992199,-96.757895,200,1
UTD Node 7,001e06318c28,IPS7100,BME280,GPSGPGGA2,32.992199,-96.757895,200,1
UTD Node 8,001e06305a6b,IPS7100,BME280,GPSGPGGA2,32.992199,-96.757895,200,1
UTD Node 9,001e063239e3,IPS7100,BME280,GPSGPGGA2,30.7381,-97.7193,257.7828,1
UTD Node 10,001e06305a6c,IPS7100,BME280,GPSGPGGA2,32.9303,-96.8466,182.8549,1
UTD Node 11,001e063239e6,IPS7100,BME280,GPSGPGGA2,32.9921,-96.7578,225.2193,1
UTD Node 12,001e06305a0a,IPS7100,BME280,GPSGPGGA2,32.992199,-96.757895,222.6915,1
UTD Node 13,001e06318cee,IPS7100,BME280,GPSGPGGA2,32.5132,-96.9412,229.5141,1
UTD Node 14,001e06318cf1,IPS7100,BME280,GPSGPGGA2,32.9921,-96.757895,223.9103,1
UTD Node 15,001e063059c1,IPS7100,BME280,GPSGPGGA2,32.9725,-97.0265,166.7838,1
UTD Node 16,001e063239e4,IPS7100,BME280,GPSGPGGA2,32.992199,-96.757895,200,1
UTD Node 17,001e06323952,IPS7100,BME280,GPSGPGGA2,32.992199,-96.757895,200,0
UTD Node 18,001e06305a2c,IPS7100,BME280,GPSGPGGA2,30.2883,-96.757895,209.3791,1
UTD Node 19,001e06323a06,IPS7100,BME280,GPSGPGGA2,32.992199,-96.757895,224.0553,1
UTD Node 20,001e06305a12,IPS7100,BME280,GPSGPGGA2,32.8147,-96.6595,188.6574,1
UTD Node 21,001e06303b4f,IPS7100,BME280,GPSGPGGA2,32.992199,-96.757895,224.9315,1
UTD Node 22,001e06318c3c,IPS7100,BME280,GPSGPGGA2,32.992199,-96.757895,200,1
LoRa Node 002,475a5fe30021002d,IPS7100,BME280,GPGGALR,32.992199,-96.757895,200,1
LoRa Node 003,472b544e0018003c,IPS7100,BME280,GPGGALR,32.992199,-96.757895,200,1
LoRa Node 004,47db558000400039,IPS7100,BME280,GPGGALR,32.992199,-96.757895,200,1
LoRa Node 005,472b544e001b003c,IPS7100,BME280,GPGGALR,32.992199,-96.757895,200,1
LoRa Node 006,475a5fe30024001c,IPS7100,BME280,GPGGALR,32.992199,-96.757895,200,1
LoRa Node 007,47db558000410047,IPS7100,BME280,GPGGALR,32.992199,-96.757895,200,1
LoRa Node 008,475a5fe300340018,IPS7100,BME280,GPGGALR,32.992199,-96.757895,200,1
LoRa Node 009,47eb5580003c001a,IPS7100,BME280,GPGGALR,32.992199,-96.757895,200,1
LoRa Node 010,475a5fe3003e0023,IPS7100,BME280,GPGGALR,32.992199,-96.757895,200,1
LoRa Node 011,472b544e00230033,IPS7100,BME280,GPGGALR,32.989,-96.7504,226.8777,1
LoRa Node 012,472b544e00240036,IPS7100,BME280,GPGGALR,33.4573,-96.7386,231.623,1
LoRa Node 013,475a5fe3003b001b,IPS7100,BME280,GPGGALR,32.992199,-96.757895,200,1
LoRa Node 014,47cb5580003a001c,IPS7100,BME280,GPGGALR,32.9923,-96.757895,200,1
LoRa Node 015,475a5fe300440023,IPS7100,BME280,GPGGALR,33.4731,-96.8554,207.8333,1
LoRa Node 016,47db558000240039,IPS7100,BME280,GPGGALR,32.992199,-96.757895,200,1
LoRa Node 017,475a5fe3003c0023,IPS7100,BME280,GPGGALR,32.992199,-96.757895,200,1
LoRa Node 018,472b544e0024002b,IPS7100,BME280,GPGGALR,33.4574,-96.7391,246.94,1
LoRa Node 019,47db558000330044,IPS7100,BME280,GPGGALR,32.9923,-96.7577,200,1
LoRa Node 020,47db5580001e0039,IPS7100,BME280,GPGGALR,32.992199,-96.7574,229.4405,1
LoRa Node 021,8cf95720000589b5,IPS7100,BME280,GPGGALR,32.992199,-96.757895,200,1
LoRa Node 022,472b544e002d004b,IPS7100,BME280,GPGGALR,33.4744,-96.7802,218.1846,1
LoRa Node 023,475a5fe30033001a,IPS7100,BME280,GPGGALR,32.9924,-96.7578,229.275,1
LoRa Node 024,476a5fe30022002b,IPS7100,BME280,GPGGALR,32.992199,-96.757895,200,1
LoRa Node 025,475a5fe300480023,IPS7100,BME280,GPGGALR,32.9923,-96.7578,233.0105,1
LoRa Node 026,472b544e00250042,IPS7100,BME280,GPGGALR,32.9923,-96.7576,230.02574,1
LoRa Node 027,8cf9572000059fd3,IPS7100,BME280,GPGGALR,32.992199,-96.757895,200,1
LoRa Node 028,47eb5580002f0019,IPS7100,BME280,GPGGALR,32.6778,-96.7517,156.6857,1
LoRa Node 029,475a5fe30035001b,IPS7100,BME280,GPGGALR,32.9923,-96.7575,227.8677,1
LoRa Node 030,47db5580002f0042,IPS7100,BME280,GPGGALR,33.4571,-96.7449,213.0083,1
LoRa Node 031,477b41f200470032,IPS7100,BME280,GPGGALR,32.992199,-96.757895,200,1
LoRa Node 032,475a5fe3002e001f,IPS7100,BME280,GPGGALR,32.992199,-96.757895,200,1
LoRa Node 033,47db5fe300200033,IPS7100,BME280,GPGGALR,32.992199,-96.757895,200,1
LoRa Node 034,472b544e0024004b,IPS7100,BME280,GPGGALR,32.992199,-96.7573,230.1986,1
LoRa Node 035,472b544e00270032,IPS7100,BME280,GPGGALR,32.992199,-96.757895,200,1
LoRa Node 036,47db5580002b0039,IPS7100,BME280,GPGGALR,32.9929,-96.7566,225.1524,1
LoRa Node 037,471b41f200340049,IPS7100,BME280,GPGGALR,32.9923,-96.7578,229.1399,1
LoRa Node 038,475a5fe300400022,IPS7100,BME280,GPGGALR,32.992199,-96.757895,200,1
LoRa Node 039,478b5fe30040004b,IPS7100,BME280,GPGGALR,33.4456,-96.745,227.1,1
LoRa Node 040,477b41f2004c0035,IPS7100,BME280,GPGGALR,32.9924,-96.7577,226.1,1
LoRa Node 041,477b41f20048001f,IPS7100,BME280,GPGGALR,32.9923,-96.7578,229.32,1
LoRa Node 042,478b5fe3002c0019,IPS7100,BME280,GPGGALR,32.992199,-96.757895,200,1
LoRa Node 043,47db558000420035,IPS7100,BME280,GPGGALR,33.4524,-96.7006,240.4,1
LoRa Node 044,475a5fe3002f001b,IPS7100,BME280,GPGGALR,32.9913,-96.7555,230.8692,1
LoRa Node 045,475a5fe30035001a,IPS7100,BME280,GPGGALR,32.992199,-96.7573,227.7792,1
LoRa Node 046,477b41f20049002f,IPS7100,BME280,GPGGALR,32.9924,-96.7578,222.7012,1
LoRa Node 047,47bb5580002d0049,IPS7100,BME280,GPGGALR,32.992199,-96.757895,200,1
LoRa Node 048,47fb558000450044,IPS7100,BME280,GPGGALR,33.4313,-96.7125,253.4484,1
LoRa Node 049,47fb5fe30039004a,IPS7100,BME280,GPGGALR,32.992199,-96.757895,232.2244,1
LoRa Node 050,475a5fe3002a001a,IPS7100,BME280,GPGGALR,33.4538,-96.7313,265.6833,1
LoRa Node 051,47db558000390039,IPS7100,BME280,GPGGALR,32.99239,-96.7577,229.2582,1
LoRa Node 052,475a5fe300200021,IPS7100,BME280,GPGGALR,32.9924,-96.757895,227.6866,1
LoRa Node 053,47cb55800041001c,IPS7100,BME280,GPGGALR,32.716,-96.7504,138.16,1
LoRa Node 054,472b544e0028002b,IPS7100,BME280,GPGGALR,32.7104,-96.7472,128.5,1
LoRa Node 055,471b41f20034004a,IPS7100,BME280,GPGGALR,32.992199,-96.757895,200,1
LoRa Node 056,47db558000340048,IPS7100,BME280,GPGGALR,33.4367,-96.7847,233.73333,1
LoRa Node 057,475a5fe30031001f,IPS7100,BME280,GPGGALR,32.992199,-96.757895,200,1
LoRa Node 058,475a5fe300320019,IPS7100,BME280,GPGGALR,33.4741,-96.7861,218.5105,1
LoRa Node 059,479b5580001a0031,IPS7100,BME280,GPGGALR,32.717,-96.7493,131.1404,1
LoRa Node 060,47db558000350047,IPS7100,BME280,GPGGALR,32.992199,-96.757895,200,1
LoRa Node 061,479b558000320033,IPS7100,BME280,GPGGALR,32.9924,-96.757895,236.9833,1
LoRa Node 062,476a5fe300330021,IPS7100,BME280,GPGGALR,32.6693,-96.7461,153.9571,1
LoRa Node 063,476a5fe3003f0021,IPS7100,BME280,GPGGALR,32.99238,-96.7578,229.2871,1
LoRa Node 064,47bb5580001f0020,IPS7100,BME280,GPGGALR,32.99239,-96.7578,226.3633,1
LoRa Node 065,476a5fe300420032,IPS7100,BME280,GPGGALR,32.992199,-96.757895,200,1
LoRa Node 066,475a5fe30038001a,IPS7100,BME280,GPGGALR,32.992199,-96.757895,200,1
LoRa Node 067,475b41f20037001e,IPS7100,BME280,GPGGALR,32.992199,-96.757895,200,1
LoRa Node 068,475a5fe3003b0022,IPS7100,BME280,GPGGALR,32.6807,-96.7648,160.2,1
LoRa Node 069,47cb558000220031,IPS7100,BME280,GPGGALR,32.68,-96.7584,154.7,1
LoRa Node 070,476a5fe300410020,IPS7100,BME280,GPGGALR,32.6725,-96.7595,168.3,1
LoRa Node 071,8cf9572000059fd7,IPS7100,BME280,GPGGALR,32.6739,-96.7552,153.01764,1
LoRa Node 072,8cf9572000058543,IPS7100,BME280,GPGGALR,32.992199,-96.757895,200,1
LoRa Node 073,475a5fe300300019,IPS7100,BME280,GPGGALR,32.9923,-96.7578,227.7309,1
LoRa Node 074,472b544e00450034,IPS7100,BME280,GPGGALR,32.6685,-96.7456,151.95,1
LoRa Node 075,478b558000330027,IPS7100,BME280,GPGGALR,32.992199,-96.757895,200,1
LoRa Node 076,479b558000380033,IPS7100,BME280,GPGGALR,32.9924,-96.7578,225.995,1
LoRa Node 077,470a55800048003e,IPS7100,BME280,GPGGALR,32.7141,-96.7465,134.816,1
LoRa Node 078,475a5fe3002e0018,IPS7100,BME280,GPGGALR,32.9923,-96.757895,229.9928,1
LoRa Node 079,47bb558000280041,IPS7100,BME280,GPGGALR,32.68,-96.7523,147.3694,1
LoRa Node 080,8cf957200005854f,IPS7100,BME280,GPGGALR,32.9924,-96.757895,216.2712,1
LoRa Node 081,475a5fe3002d001f,IPS7100,BME280,GPGGALR,32.9924,-96.757895,200,1
LoRa Node 082,8cf957200005a011,IPS7100,BME280,GPGGALR,32.992199,-96.757895,200,1
LoRa Node 083,8cf95720000589cc,IPS7100,BME280,GPGGALR,32.9924,-96.757895,222.5344,1
LoRa Node 084,8cf9572000058551,IPS7100,BME280,GPGGALR,32.9924,-96.757895,222.962,1
LoRa Node 085,8cf957200005a003,IPS7100,BME280,GPGGALR,32.7168,-96.7427,126.4333,1
LoRa Node 086,8cf9572000059e85,IPS7100,BME280,GPGGALR,32.9924,-96.757895,225.4393,1
LoRa Node 087,8cf9572000059fb4,IPS7100,BME280,GPGGALR,32.992199,-96.757895,200,1
LoRa Node 088,47db558000370043,IPS7100,BME280,GPGGALR,32.68,-96.757895,138.8,1
LoRa Node 089,47bb5580002c0042,IPS7100,BME280,GPGGALR,32.68,-96.7523,138.0252,1
LoRa Node 090,472b544e00270044,IPS7100,BME280,GPGGALR,32.9924,-96.757895,227.089,1
LoRa Node 091,8cf957200005a0d5,IPS7100,BME280,GPGGALR,32.9924,-96.757895,224.5532,1
LoRa Node 092,479b558000230033,IPS7100,BME280,GPGGALR,32.992199,-96.757895,200,1
LoRa Node 093,8cf9572000059ee7,IPS7100,BME280,GPGGALR,32.9924,-96.757895,227.4844,1
LoRa Node 094,472b544e001a0037,IPS7100,BME280,GPGGALR,32.9924,-96.757895,227.8926,1
LoRa Node 095,475a5fe300270019,IPS7100,BME280,GPGGALR,32.992199,-96.757895,200,1
LoRa Node 096,47bb5580002e0020,IPS7100,BME280,GPGGALR,32.992199,-96.757895,200,1
LoRa Node 097,477b41f20047002e,IPS7100,BME280,GPGGALR,32.9924,-96.757895,230.921,1
LoRa Node 098,475a5fe3002a0019,IPS7100,BME280,GPGGALR,32.9924,-96.757895,227.9345,1
LoRa Node 099,475a5fe3002e0023,IPS7100,BME280,GPGGALR,32.6785,-96.7559,169.632,1
LoRa Node 100,475a5fe30028001f,IPS7100,BME280,GPGGALR,32.992199,-96.757895,200,1
LoRa Node 101,8cf9572000059e7e,IPS7100,BME280,GPGGALR,32.9924,-96.757895,227.1365,1
LoRa Node 102,471a55800038004e,IPS7100,BME280,GPGGALR,32.9924,-96.757895,234.1746,1
LoRa Node 103,475a5fe3002c0020,IPS7100,BME280,GPGGALR,32.9924,-96.757895,233.0857,1
LoRa Node 104,475a5fe3002e0036,IPS7100,BME280,GPGGALR,32.992199,-96.757895,200,1
LoRa Node 105,8cf9572000059fcd,IPS7100,BME280,GPGGALR,32.9924,-96.757895,220.0932,1
LoRa Node 106,477b41f2004c002a,IPS7100,BME280,GPGGALR,32.992199,-96.757895,200,1
LoRa Node 107,477b41f200290024,IPS7100,BME280,GPGGALR,32.9924,-96.757895,224.5018,1
LoRa Node 108,475a5fe30039002a,IPS7100,BME280,GPGGALR,32.992199,-96.757895,200,1
LoRa Node 109,8cf95720000681e8,IPS7100,BME280,GPGGALR,32.9924,-96.757895,229.6925,1
LoRa Node 110,8cf9572000065e5e,IPS7100,BME280,GPGGALR,32.992199,-96.757895,200,1
LoRa Node 111,8cf9572000064eb2,IPS7100,BME280,GPGGALR,32.9924,-96.757895,222.3,1
LoRa Node 112,8cf9572000064c34,IPS7100,BME280,GPGGALR,32.9924,-96.757895,224.2,1
LoRa Node 113,8cf95720000681e0,IPS7100,BME280,GPGGALR,32.9924,-96.757895,223.22,1
LoRa Node 114,8cf9572000065e87,IPS7100,BME280,GPGGALR,32.9924,-96.757895,221.8811,1
LoRa Node 115,8cf9572000065f92,IPS7100,BME280,GPGGALR,32.9889,-96.7507,214,1
LoRa Node 116,8cf957200006462d,IPS7100,BME280,GPGGALR,32.992199,-96.757895,200,1
LoRa Node 117,8cf9572000065e93,IPS7100,BME280,GPGGALR,32.9924,-96.757895,228.5409,1
LoRa Node 118,8cf9572000067228,IPS7100,BME280,GPGGALR,32.992199,-96.757895,200,1
LoRa Node 119,472b544e00250037,IPS7100,BME280,GPGGALR,32.992199,-96.757895,200,1
LoRa Node 120,8cf9572000059b27,IPS7100,BME280,GPGGALR,32.992199,-96.757895,200,1
LoRa Node 121,8cf9572000059e9a,IPS7100,BME280,GPGGALR,32.992199,-96.757895,200,1
LoRa Node 122,8cf9572000065f9b,IPS7100,BME280,GPGGALR,32.992199,-96.757895,200,1
LoRa Node 123,8cf95720000671cd,IPS7100,BME280,GPGGALR,32.992199,-96.757895,200,1
LoRa Node 124,8cf957200006720f,IPS7100,BME280,GPGGALR,32.992199,-96.757895,200,1
LoRa Node 125,8cf9572000065f7d,IPS7100,BME280,GPGGALR,32.992199,-96.757895,200,1
LoRa Node 126,8cf9572000064c08,IPS7100,BME280,GPGGALR,32.992199,-96.757895,200,1
LoRa Node 127,8cf9572000065e8f,IPS7100,BME280,GPGGALR,32.992199,-96.757895,200,1
LoRa Node 128,8cf95720000681db,IPS7100,BME280,GPGGALR,32.992199,-96.757895,200,1
LoRa Node 200,8cf9572000059e81,IPS7100,BME280,GPGGALR,32.992199,-96.757895,200,1
PoLo Node 01,2cf7f12032305202,IPS7100CNR,BME688CNR,GPGGAPL,32.992199,-96.757895,200,1
PoLo Node 01,001e0648dc05,IPS7100CNR,BME688CNR,GPGGAPL,32.992199,-96.757895,200,0
PoLo Node 02,2cf7f1203230535d,IPS7100CNR,BME688CNR,GPGGAPL,32.992199,-96.757895,200,1
PoLo Node 02,001e06486d80,IPS7100CNR,BME688CNR,GPGGAPL,32.992199,-96.757895,200,0
PoLo Node 03,2cf7f12032304ba6,IPS7100CNR,BME688CNR,GPGGAPL,32.9857,-96.7458,220.8,1
PoLo Node 03,001e064a16ec,IPS7100CNR,BME688CNR,GPGGAPL,32.9857,-96.7458,220.8,0
PoLo Node 04,2cf7f12032303543,IPS7100CNR,BME688CNR,GPGGAPL,32.992199,-96.757895,200,1
PoLo Node 04,001e0648f331,IPS7100CNR,BME688CNR,GPGGAPL,32.992199,-96.757895,200,0
PoLo Node 05,2cf7f12032304b53,IPS7100CNR,BME688CNR,GPGGAPL,32.992199,-96.757895,200,1
PoLo Node 05,001e0648f353,IPS7100CNR,BME688CNR,GPGGAPL,32.992199,-96.757895,200,0
PoLo Node 06,2cf7f12032304aec,IPS7100CNR,BME688CNR,GPGGAPL,32.992199,-96.757895,200,1
PoLo Node 06,001e0648f352,IPS7100CNR,BME688CNR,GPGGAPL,32.992199,-96.757895,200,0
PoLo Node 07,2cf7f12032304bd8,IPS7100CNR,BME688CNR,GPGGAPL,32.992199,-96.757895,200,1
PoLo Node 07,001e0648f31b,IPS7100CNR,BME688CNR,GPGGAPL,32.992199,-96.757895,200,0
PoLo Node 08,2cf7f12032303bc6,IPS7100CNR,BME688CNR,GPGGAPL,32.992199,-96.757895,200,1
PoLo Node 08,001e064a151b,IPS7100CNR,BME688CNR,GPGGAPL,32.992199,-96.757895,200,0
PoLo Node 09,2cf7f12032303e79,IPS7100CNR,BME688CNR,GPGGAPL,32.992199,-96.757895,200,1
PoLo Node 09,001e064a16eb,IPS7100CNR,BME688CNR,GPGGAPL,32.992199,-96.757895,200,0
PoLo Node 10,2cf7f12032303b33,IPS7100CNR,BME688CNR,GPGGAPL,32.992199,-96.757895,200,1
PoLo Node 10,001e064a16f0,IPS7100CNR,BME688CNR,GPGGAPL,32.992199,-96.757895,200,0
PoLo Node 11,2cf7f12032304cc3,IPS7100CNR,BME688CNR,GPGGAPL,32.992199,-96.757895,200,1
PoLo Node 11,001e0648d0f9,IPS7100CNR,BME688CNR,GPGGAPL,32.992199,-96.757895,200,0
PoLo Node 12,2cf7f120323035df,IPS7100CNR,BME688CNR,GPGGAPL,32.992199,-96.757895,200,1
PoLo Node 12,001e0648f307,IPS7100CNR,BME688CNR,GPGGAPL,32.992199,-96.757895,200,0
PoLo Node 13,2cf7f12032304b8c,IPS7100CNR,BME688CNR,GPGGAPL,32.992199,-96.757895,200,1
PoLo Node 13,001e0648c9f3,IPS7100CNR,BME688CNR,GPGGAPL,32.992199,-96.757895,200,0
PoLo Node 14,2cf7f12032303bf7,IPS7100CNR,BME688CNR,GPGGAPL,32.992199,-96.757895,200,1
PoLo Node 14,001e064a151f,IPS7100CNR,BME688CNR,GPGGAPL,32.992199,-96.757895,200,0
PoLo Node 15,2cf7f12032303b16,IPS7100CNR,BME688CNR,GPGGAPL,32.992199,-96.757895,200,1
PoLo Node 15,001e064a16ea,IPS7100CNR,BME688CNR,GPGGAPL,32.992199,-96.757895,200,0
PoLo Node 16,2cf7f120323034d8,IPS7100CNR,BME688CNR,GPGGAPL,32.9921,-96.757895,227.9265,1
PoLo Node 16,001e064a16d9,IPS7100CNR,BME688CNR,GPGGAPL,32.9921,-96.757895,227.9265,0
PoLo Node 17,2cf7f12032304ce7,IPS7100CNR,BME688CNR,GPGGAPL,32.985,-96.7505,218.141,1
PoLo Node 17,001e064a16f3,IPS7100CNR,BME688CNR,GPGGAPL,32.985,-96.7505,218.141,0
PoLo Node 18,2cf7f12032304a10,IPS7100CNR,BME688CNR,GPGGAPL,32.9849,-96.7462,231.1999,1
PoLo Node 18,001e0648efef,IPS7100CNR,BME688CNR,GPGGAPL,32.9849,-96.7462,231.1999,0
PoLo Node 19,2cf7f12032303ad1,IPS7100CNR,BME688CNR,GPGGAPL,32.9816,-96.757895,210.9189,1
PoLo Node 19,001e064a16dc,IPS7100CNR,BME688CNR,GPGGAPL,32.9816,-96.757895,210.9189,0
PoLo Node 20,2cf7f120323075e4,IPS7100CNR,BME688CNR,GPGGAPL,32.9785,-96.7474,203.22,1
PoLo Node 20,001e064a1523,IPS7100CNR,BME688CNR,GPGGAPL,32.9785,-96.7474,203.22,0
PoLo Node 21,2cf7f12032303bdd,IPS7100CNR,BME688CNR,GPGGAPL,32.9869,-96.7502,225.532,1
PoLo Node 21,001e064a147e,IPS7100CNR,BME688CNR,GPGGAPL,32.9869,-96.7502,225.532,0
PoLo Node 22,2cf7f12032304a0d,IPS7100CNR,BME688CNR,GPGGAPL,32.9917,-96.7558,218.9118,1
PoLo Node 22,001e0648d1c6,IPS7100CNR,BME688CNR,GPGGAPL,32.9917,-96.7558,218.9118,0
PoLo Node 23,2cf7f12032304e7d,IPS7100CNR,BME688CNR,GPGGAPL,32.9885,-96.749,227.911,1
PoLo Node 23,001e064a16db,IPS7100CNR,BME688CNR,GPGGAPL,32.9885,-96.749,227.911,0
PoLo Node 24,2cf7f12032303476,IPS7100CNR,BME688CNR,GPGGAPL,32.9858,-96.7525,224.5369,1
PoLo Node 24,001e0648f354,IPS7100CNR,BME688CNR,GPGGAPL,32.992182,-96.757831,224.5369,0
PoLo Node 25,2cf7f120323020b9,IPS7100CNR,BME688CNR,GPGGAPL,32.992182,-96.757831,224.5369,1
PoLo Node 25,001e0648f325,IPS7100CNR,BME688CNR,GPGGAPL,32.9858,-96.7525,224.5369,0
SoLo Node 01,2cf7f12032303bdb,IPS7100,BME280,GPGGALR,32.992199,-96.757895,200,1
SoLo Node 01,001e064a16ed,IPS7100,BME280,GPGGALR,32.992199,-96.757895,200,0
SoLo Node 02,2cf7f12032304c8d,IPS7100,BME280,GPGGALR,32.992199,-96.757895,200,1
SoLo Node 02,001e064a151c,IPS7100,BME280,GPGGALR,32.992199,-96.757895,200,0
SoLo Node 03,2cf7f12032303ccc,IPS7100,BME280,GPGGALR,32.992199,-96.757895,200,1
SoLo Node 03,001e0648f292,IPS7100,BME280,GPGGALR,32.992199,-96.757895,200,0
SoLo Node 04,2cf7f12032304b02,IPS7100,BME280,GPGGALR,32.992199,-96.757895,200,1
SoLo Node 04,001e064a16d7,IPS7100,BME280,GPGGALR,32.992199,-96.757895,200,0
SoLo Node 05,2cf7f12032303da2,IPS7100,BME280,GPGGALR,32.992199,-96.757895,200,1
SoLo Node 05,001e064a16df,IPS7100,BME280,GPGGALR,32.992199,-96.757895,200,0
SoLo Node 06,2cf7f12032306400,IPS7100,BME280,GPGGALR,32.992199,-96.757895,200,1
SoLo Node 06,001e064a16da,IPS7100,BME280,GPGGALR,32.992199,-96.757895,200,0
SoLo Node 07,2cf7f120323039e1,IPS7100,BME280,GPGGALR,32.992199,-96.757895,200,1
SoLo Node 07,001e064a16ee,IPS7100,BME280,GPGGALR,32.992199,-96.757895,200,0
WSTC Test Node 01,001e0610c0e4,IPS7100,BME688CNR,GPGGA,32.992199,-96.757895,200,1
Active Pure Node,001e064300c5,IPS7100,BME280,GPGGALR,32.992199,-96.757895,200,1
Mints Wearable Node 02,001e064a151d,IPS7100,BME280,GPSGPGGA2,32.992199,-96.757895,200,1
Mints Wearable Station 01,001e064300d6,IPS7100,BME280,GPSGPGGA2,32.992199,-96.757895,200,1
Mints Wearable Node V5 01,e45f018020e9,IPS7100,BME280,GPSGPGGA2,32.992199,-96.757895,200,1
Mints Wearable Node V5 02,e45f018020cb,IPS7100,BME280,GPSGPGGA2,32.992199,-96.757895,200,1
Mints Wearable Node V5 03,e45f018020c7,IPS7100,BME280,GPSGPGGA2,32.992199,-96.757895,200,1
Mints Wearable Node V5 04,e45f017b9a66,IPS7100,BME280,GPSGPGGA2,32.992199,-96.757895,200,1
Mints Wearable Node V5 05,e45f01802105,IPS7100,BME280,GPSGPGGA2,32.992199,-96.757895,200,1
Mints Wearable Node V5 06,e45f017b9205,IPS7100,BME280,GPSGPGGA2,32.992199,-96.757895,200,1
Mints Wearable Node V5 07,e45f014e9af1,IPS7100,BME280,GPSGPGGA2,32.992199,-96.757895,200,1
Mints Wearable Node V5 08,e45f0149bde4,IPS7100,BME280,GPSGPGGA2,32.992199,-96.757895,200,1
Mints Wearable Node V5 09,d83add3fa727,IPS7100,BME280,GPSGPGGA2,32.992199,-96.757895,200,1
Mints Wearable Node V5 10,d83add3f5ee7,IPS7100,BME280,GPSGPGGA2,32.992199,-96.757895,200,1
Mints Wearable Node V5 11,e45f015559ff,IPS7100,BME280,GPSGPGGA2,32.992199,-96.757895,200,1
Mints Wearable Node V5 12,e45f01583a58,IPS7100,BME280,GPSGPGGA2,32.992199,-96.757895,200,1
Mints Wearable Node V5 13,e45f01585573,IPS7100,BME280,GPSGPGGA2,32.992199,-96.757895,200,1
Mints Wearable Node V5 14,e45f015a5de0,IPS7100,BME280,GPSGPGGA2,32.992199,-96.757895,200,1
vaLo Node 01,2cf7f1203230480a,IPS7100,BME280V2,GPSGPGGA2,32.992199,-96.757895,200,1
vaLo Node 01,001e064a1520,IPS7100,BME280V2,GPSGPGGA2,32.992199,-96.757895,200,1
vaLo Node 02,2cf7f12032302d45,IPS7100,BME280V2,GPSGPGGA2,32.986,-96.6345,175.383,1
vaLo Node 02,001e064a87a6,IPS7100,BME280V2,GPSGPGGA2,32.986,-96.6345,175.383,1
vaLo Node 03,2cf7f1203230216e,IPS7100,BME280V2,GPGGAPL,32.992199,-96.757895,200,1
vaLo Node 03,001e064a870a,IPS7100,BME280V2,GPGGAPL,32.992199,-96.757895,200,1
vaLo Node 04,2cf7f12032301ecb,IPS7100,BME280V2,GPGGAPL,32.847260, -97.108810,200,1
vaLo Node 04,001e064a87be,IPS7100,BME280V2,GPGGAPL,32.847260,-97.108810,200,1
vaLo Node 05,2cf7f1203230291a,IPS7100,BME280V2,GPGGAPL,32.992199,-96.757895,200,1
vaLo Node 05,001e064a8687,IPS7100,BME280V2,GPGGAPL,32.992199,-96.757895,200,1
vaLo Node 06,2cf7f1203230214b,IPS7100,BME280V2,GPGGAPL,32.992199,-96.757895,200,1
vaLo Node 06,001e064a8753,IPS7100,BME280V2,GPGGAPL,32.992199,-96.757895,200,1
vaLo Node 07,2cf7f12032301fda,IPS7100,BME280V2,GPGGAPL,32.992199,-96.757895,200,1
vaLo Node 07,001e064a869e,IPS7100,BME280V2,GPGGAPL,32.992199,-96.757895,200,1
vaLo Node 08,2cf7f12032301e9b,IPS7100,BME280V2,GPGGAPL,32.992199,-96.757895,200,1
vaLo Node 08,001e064a869c,IPS7100,BME280V2,GPGGAPL,32.992199,-96.757895,200,1
vaLo Node 09,2cf7f12032302e92,IPS7100,BME280V2,GPGGAPL,32.992199,-96.757895,200,1
vaLo Node 09,001e064a87c9,IPS7100,BME280V2,GPGGAPL,32.992199,-96.757895,200,1
vaLo Node 10,2cf7f12032302dd6,IPS7100,BME280V2,GPGGAPL,32.992199,-96.757895,200,1
vaLo Node 10,001e064a86ac,IPS7100,BME280V2,GPGGAPL,32.992199,-96.757895,200,1
vaLo Node 11,2cf7f1203230201d,IPS7100,BME280V2,GPGGAPL,32.992199,-96.757895,200,1
vaLo Node 11,001e064a86c7,IPS7100,BME280V2,GPGGAPL,32.992199,-96.757895,200,1
Salor Node 01,a8610a3234408703,IPS7100,BME280V2,PA1010D,32.992199,-96.757895,200,1
Salor Node 02,a8610a3230386e05,IPS7100,BME280V2,PA1010D,32.992199,-96.757895,200,1
Salor Node 03,a8610a34323b6413,IPS7100,BME280V2,PA1010D,32.992199,-96.757895,200,1
Salor Node 04,a8610a32302d6715,IPS7100,BME280V2,PA1010D,32.992199,-96.757895,200,1
Salor Node 05,a8610a3233458b03,IPS7100,BME280V2,PA1010D,32.992199,-96.757895,200,1
Salor Node 06,a8610a32333f7508,IPS7100,BME280V2,PA1010D,32.992199,-96.757895,200,1
Salor Node 07,a8610a343232730e,IPS7100,BME280V2,PA1010D,32.992199,-96.757895,200,1
Salor Node 08,a8610a3233368503,IPS7100,BME280V2,PA1010D,32.992199,-96.757895,200,1
Salor Node 09,a8610a3432385d10,IPS7100,BME280V2,PA1010D,32.992199,-96.757895,200,1
Salor Node 10,a8610a3432428d11,IPS7100,BME280V2,PA1010D,32.992199,-96.757895,200,1
Salor Node 11,a8610a343246750e,IPS7100,BME280V2,PA1010D,32.992199,-96.757895,200,1
Salor Node 12,a8610a3234208d16,IPS7100,BME280V2,PA1010D,32.992199,-96.757895,200,1
Salor Node 13,a8610a32302f8404,IPS7100,BME280V2,PA1010D,32.992199,-96.757895,200,1
Salor Node 14,a8610a3233349303,IPS7100,BME280V2,PA1010D,32.992199,-96.757895,200,1
Salor Node 15,a8610a34322a8711,IPS7100,BME280V2,PA1010D,32.992199,-96.757895,200,1
Salor Node 16,a8610a34321e6d13,IPS7100,BME280V2,PA1010D,32.992199,-96.757895,200,1
Salor Node 17,a8610a3234296817,IPS7100,BME280V2,PA1010D,32.992199,-96.757895,200,1
Salor Node 18,a8610a3233336204,IPS7100,BME280V2,PA1010D,32.992199,-96.757895,200,1
Salor Node 19,a8610a3432256513,IPS7100,BME280V2,PA1010D,32.992199,-96.757895,200,1
Salor Node 20,a8610a3230368504,IPS7100,BME280V2,PA1010D,32.992199,-96.757895,200,1
Salor Node 21,a8610a3230408504,IPS7100,BME280V2,PA1010D,32.992199,-96.757895,200,1
Salor Node 22,a8610a3233417008,IPS7100,BME280V2,PA1010D,32.992199,-96.757895,200,1
Salor Node 23,a8610a32342c6317,IPS7100,BME280V2,PA1010D,32.992199,-96.757895,200,1
Salor Node 24,a8610a32303f8004,IPS7100,BME280V2,PA1010D,32.992199,-96.757895,200,1
Salor Node 25,a8610a3230247804,IPS7100,BME280V2,PA1010D,32.992199,-96.757895,200,1
Salor Node 26,a8610a3234458a16,IPS7100,BME280V2,PA1010D,32.992199,-96.757895,200,1
Salor Node 27,a8610a3230308304,IPS7100,BME280V2,PA1010D,32.992199,-96.757895,200,1
Salor Node 28,a8610a32304b8504,IPS7100,BME280V2,PA1010D,32.992199,-96.757895,200,1
Salor Node 29,a8610a3234458c16,IPS7100,BME280V2,PA1010D,32.992199,-96.757895,200,1
Salor Node 30,a8610a3234298916,IPS7100,BME280V2,PA1010D,32.992199,-96.757895,200,1
Salor Node 31,a8610a32342f6217,IPS7100,BME280V2,PA1010D,32.992199,-96.757895,200,1
