dateTime,luminosity,ir,full,visible,lux
2022-03-25 19:09:26.816019,4294967295,65535,65535,0,0.000000
2022-03-25 19:09:36.831380,4294967295,65535,65535,0,0.000000
2022-03-25 19:09:46.832255,4294967295,65535,65535,0,0.000000
2022-03-25 19:09:56.832719,4294967295,65535,65535,0,0.000000
2022-03-25 19:10:06.848718,4294967295,65535,65535,0,0.000000
2022-03-25 19:10:16.849490,4294967295,65535,65535,0,0.000000
2022-03-25 19:10:26.864779,4294967295,65535,65535,0,0.000000
2022-03-25 19:10:36.865766,4294967295,65535,65535,0,0.000000
2022-03-25 19:10:46.866194,4294967295,65535,65535,0,0.000000
2022-03-25 19:10:56.881748,4294967295,65535,65535,0,0.000000
2022-03-25 19:11:06.882600,4294967295,65535,65535,0,0.000000
2022-03-25 19:11:16.897918,4294967295,65535,65535,0,0.000000
2022-03-25 19:11:26.898699,4294967295,65535,65535,0,0.000000
2022-03-25 19:11:36.914874,4294967295,65535,65535,0,0.000000
2022-03-25 19:11:46.915681,4294967295,65535,65535,0,0.000000
2022-03-25 19:11:56.931227,4294967295,65535,65535,0,0.000000
2022-03-25 19:12:06.931850,4294967295,65535,65535,0,0.000000
2022-03-25 19:12:16.932102,4294967295,65535,65535,0,0.000000
2022-03-25 19:12:26.932720,4294967295,65535,65535,0,0.000000
2022-03-25 19:12:36.948455,4294967295,65535,65535,0,0.000000
2022-03-25 19:12:46.949221,4294967295,65535,65535,0,0.000000
2022-03-25 19:12:56.964996,4294967295,65535,65535,0,0.000000
2022-03-25 19:13:06.965549,4294967295,65535,65535,0,0.000000
2022-03-25 19:13:16.965948,4294967295,65535,65535,0,0.000000
2022-03-25 19:13:26.966750,4294967295,65535,65535,0,0.000000
2022-03-25 19:13:36.982302,4294967295,65535,65535,0,0.000000
2022-03-25 19:13:46.998107,4294967295,65535,65535,0,0.000000
2022-03-25 19:13:56.998848,4294967295,65535,65535,0,0.000000
2022-03-25 19:14:06.999581,4294967295,65535,65535,0,0.000000
2022-03-25 19:14:17.015031,4294967295,65535,65535,0,0.000000
2022-03-25 19:14:27.015553,4294967295,65535,65535,0,0.000000
2022-03-25 19:14:37.016477,4294967295,65535,65535,0,0.000000
2022-03-25 19:14:47.017280,4294967295,65535,65535,0,0.000000
2022-03-25 19:14:57.033020,4294967295,65535,65535,0,0.000000
2022-03-25 19:15:07.033922,4294967295,65535,65535,0,0.000000
2022-03-25 19:15:17.049689,4294967295,65535,65535,0,0.000000
2022-03-25 19:15:27.050357,4294967295,65535,65535,0,0.000000
2022-03-25 19:15:37.050698,4294967295,65535,65535,0,0.000000
2022-03-25 19:15:47.066434,4294967295,65535,65535,0,0.000000
2022-03-25 19:15:57.067178,4294967295,65535,65535,0,0.000000
2022-03-25 19:16:07.067963,4294967295,65535,65535,0,0.000000
2022-03-25 19:16:17.083404,4294967295,65535,65535,0,0.000000
2022-03-25 19:16:27.084117,4294967295,65535,65535,0,0.000000
2022-03-25 19:16:37.099531,4294967295,65535,65535,0,0.000000
2022-03-25 19:16:47.100452,4294967295,65535,65535,0,0.000000
2022-03-25 19:16:57.100565,4294967295,65535,65535,0,0.000000
2022-03-25 19:17:07.101253,4294967295,65535,65535,0,0.000000
2022-03-25 19:17:17.116968,4294967295,65535,65535,0,0.000000
2022-03-25 19:17:27.117755,4294967295,65535,65535,0,0.000000
2022-03-25 19:17:37.133796,4294967295,65535,65535,0,0.000000
2022-03-25 19:17:47.134308,4294967295,65535,65535,0,0.000000
2022-03-25 19:17:57.149898,4294967295,65535,65535,0,0.000000
2022-03-25 19:18:07.151040,4294967295,65535,65535,0,0.000000
2022-03-25 19:18:17.166481,4294967295,65535,65535,0,0.000000
2022-03-25 19:18:27.167217,4294967295,65535,65535,0,0.000000
2022-03-25 19:18:37.168197,4294967295,65535,65535,0,0.000000
2022-03-25 19:18:47.183489,4294967295,65535,65535,0,0.000000
2022-03-25 19:18:57.184365,4294967295,65535,65535,0,0.000000
2022-03-25 19:19:07.185049,4294967295,65535,65535,0,0.000000
2022-03-25 19:19:17.200793,4294967295,65535,65535,0,0.000000
2022-03-25 19:19:27.216435,4294967295,65535,65535,0,0.000000
2022-03-25 19:19:37.217504,4294967295,65535,65535,0,0.000000
2022-03-25 19:19:47.233035,4294967295,65535,65535,0,0.000000
2022-03-25 19:19:57.233448,4294967295,65535,65535,0,0.000000
2022-03-25 19:20:07.249055,4294967295,65535,65535,0,0.000000
2022-03-25 19:20:17.249755,4294967295,65535,65535,0,0.000000
2022-03-25 19:20:27.250338,4294967295,65535,65535,0,0.000000
2022-03-25 19:20:37.265715,4294967295,65535,65535,0,0.000000
2022-03-25 19:20:47.266480,4294967295,65535,65535,0,0.000000
2022-03-25 19:20:57.267147,4294967295,65535,65535,0,0.000000
2022-03-25 19:21:07.269046,4294967295,65535,65535,0,0.000000
2022-03-25 19:21:17.284536,4294967295,65535,65535,0,0.000000
2022-03-25 19:21:45.265224,4294967295,65535,65535,0,0.000000
2022-03-25 19:21:55.266275,4294967295,65535,65535,0,0.000000
2022-03-25 19:22:05.282112,4294967295,65535,65535,0,0.000000
2022-03-25 19:22:15.282850,4294967295,65535,65535,0,0.000000
2022-03-25 19:22:25.283907,4294967295,65535,65535,0,0.000000
2022-03-25 19:22:35.299468,4294967295,65535,65535,0,0.000000
2022-03-25 19:22:45.315579,4294967295,65535,65535,0,0.000000
2022-03-25 19:22:55.316661,4294967295,65535,65535,0,0.000000
2022-03-25 19:23:05.332106,4294967295,65535,65535,0,0.000000
2022-03-25 19:23:15.332774,4294967295,65535,65535,0,0.000000
2022-03-25 19:23:25.333824,4294967295,65535,65535,0,0.000000
2022-03-25 19:23:35.349205,4294967295,65535,65535,0,0.000000
2022-03-25 19:23:45.349440,4294967295,65535,65535,0,0.000000
2022-03-25 19:23:55.350134,4294967295,65535,65535,0,0.000000
2022-03-25 19:24:05.366033,4294967295,65535,65535,0,0.000000
2022-03-25 19:24:15.366487,4294967295,65535,65535,0,0.000000
2022-03-25 19:24:25.367285,4294967295,65535,65535,0,0.000000
2022-03-25 19:24:35.382944,4294967295,65535,65535,0,0.000000
2022-03-25 19:24:45.383635,4294967295,65535,65535,0,0.000000
2022-03-25 19:24:55.399223,4294967295,65535,65535,0,0.000000
2022-03-25 19:25:05.399818,4294967295,65535,65535,0,0.000000
2022-03-25 19:25:15.400560,4294967295,65535,65535,0,0.000000
2022-03-25 19:25:25.416015,4294967295,65535,65535,0,0.000000
2022-03-25 19:25:35.416460,4294967295,65535,65535,0,0.000000
2022-03-25 19:25:45.432410,4294967295,65535,65535,0,0.000000
2022-03-25 19:25:55.432987,4294967295,65535,65535,0,0.000000
2022-03-25 19:26:05.433438,4294967295,65535,65535,0,0.000000
2022-03-25 19:26:15.449239,4294967295,65535,65535,0,0.000000
2022-03-25 19:26:25.449665,4294967295,65535,65535,0,0.000000
2022-03-25 19:26:35.465947,4294967295,65535,65535,0,0.000000
2022-03-25 19:26:45.466501,4294967295,65535,65535,0,0.000000
2022-03-25 19:26:55.467003,4294967295,65535,65535,0,0.000000
2022-03-25 19:27:05.482639,4294967295,65535,65535,0,0.000000
2022-03-25 19:27:15.483452,4294967295,65535,65535,0,0.000000
2022-03-25 19:27:25.484235,4294967295,65535,65535,0,0.000000
2022-03-25 19:27:35.499570,4294967295,65535,65535,0,0.000000
2022-03-25 19:27:45.500415,4294967295,65535,65535,0,0.000000
2022-03-25 19:27:55.515715,4294967295,65535,65535,0,0.000000
2022-03-25 19:28:05.516822,4294967295,65535,65535,0,0.000000
2022-03-25 19:28:15.532215,4294967295,65535,65535,0,0.000000
2022-03-25 19:28:25.533013,4294967295,65535,65535,0,0.000000
2022-03-25 19:28:35.548772,4294967295,65535,65535,0,0.000000
2022-03-25 19:28:45.549548,4294967295,65535,65535,0,0.000000
2022-03-25 19:28:55.565497,4294967295,65535,65535,0,0.000000
2022-03-25 19:29:05.566165,4294967295,65535,65535,0,0.000000
2022-03-25 19:29:15.566895,4294967295,65535,65535,0,0.000000
2022-03-25 19:29:25.582358,4294967295,65535,65535,0,0.000000
2022-03-25 19:29:35.583156,4294967295,65535,65535,0,0.000000
2022-03-25 19:29:45.599030,4294967295,65535,65535,0,0.000000
2022-03-25 19:29:55.615043,4294967295,65535,65535,0,0.000000
2022-03-25 19:30:05.615750,4294967295,65535,65535,0,0.000000
2022-03-25 19:30:15.616373,4294967295,65535,65535,0,0.000000
2022-03-25 19:30:25.631990,4294967295,65535,65535,0,0.000000
2022-03-25 19:30:35.633383,4294967295,65535,65535,0,0.000000
2022-03-25 19:30:45.649159,4294967295,65535,65535,0,0.000000
2022-03-25 19:30:55.649607,4294967295,65535,65535,0,0.000000
2022-03-25 19:31:05.665212,4294967295,65535,65535,0,0.000000
2022-03-25 19:31:15.665983,4294967295,65535,65535,0,0.000000
2022-03-25 19:31:25.681512,4294967295,65535,65535,0,0.000000
2022-03-25 19:31:35.682315,4294967295,65535,65535,0,0.000000
2022-03-25 19:31:45.682987,4294967295,65535,65535,0,0.000000
2022-03-25 19:31:55.698353,4294967295,65535,65535,0,0.000000
2022-03-25 19:32:05.699162,4294967295,65535,65535,0,0.000000
2022-03-25 19:32:15.715083,4294967295,65535,65535,0,0.000000
2022-03-25 19:32:25.715597,4294967295,65535,65535,0,0.000000
2022-03-25 19:32:35.716169,4294967295,65535,65535,0,0.000000
2022-03-25 19:32:45.732081,4294967295,65535,65535,0,0.000000
2022-03-25 19:32:55.732879,4294967295,65535,65535,0,0.000000
2022-03-25 19:33:05.748442,4294967295,65535,65535,0,0.000000
2022-03-25 19:33:15.749415,4294967295,65535,65535,0,0.000000
2022-03-25 19:33:25.764769,4294967295,65535,65535,0,0.000000
2022-03-25 19:33:35.765373,4294967295,65535,65535,0,0.000000
2022-03-25 19:33:45.765865,4294967295,65535,65535,0,0.000000
2022-03-25 19:33:55.781519,4294967295,65535,65535,0,0.000000
2022-03-25 19:34:05.782234,4294967295,65535,65535,0,0.000000
2022-03-25 19:34:15.782438,4294967295,65535,65535,0,0.000000
2022-03-25 19:34:25.798292,4294967295,65535,65535,0,0.000000
2022-03-25 19:34:35.799305,4294967295,65535,65535,0,0.000000
2022-03-25 19:34:45.814953,4294967295,65535,65535,0,0.000000
2022-03-25 19:34:55.815893,4294967295,65535,65535,0,0.000000
2022-03-25 19:35:05.831245,4294967295,65535,65535,0,0.000000
2022-03-25 19:35:15.832206,4294967295,65535,65535,0,0.000000
2022-03-25 19:35:25.832795,4294967295,65535,65535,0,0.000000
2022-03-25 19:35:35.848574,4294967295,65535,65535,0,0.000000
2022-03-25 19:35:45.849533,4294967295,65535,65535,0,0.000000
2022-03-25 19:35:55.865107,4294967295,65535,65535,0,0.000000
2022-03-25 19:36:05.865917,4294967295,65535,65535,0,0.000000
2022-03-25 19:36:15.866532,4294967295,65535,65535,0,0.000000
2022-03-25 19:36:25.882351,4294967295,65535,65535,0,0.000000
2022-03-25 19:36:35.898544,4294967295,65535,65535,0,0.000000
2022-03-25 19:36:45.898907,4294967295,65535,65535,0,0.000000
2022-03-25 19:36:55.899632,4294967295,65535,65535,0,0.000000
2022-03-25 19:37:05.900633,4294967295,65535,65535,0,0.000000
2022-03-25 19:37:15.916366,4294967295,65535,65535,0,0.000000
2022-03-25 19:37:25.917067,4294967295,65535,65535,0,0.000000
2022-03-25 19:37:35.932562,4294967295,65535,65535,0,0.000000
2022-03-25 19:37:45.933183,4294967295,65535,65535,0,0.000000
2022-03-25 19:37:55.934469,4294967295,65535,65535,0,0.000000
2022-03-25 19:38:05.950010,4294967295,65535,65535,0,0.000000
2022-03-25 19:38:15.950787,4294967295,65535,65535,0,0.000000
2022-03-25 19:38:25.966065,4294967295,65535,65535,0,0.000000
2022-03-25 19:38:35.966603,4294967295,65535,65535,0,0.000000
2022-03-25 19:38:45.982601,4294967295,65535,65535,0,0.000000
2022-03-25 19:38:55.983156,4294967295,65535,65535,0,0.000000
2022-03-25 19:39:05.983875,4294967295,65535,65535,0,0.000000
2022-03-25 19:39:15.999375,4294967295,65535,65535,0,0.000000
2022-03-25 19:39:26.000394,4294967295,65535,65535,0,0.000000
2022-03-25 19:39:36.015731,4294967295,65535,65535,0,0.000000
2022-03-25 19:39:46.016541,4294967295,65535,65535,0,0.000000
2022-03-25 19:39:56.031899,4294967295,65535,65535,0,0.000000
2022-03-25 19:40:06.032861,4294967295,65535,65535,0,0.000000
2022-03-25 19:40:16.048595,4294967295,65535,65535,0,0.000000
2022-03-25 19:40:26.049552,4294967295,65535,65535,0,0.000000
2022-03-25 19:40:36.065355,4294967295,65535,65535,0,0.000000
2022-03-25 19:40:46.066106,4294967295,65535,65535,0,0.000000
2022-03-25 19:40:56.081707,4294967295,65535,65535,0,0.000000
2022-03-25 19:41:06.082691,4294967295,65535,65535,0,0.000000
2022-03-25 19:41:16.098343,4294967295,65535,65535,0,0.000000
2022-03-25 19:41:26.098664,4294967295,65535,65535,0,0.000000
2022-03-25 19:41:36.099651,4294967295,65535,65535,0,0.000000
2022-03-25 19:41:46.100208,4294967295,65535,65535,0,0.000000
2022-03-25 19:41:56.115474,4294967295,65535,65535,0,0.000000
2022-03-25 19:42:06.116243,4294967295,65535,65535,0,0.000000
2022-03-25 19:42:16.131761,4294967295,65535,65535,0,0.000000
2022-03-25 19:42:26.132475,4294967295,65535,65535,0,0.000000
2022-03-25 19:42:36.132924,4294967295,65535,65535,0,0.000000
2022-03-25 19:42:46.133216,4294967295,65535,65535,0,0.000000
2022-03-25 19:42:56.148849,4294967295,65535,65535,0,0.000000
2022-03-25 19:43:06.149872,4294967295,65535,65535,0,0.000000
2022-03-25 19:43:16.165439,4294967295,65535,65535,0,0.000000
2022-03-25 19:43:26.165955,4294967295,65535,65535,0,0.000000
2022-03-25 19:43:36.181871,4294967295,65535,65535,0,0.000000
2022-03-25 19:43:46.182638,4294967295,65535,65535,0,0.000000
2022-03-25 19:43:56.183367,4294967295,65535,65535,0,0.000000
2022-03-25 19:44:06.183913,4294967295,65535,65535,0,0.000000
2022-03-25 19:44:16.199814,4294967295,65535,65535,0,0.000000
2022-03-25 19:44:26.200556,4294967295,65535,65535,0,0.000000
2022-03-25 19:44:36.216124,4294967295,65535,65535,0,0.000000
2022-03-25 19:44:46.216680,4294967295,65535,65535,0,0.000000
2022-03-25 19:44:56.232442,4294967295,65535,65535,0,0.000000
2022-03-25 19:45:06.233291,4294967295,65535,65535,0,0.000000
2022-03-25 19:45:16.234015,4294967295,65535,65535,0,0.000000
2022-03-25 19:45:26.249679,4294967295,65535,65535,0,0.000000
2022-03-25 19:45:36.250573,4294967295,65535,65535,0,0.000000
2022-03-25 19:45:46.251173,4294967295,65535,65535,0,0.000000
2022-03-25 19:45:56.266793,4294967295,65535,65535,0,0.000000
2022-03-25 19:46:06.267811,4294967295,65535,65535,0,0.000000
2022-03-25 19:46:16.283173,4294967295,65535,65535,0,0.000000
2022-03-25 19:46:26.283888,4294967295,65535,65535,0,0.000000
2022-03-25 19:46:36.299745,4294967295,65535,65535,0,0.000000
2022-03-25 19:46:46.300257,4294967295,65535,65535,0,0.000000
2022-03-25 19:46:56.301022,4294967295,65535,65535,0,0.000000
2022-03-25 19:47:06.316907,4294967295,65535,65535,0,0.000000
2022-03-25 19:47:16.317574,4294967295,65535,65535,0,0.000000
2022-03-25 19:47:26.318345,4294967295,65535,65535,0,0.000000
2022-03-25 19:47:36.334009,4294967295,65535,65535,0,0.000000
2022-03-25 19:47:46.335079,4294967295,65535,65535,0,0.000000
2022-03-25 19:47:56.350766,4294967295,65535,65535,0,0.000000
2022-03-25 19:48:06.351251,4294967295,65535,65535,0,0.000000
2022-03-25 19:48:16.351591,4294967295,65535,65535,0,0.000000
2022-03-25 19:48:26.366998,4294967295,65535,65535,0,0.000000
2022-03-25 19:48:36.367791,4294967295,65535,65535,0,0.000000
2022-03-25 19:48:46.368627,4294967295,65535,65535,0,0.000000
2022-03-25 19:48:56.383724,4294967295,65535,65535,0,0.000000
2022-03-25 19:49:06.384284,4294967295,65535,65535,0,0.000000
2022-03-25 19:49:16.400490,4294967295,65535,65535,0,0.000000
2022-03-25 19:49:26.401173,4294967295,65535,65535,0,0.000000
2022-03-25 19:49:36.401667,4294967295,65535,65535,0,0.000000
2022-03-25 19:49:46.417369,4294967295,65535,65535,0,0.000000
2022-03-25 19:49:56.417986,4294967295,65535,65535,0,0.000000
2022-03-25 19:50:06.433918,4294967295,65535,65535,0,0.000000
2022-03-25 19:50:16.434561,4294967295,65535,65535,0,0.000000
2022-03-25 19:50:26.450174,4294967295,65535,65535,0,0.000000
2022-03-25 19:50:36.450854,4294967295,65535,65535,0,0.000000
2022-03-25 19:50:46.451527,4294967295,65535,65535,0,0.000000
2022-03-25 19:50:56.467258,4294967295,65535,65535,0,0.000000
2022-03-25 19:51:06.467701,4294967295,65535,65535,0,0.000000
2022-03-25 19:51:16.483403,4294967295,65535,65535,0,0.000000
2022-03-25 19:51:26.483876,4294967295,65535,65535,0,0.000000
2022-03-25 19:51:36.484338,4294967295,65535,65535,0,0.000000
2022-03-25 19:51:46.500075,4294967295,65535,65535,0,0.000000
2022-03-25 19:51:56.501143,4294967295,65535,65535,0,0.000000
2022-03-25 19:52:06.516663,4294967295,65535,65535,0,0.000000
2022-03-25 19:52:16.517252,4294967295,65535,65535,0,0.000000
2022-03-25 19:52:26.533394,4294967295,65535,65535,0,0.000000
2022-03-25 19:52:36.534116,4294967295,65535,65535,0,0.000000
2022-03-25 19:52:46.534600,4294967295,65535,65535,0,0.000000
2022-03-25 19:52:56.550240,4294967295,65535,65535,0,0.000000
2022-03-25 19:53:06.551009,4294967295,65535,65535,0,0.000000
2022-03-25 19:53:16.551706,4294967295,65535,65535,0,0.000000
2022-03-25 19:53:26.567462,4294967295,65535,65535,0,0.000000
2022-03-25 19:53:36.583546,4294967295,65535,65535,0,0.000000
2022-03-25 19:53:46.584187,4294967295,65535,65535,0,0.000000
2022-03-25 19:53:56.599993,4294967295,65535,65535,0,0.000000
2022-03-25 19:54:06.600965,4294967295,65535,65535,0,0.000000
2022-03-25 19:54:16.616448,4294967295,65535,65535,0,0.000000
2022-03-25 19:54:26.617390,4294967295,65535,65535,0,0.000000
2022-03-25 19:54:36.618060,4294967295,65535,65535,0,0.000000
2022-03-25 19:54:46.633330,4294967295,65535,65535,0,0.000000
2022-03-25 19:54:56.634372,4294967295,65535,65535,0,0.000000
2022-03-25 19:55:06.634900,4294967295,65535,65535,0,0.000000
2022-03-25 19:55:16.650372,4294967295,65535,65535,0,0.000000
2022-03-25 19:55:26.650855,4294967295,65535,65535,0,0.000000
2022-03-25 19:55:36.651379,4294967295,65535,65535,0,0.000000
2022-03-25 19:55:46.666986,4294967295,65535,65535,0,0.000000
2022-03-25 19:55:56.667633,4294967295,65535,65535,0,0.000000
2022-03-25 19:56:06.668216,4294967295,65535,65535,0,0.000000
2022-03-25 19:56:16.683893,4294967295,65535,65535,0,0.000000
2022-03-25 19:56:26.684824,4294967295,65535,65535,0,0.000000
2022-03-25 19:56:36.700766,4294967295,65535,65535,0,0.000000
2022-03-25 19:56:46.701493,4294967295,65535,65535,0,0.000000
2022-03-25 19:56:56.701958,4294967295,65535,65535,0,0.000000
2022-03-25 19:57:06.717774,4294967295,65535,65535,0,0.000000
2022-03-25 19:57:16.718600,4294967295,65535,65535,0,0.000000
2022-03-25 19:57:26.734058,4294967295,65535,65535,0,0.000000
2022-03-25 19:57:36.734966,4294967295,65535,65535,0,0.000000
2022-03-25 19:57:46.750530,4294967295,65535,65535,0,0.000000
2022-03-25 19:57:56.751266,4294967295,65535,65535,0,0.000000
2022-03-25 19:58:06.766945,4294967295,65535,65535,0,0.000000
2022-03-25 19:58:16.768187,4294967295,65535,65535,0,0.000000
2022-03-25 19:58:26.783677,4294967295,65535,65535,0,0.000000
2022-03-25 19:58:36.784521,4294967295,65535,65535,0,0.000000
2022-03-25 19:58:46.785005,4294967295,65535,65535,0,0.000000
2022-03-25 19:58:56.800675,4294967295,65535,65535,0,0.000000
2022-03-25 19:59:06.801095,4294967295,65535,65535,0,0.000000
2022-03-25 19:59:16.816749,4294967295,65535,65535,0,0.000000
2022-03-25 19:59:26.817681,4294967295,65535,65535,0,0.000000
2022-03-25 19:59:36.818357,4294967295,65535,65535,0,0.000000
2022-03-25 19:59:46.834541,4294967295,65535,65535,0,0.000000
2022-03-25 19:59:56.850207,4294967295,65535,65535,0,0.000000
2022-03-25 20:00:06.850874,4294967295,65535,65535,0,0.000000
2022-03-25 20:00:16.851345,4294967295,65535,65535,0,0.000000
2022-03-25 20:00:26.851733,4294967295,65535,65535,0,0.000000
2022-03-25 20:00:36.867329,4294967295,65535,65535,0,0.000000
2022-03-25 20:00:46.868095,4294967295,65535,65535,0,0.000000
2022-03-25 20:00:56.883850,4294967295,65535,65535,0,0.000000
2022-03-25 20:01:06.884583,4294967295,65535,65535,0,0.000000
2022-03-25 20:01:16.885082,4294967295,65535,65535,0,0.000000
2022-03-25 20:01:26.900942,4294967295,65535,65535,0,0.000000
2022-03-25 20:01:36.901866,4294967295,65535,65535,0,0.000000
2022-03-25 20:01:46.917218,4294967295,65535,65535,0,0.000000
2022-03-25 20:01:56.917954,4294967295,65535,65535,0,0.000000
2022-03-25 20:02:06.918763,4294967295,65535,65535,0,0.000000
2022-03-25 20:02:16.934345,4294967295,65535,65535,0,0.000000
2022-03-25 20:02:26.934795,4294967295,65535,65535,0,0.000000
2022-03-25 20:02:36.935633,4294967295,65535,65535,0,0.000000
2022-03-25 20:02:46.951011,4294967295,65535,65535,0,0.000000
2022-03-25 20:02:56.951836,4294967295,65535,65535,0,0.000000
2022-03-25 20:03:06.967540,4294967295,65535,65535,0,0.000000
2022-03-25 20:03:16.968531,4294967295,65535,65535,0,0.000000
2022-03-25 20:03:26.968937,4294967295,65535,65535,0,0.000000
2022-03-25 20:03:36.984374,4294967295,65535,65535,0,0.000000
2022-03-25 20:03:46.985220,4294967295,65535,65535,0,0.000000
2022-03-25 20:03:56.985805,4294967295,65535,65535,0,0.000000
2022-03-25 20:04:07.001299,4294967295,65535,65535,0,0.000000
2022-03-25 20:04:17.002068,4294967295,65535,65535,0,0.000000
2022-03-25 20:04:27.002552,4294967295,65535,65535,0,0.000000
2022-03-25 20:04:37.018270,4294967295,65535,65535,0,0.000000
2022-03-25 20:04:47.019223,4294967295,65535,65535,0,0.000000
2022-03-25 20:04:57.019792,4294967295,65535,65535,0,0.000000
2022-03-25 20:05:07.035079,4294967295,65535,65535,0,0.000000
2022-03-25 20:05:17.035524,4294967295,65535,65535,0,0.000000
2022-03-25 20:05:27.051435,4294967295,65535,65535,0,0.000000
2022-03-25 20:05:37.052106,4294967295,65535,65535,0,0.000000
2022-03-25 20:05:47.052782,4294967295,65535,65535,0,0.000000
2022-03-25 20:05:57.068453,4294967295,65535,65535,0,0.000000
2022-03-25 20:06:07.069545,4294967295,65535,65535,0,0.000000
2022-03-25 20:06:17.084840,4294967295,65535,65535,0,0.000000
2022-03-25 20:06:27.085438,4294967295,65535,65535,0,0.000000
2022-03-25 20:06:37.086071,4294967295,65535,65535,0,0.000000
2022-03-25 20:06:47.101298,4294967295,65535,65535,0,0.000000
2022-03-25 20:06:57.102010,4294967295,65535,65535,0,0.000000
2022-03-25 20:07:07.102567,4294967295,65535,65535,0,0.000000
2022-03-25 20:07:17.118212,4294967295,65535,65535,0,0.000000
2022-03-25 20:07:27.118694,4294967295,65535,65535,0,0.000000
2022-03-25 20:07:37.119595,4294967295,65535,65535,0,0.000000
2022-03-25 20:07:47.134962,4294967295,65535,65535,0,0.000000
2022-03-25 20:07:57.135730,4294967295,65535,65535,0,0.000000
2022-03-25 20:08:07.136057,4294967295,65535,65535,0,0.000000
2022-03-25 20:08:17.151533,4294967295,65535,65535,0,0.000000
2022-03-25 20:08:27.152366,4294967295,65535,65535,0,0.000000
2022-03-25 20:08:37.152807,4294967295,65535,65535,0,0.000000
2022-03-25 20:08:47.168346,4294967295,65535,65535,0,0.000000
2022-03-25 20:08:57.169060,4294967295,65535,65535,0,0.000000
2022-03-25 20:09:07.184851,4294967295,65535,65535,0,0.000000
2022-03-25 20:09:17.185758,4294967295,65535,65535,0,0.000000
2022-03-25 20:09:27.186273,4294967295,65535,65535,0,0.000000
2022-03-25 20:09:37.201662,4294967295,65535,65535,0,0.000000
2022-03-25 20:09:47.202660,4294967295,65535,65535,0,0.000000
2022-03-25 20:09:57.218736,4294967295,65535,65535,0,0.000000
2022-03-25 20:10:07.219424,4294967295,65535,65535,0,0.000000
2022-03-25 20:10:17.234703,4294967295,65535,65535,0,0.000000
2022-03-25 20:10:27.235389,4294967295,65535,65535,0,0.000000
2022-03-25 20:10:37.235732,4294967295,65535,65535,0,0.000000
2022-03-25 20:10:47.236316,4294967295,65535,65535,0,0.000000
2022-03-25 20:10:57.237064,4294967295,65535,65535,0,0.000000
2022-03-25 20:11:07.252487,4294967295,65535,65535,0,0.000000
2022-03-25 20:11:17.252918,4294967295,65535,65535,0,0.000000
2022-03-25 20:11:27.268429,4294967295,65535,65535,0,0.000000
2022-03-25 20:11:37.269130,4294967295,65535,65535,0,0.000000
2022-03-25 20:11:47.269827,4294967295,65535,65535,0,0.000000
2022-03-25 20:11:57.285232,4294967295,65535,65535,0,0.000000
2022-03-25 20:12:07.286271,4294967295,65535,65535,0,0.000000
2022-03-25 20:12:17.286666,4294967295,65535,65535,0,0.000000
2022-03-25 20:12:27.302443,4294967295,65535,65535,0,0.000000
2022-03-25 20:12:37.303206,4294967295,65535,65535,0,0.000000
2022-03-25 20:12:47.303707,4294967295,65535,65535,0,0.000000
2022-03-25 20:12:57.319327,4294967295,65535,65535,0,0.000000
2022-03-25 20:13:07.320064,4294967295,65535,65535,0,0.000000
2022-03-25 20:13:17.320860,4294967295,65535,65535,0,0.000000
2022-03-25 20:13:27.336232,4294967295,65535,65535,0,0.000000
2022-03-25 20:13:37.336716,4294967295,65535,65535,0,0.000000
2022-03-25 20:13:47.337393,4294967295,65535,65535,0,0.000000
2022-03-25 20:13:57.353087,4294967295,65535,65535,0,0.000000
2022-03-25 20:14:07.353667,4294967295,65535,65535,0,0.000000
2022-03-25 20:14:17.354144,4294967295,65535,65535,0,0.000000
2022-03-25 20:14:27.369855,4294967295,65535,65535,0,0.000000
2022-03-25 20:14:37.370706,4294967295,65535,65535,0,0.000000
2022-03-25 20:14:47.371334,4294967295,65535,65535,0,0.000000
2022-03-25 20:14:57.372036,4294967295,65535,65535,0,0.000000
2022-03-25 20:15:07.387320,4294967295,65535,65535,0,0.000000
2022-03-25 20:15:17.388071,4294967295,65535,65535,0,0.000000
2022-03-25 20:15:27.388865,4294967295,65535,65535,0,0.000000
2022-03-25 20:15:37.404525,4294967295,65535,65535,0,0.000000
2022-03-25 20:15:47.405231,4294967295,65535,65535,0,0.000000
2022-03-25 20:15:57.405401,4294967295,65535,65535,0,0.000000
2022-03-25 20:16:07.421204,4294967295,65535,65535,0,0.000000
2022-03-25 20:16:17.421400,4294967295,65535,65535,0,0.000000
2022-03-25 20:16:27.422134,4294967295,65535,65535,0,0.000000
2022-03-25 20:16:37.422802,4294967295,65535,65535,0,0.000000
2022-03-25 20:16:47.438277,4294967295,65535,65535,0,0.000000
2022-03-25 20:16:57.439021,4294967295,65535,65535,0,0.000000
2022-03-25 20:17:07.454435,4294967295,65535,65535,0,0.000000
2022-03-25 20:17:17.454972,4294967295,65535,65535,0,0.000000
2022-03-25 20:17:27.455136,4294967295,65535,65535,0,0.000000
2022-03-25 20:17:37.456009,4294967295,65535,65535,0,0.000000
2022-03-25 20:17:47.471256,4294967295,65535,65535,0,0.000000
2022-03-25 20:17:57.471741,4294967295,65535,65535,0,0.000000
2022-03-25 20:18:07.472747,4294967295,65535,65535,0,0.000000
2022-03-25 20:18:17.487978,4294967295,65535,65535,0,0.000000
2022-03-25 20:18:27.488650,4294967295,65535,65535,0,0.000000
2022-03-25 20:18:37.489046,4294967295,65535,65535,0,0.000000
2022-03-25 20:18:47.489388,4294967295,65535,65535,0,0.000000
2022-03-25 20:18:57.504762,4294967295,65535,65535,0,0.000000
2022-03-25 20:19:07.505360,4294967295,65535,65535,0,0.000000
2022-03-25 20:19:17.506249,4294967295,65535,65535,0,0.000000
2022-03-25 20:19:27.521585,4294967295,65535,65535,0,0.000000
2022-03-25 20:19:37.522242,4294967295,65535,65535,0,0.000000
2022-03-25 20:19:47.537919,4294967295,65535,65535,0,0.000000
2022-03-25 20:19:57.538533,4294967295,65535,65535,0,0.000000
2022-03-25 20:20:07.539174,4294967295,65535,65535,0,0.000000
2022-03-25 20:20:17.539665,4294967295,65535,65535,0,0.000000
2022-03-25 20:20:27.555495,4294967295,65535,65535,0,0.000000
2022-03-25 20:20:37.556496,4294967295,65535,65535,0,0.000000
2022-03-25 20:20:47.571980,4294967295,65535,65535,0,0.000000
2022-03-25 20:20:57.572657,4294967295,65535,65535,0,0.000000
2022-03-25 20:21:07.574423,4294967295,65535,65535,0,0.000000
2022-03-25 20:21:17.575438,4294967295,65535,65535,0,0.000000
2022-03-25 20:21:45.993462,4294967295,65535,65535,0,0.000000
2022-03-25 20:21:56.009756,4294967295,65535,65535,0,0.000000
2022-03-25 20:22:06.010767,4294967295,65535,65535,0,0.000000
2022-03-25 20:22:16.010997,4294967295,65535,65535,0,0.000000
2022-03-25 20:22:26.026838,4294967295,65535,65535,0,0.000000
2022-03-25 20:22:36.027752,4294967295,65535,65535,0,0.000000
2022-03-25 20:22:46.028319,4294967295,65535,65535,0,0.000000
2022-03-25 20:22:56.043664,4294967295,65535,65535,0,0.000000
2022-03-25 20:23:06.044292,4294967295,65535,65535,0,0.000000
2022-03-25 20:23:16.044826,4294967295,65535,65535,0,0.000000
2022-03-25 20:23:26.045053,4294967295,65535,65535,0,0.000000
2022-03-25 20:23:36.060355,4294967295,65535,65535,0,0.000000
2022-03-25 20:23:46.060633,4294967295,65535,65535,0,0.000000
2022-03-25 20:23:56.061029,4294967295,65535,65535,0,0.000000
2022-03-25 20:24:06.061635,4294967295,65535,65535,0,0.000000
2022-03-25 20:24:16.061908,4294967295,65535,65535,0,0.000000
2022-03-25 20:24:26.062427,4294967295,65535,65535,0,0.000000
2022-03-25 20:24:36.078286,4294967295,65535,65535,0,0.000000
2022-03-25 20:24:46.078806,4294967295,65535,65535,0,0.000000
2022-03-25 20:24:56.094381,4294967295,65535,65535,0,0.000000
2022-03-25 20:25:06.095108,4294967295,65535,65535,0,0.000000
2022-03-25 20:25:16.095449,4294967295,65535,65535,0,0.000000
2022-03-25 20:25:26.096038,4294967295,65535,65535,0,0.000000
2022-03-25 20:25:36.111612,4294967295,65535,65535,0,0.000000
2022-03-25 20:25:46.111968,4294967295,65535,65535,0,0.000000
2022-03-25 20:25:56.112598,4294967295,65535,65535,0,0.000000
2022-03-25 20:26:06.113304,4294967295,65535,65535,0,0.000000
2022-03-25 20:26:16.128630,4294967295,65535,65535,0,0.000000
2022-03-25 20:26:26.129371,4294967295,65535,65535,0,0.000000
2022-03-25 20:26:36.129915,4294967295,65535,65535,0,0.000000
2022-03-25 20:26:46.130686,4294967295,65535,65535,0,0.000000
2022-03-25 20:26:56.145872,4294967295,65535,65535,0,0.000000
2022-03-25 20:27:06.146145,4294967295,65535,65535,0,0.000000
2022-03-25 20:27:16.146644,4294967295,65535,65535,0,0.000000
2022-03-25 20:27:26.147261,4294967295,65535,65535,0,0.000000
2022-03-25 20:27:36.163184,4294967295,65535,65535,0,0.000000
2022-03-25 20:27:46.163858,4294967295,65535,65535,0,0.000000
2022-03-25 20:27:56.164305,4294967295,65535,65535,0,0.000000
2022-03-25 20:28:06.164996,4294967295,65535,65535,0,0.000000
2022-03-25 20:28:16.180484,4294967295,65535,65535,0,0.000000
2022-03-25 20:28:26.181050,4294967295,65535,65535,0,0.000000
2022-03-25 20:28:36.181360,4294967295,65535,65535,0,0.000000
2022-03-25 20:28:46.181767,4294967295,65535,65535,0,0.000000
2022-03-25 20:28:56.197534,4294967295,65535,65535,0,0.000000
2022-03-25 20:29:06.197873,4294967295,65535,65535,0,0.000000
2022-03-25 20:29:16.198514,4294967295,65535,65535,0,0.000000
2022-03-25 20:29:26.199086,4294967295,65535,65535,0,0.000000
2022-03-25 20:29:36.199483,4294967295,65535,65535,0,0.000000
2022-03-25 20:29:46.199797,4294967295,65535,65535,0,0.000000
2022-03-25 20:29:56.215191,4294967295,65535,65535,0,0.000000
2022-03-25 20:30:06.216031,4294967295,65535,65535,0,0.000000
2022-03-25 20:30:16.216318,4294967295,65535,65535,0,0.000000
2022-03-25 20:30:26.216813,4294967295,65535,65535,0,0.000000
2022-03-25 20:30:36.216981,4294967295,65535,65535,0,0.000000
2022-03-25 20:30:46.232526,4294967295,65535,65535,0,0.000000
2022-03-25 20:30:56.233035,4294967295,65535,65535,0,0.000000
2022-03-25 20:31:06.233428,4294967295,65535,65535,0,0.000000
2022-03-25 20:31:16.234200,4294967295,65535,65535,0,0.000000
2022-03-25 20:31:26.249731,4294967295,65535,65535,0,0.000000
2022-03-25 20:31:36.250230,4294967295,65535,65535,0,0.000000
2022-03-25 20:31:46.250710,4294967295,65535,65535,0,0.000000
2022-03-25 20:31:56.251317,4294967295,65535,65535,0,0.000000
2022-03-25 20:32:06.251812,4294967295,65535,65535,0,0.000000
2022-03-25 20:32:16.267072,4294967295,65535,65535,0,0.000000
2022-03-25 20:32:26.267641,4294967295,65535,65535,0,0.000000
2022-03-25 20:32:36.268097,4294967295,65535,65535,0,0.000000
2022-03-25 20:32:46.268412,4294967295,65535,65535,0,0.000000
2022-03-25 20:32:56.269113,4294967295,65535,65535,0,0.000000
2022-03-25 20:33:06.284765,4294967295,65535,65535,0,0.000000
2022-03-25 20:33:16.285173,4294967295,65535,65535,0,0.000000
2022-03-25 20:33:26.285824,4294967295,65535,65535,0,0.000000
2022-03-25 20:33:36.286277,4294967295,65535,65535,0,0.000000
2022-03-25 20:33:46.301679,4294967295,65535,65535,0,0.000000
2022-03-25 20:33:56.302303,4294967295,65535,65535,0,0.000000
2022-03-25 20:34:06.302717,4294967295,65535,65535,0,0.000000
2022-03-25 20:34:16.303291,4294967295,65535,65535,0,0.000000
2022-03-25 20:34:26.303722,4294967295,65535,65535,0,0.000000
2022-03-25 20:34:36.319117,4294967295,65535,65535,0,0.000000
2022-03-25 20:34:46.319884,4294967295,65535,65535,0,0.000000
2022-03-25 20:34:56.320436,4294967295,65535,65535,0,0.000000
2022-03-25 20:35:06.321156,4294967295,65535,65535,0,0.000000
2022-03-25 20:35:16.321676,4294967295,65535,65535,0,0.000000
2022-03-25 20:35:26.336874,4294967295,65535,65535,0,0.000000
2022-03-25 20:35:36.337560,4294967295,65535,65535,0,0.000000
2022-03-25 20:35:46.337942,4294967295,65535,65535,0,0.000000
2022-03-25 20:35:56.338202,4294967295,65535,65535,0,0.000000
2022-03-25 20:36:06.338836,4294967295,65535,65535,0,0.000000
2022-03-25 20:36:16.354526,4294967295,65535,65535,0,0.000000
2022-03-25 20:36:26.355136,4294967295,65535,65535,0,0.000000
2022-03-25 20:36:36.355380,4294967295,65535,65535,0,0.000000
2022-03-25 20:36:46.355877,4294967295,65535,65535,0,0.000000
2022-03-25 20:36:56.356205,4294967295,65535,65535,0,0.000000
2022-03-25 20:37:06.371917,4294967295,65535,65535,0,0.000000
2022-03-25 20:37:16.372342,4294967295,65535,65535,0,0.000000
2022-03-25 20:37:26.372905,4294967295,65535,65535,0,0.000000
2022-03-25 20:37:36.373276,4294967295,65535,65535,0,0.000000
2022-03-25 20:37:46.388817,4294967295,65535,65535,0,0.000000
2022-03-25 20:37:56.389352,4294967295,65535,65535,0,0.000000
2022-03-25 20:38:06.389795,4294967295,65535,65535,0,0.000000
2022-03-25 20:38:16.390335,4294967295,65535,65535,0,0.000000
2022-03-25 20:38:26.406389,4294967295,65535,65535,0,0.000000
2022-03-25 20:38:36.406904,4294967295,65535,65535,0,0.000000
2022-03-25 20:38:46.407258,4294967295,65535,65535,0,0.000000
2022-03-25 20:38:56.407459,4294967295,65535,65535,0,0.000000
2022-03-25 20:39:06.408003,4294967295,65535,65535,0,0.000000
2022-03-25 20:39:16.408766,4294967295,65535,65535,0,0.000000
2022-03-25 20:39:26.408821,4294967295,65535,65535,0,0.000000
2022-03-25 20:39:36.424388,4294967295,65535,65535,0,0.000000
2022-03-25 20:39:46.425015,4294967295,65535,65535,0,0.000000
2022-03-25 20:39:56.425402,4294967295,65535,65535,0,0.000000
2022-03-25 20:40:06.426378,4294967295,65535,65535,0,0.000000
2022-03-25 20:40:16.441383,4294967295,65535,65535,0,0.000000
2022-03-25 20:40:26.441973,4294967295,65535,65535,0,0.000000
2022-03-25 20:40:36.442481,4294967295,65535,65535,0,0.000000
2022-03-25 20:40:46.442959,4294967295,65535,65535,0,0.000000
2022-03-25 20:40:56.458797,4294967295,65535,65535,0,0.000000
2022-03-25 20:41:06.459447,4294967295,65535,65535,0,0.000000
2022-03-25 20:41:16.460220,4294967295,65535,65535,0,0.000000
2022-03-25 20:41:26.460780,4294967295,65535,65535,0,0.000000
2022-03-25 20:41:36.475926,4294967295,65535,65535,0,0.000000
2022-03-25 20:41:46.461291,4294967295,65535,65535,0,0.000000
2022-03-25 20:41:56.476745,4294967295,65535,65535,0,0.000000
2022-03-25 20:42:06.477782,4294967295,65535,65535,0,0.000000
2022-03-25 20:42:16.477776,4294967295,65535,65535,0,0.000000
2022-03-25 20:42:26.478294,4294967295,65535,65535,0,0.000000
2022-03-25 20:42:36.478856,4294967295,65535,65535,0,0.000000
2022-03-25 20:42:46.494012,4294967295,65535,65535,0,0.000000
2022-03-25 20:42:56.494515,4294967295,65535,65535,0,0.000000
2022-03-25 20:43:06.495075,4294967295,65535,65535,0,0.000000
2022-03-25 20:43:16.495778,4294967295,65535,65535,0,0.000000
2022-03-25 20:43:26.496225,4294967295,65535,65535,0,0.000000
2022-03-25 20:43:36.511439,4294967295,65535,65535,0,0.000000
2022-03-25 20:43:46.511736,4294967295,65535,65535,0,0.000000
2022-03-25 20:43:56.512012,4294967295,65535,65535,0,0.000000
2022-03-25 20:44:06.512835,4294967295,65535,65535,0,0.000000
2022-03-25 20:44:16.513393,4294967295,65535,65535,0,0.000000
2022-03-25 20:44:26.513633,4294967295,65535,65535,0,0.000000
2022-03-25 20:44:36.513883,4294967295,65535,65535,0,0.000000
2022-03-25 20:44:46.529493,4294967295,65535,65535,0,0.000000
