dateTime,valid,binCount0,binCount1,binCount2,binCount3,binCount4,binCount5,binCount6,binCount7,binCount8,binCount9,binCount10,binCount11,binCount12,binCount13,binCount14,binCount15,bin1TimeToCross,bin3TimeToCross,bin5TimeToCross,bin7TimeToCross,sampleFlowRate,temperatureOrPressure,samplingPeriod,checkSum,pm1,pm2_5,pm10
2022-03-25 19:09:28.908152,1,1,3,0,0,0,0,0,0,0,0,0,0,0,0,0,0,17,0,0,0,4.61,10000,10.02,4,0.02,0.20,0.29
2022-03-25 19:09:38.936995,1,4,1,1,0,0,0,0,0,0,0,0,0,0,0,0,0,25,0,0,0,4.57,10000,10.02,6,0.03,0.21,0.53
2022-03-25 19:09:48.965990,1,2,0,0,0,0,0,0,0,0,0,0,0,0,0,0,0,0,0,0,0,4.57,10000,10.02,2,0.01,0.03,0.03
2022-03-25 19:09:58.994667,1,4,1,1,0,0,0,0,0,0,0,0,0,0,0,0,0,15,0,0,0,4.57,10000,10.02,6,0.03,0.21,0.52
2022-03-25 19:10:09.023433,1,2,1,2,0,0,0,0,0,0,0,0,0,0,0,0,0,23,0,0,0,4.54,10000,10.02,5,0.02,0.28,0.88
2022-03-25 19:10:19.052285,1,0,1,1,0,0,0,0,0,0,0,0,0,0,0,0,0,13,0,0,0,4.56,10000,10.02,2,0.00,0.16,0.47
2022-03-25 19:10:29.081270,1,0,1,0,0,0,0,0,0,0,0,0,0,0,0,0,0,21,0,0,0,4.53,10000,10.02,1,0.00,0.06,0.09
2022-03-25 19:10:39.125537,1,2,1,2,0,0,0,0,0,0,0,0,0,0,0,0,0,15,0,0,0,4.54,10000,10.02,5,0.02,0.28,0.88
2022-03-25 19:10:49.154485,1,1,3,0,0,0,0,0,0,0,0,0,0,0,0,0,0,21,0,0,0,4.48,10000,10.02,4,0.02,0.21,0.29
2022-03-25 19:10:59.183529,1,4,1,0,0,0,0,0,0,0,0,0,0,0,0,0,0,25,0,0,0,4.44,10000,10.02,5,0.03,0.12,0.15
2022-03-25 19:11:09.212405,1,3,0,0,0,0,0,0,0,0,0,0,0,0,0,0,0,0,0,0,0,4.44,10000,10.02,3,0.02,0.05,0.05
2022-03-25 19:11:19.241546,1,5,0,0,0,0,0,0,0,0,0,0,0,0,0,0,0,0,0,0,0,4.44,10000,10.02,5,0.03,0.08,0.08
2022-03-25 19:11:29.270753,1,3,0,0,1,0,0,0,0,0,0,0,0,0,0,0,0,0,23,0,0,4.44,10000,10.02,4,0.02,0.10,1.27
2022-03-25 19:11:39.300155,1,3,0,0,0,0,0,0,0,0,0,0,0,0,0,0,0,0,0,0,0,4.44,10000,10.02,3,0.02,0.05,0.05
2022-03-25 19:11:49.328258,1,2,2,0,0,0,0,0,0,0,0,0,0,0,0,0,0,19,0,0,0,4.42,10000,10.02,4,0.02,0.16,0.22
2022-03-25 19:11:59.356930,1,2,1,1,0,0,0,0,0,0,0,0,0,0,0,0,0,17,0,0,0,4.42,10000,10.02,4,0.02,0.19,0.51
2022-03-25 19:12:09.385656,1,2,2,0,0,0,0,0,0,0,0,0,0,0,0,0,0,18,0,0,0,4.41,10000,10.02,4,0.02,0.16,0.22
2022-03-25 19:12:19.414604,1,0,2,1,0,0,0,0,0,0,0,0,0,0,0,0,0,17,0,0,0,4.41,10000,10.02,3,0.01,0.23,0.58
2022-03-25 19:12:29.443811,1,3,0,0,0,0,0,0,0,0,0,0,0,0,0,0,0,0,0,0,0,4.41,10000,10.02,3,0.02,0.05,0.05
2022-03-25 19:12:39.472804,1,2,2,0,0,0,0,0,0,0,0,0,0,0,0,0,0,18,0,0,0,4.40,10000,10.02,4,0.02,0.16,0.22
2022-03-25 19:12:49.501639,1,6,1,0,0,0,0,0,0,0,0,0,0,0,0,0,0,25,0,0,0,4.36,10000,10.02,7,0.04,0.16,0.19
2022-03-25 19:12:59.546308,1,1,1,0,0,0,0,0,0,0,0,0,0,0,0,0,0,19,0,0,0,4.35,10000,10.02,2,0.01,0.08,0.11
2022-03-25 19:13:09.575428,1,4,0,0,0,0,0,0,0,0,0,0,0,0,0,0,0,0,0,0,0,4.35,10000,10.02,4,0.03,0.06,0.06
2022-03-25 19:13:19.604287,1,0,1,0,0,0,0,0,0,0,0,0,0,0,0,0,0,15,0,0,0,4.36,10000,10.02,1,0.00,0.07,0.10
2022-03-25 19:13:29.633478,1,5,1,1,0,0,0,0,0,0,0,0,0,0,0,0,0,17,0,0,0,4.36,10000,10.02,7,0.04,0.24,0.57
2022-03-25 19:13:39.662516,1,1,0,0,0,0,0,0,0,0,0,0,0,0,0,0,0,0,0,0,0,4.36,10000,10.02,1,0.01,0.02,0.02
2022-03-25 19:13:49.691365,1,3,1,0,0,0,0,0,0,0,0,0,0,0,0,0,0,15,0,0,0,4.37,10000,10.02,4,0.02,0.11,0.14
2022-03-25 19:13:59.720230,1,4,1,0,0,0,0,0,0,0,0,0,0,0,0,0,0,15,0,0,0,4.38,10000,10.02,5,0.03,0.13,0.16
2022-03-25 19:14:09.749202,1,6,3,0,0,0,0,0,0,0,0,0,0,0,0,0,0,16,0,0,0,4.39,10000,10.02,9,0.05,0.29,0.38
2022-03-25 19:14:19.778195,1,4,0,0,0,0,0,0,0,0,0,0,0,0,0,0,0,0,0,0,0,4.39,10000,10.02,4,0.03,0.06,0.06
2022-03-25 19:14:29.807278,1,1,4,0,0,0,0,0,0,0,0,0,0,0,0,0,0,19,0,0,0,4.36,10000,10.01,5,0.02,0.28,0.40
2022-03-25 19:14:39.836437,1,6,3,1,0,0,0,0,0,0,0,0,0,0,0,0,0,16,0,0,0,4.37,10000,10.02,10,0.05,0.39,0.77
2022-03-25 19:14:49.865858,1,3,1,0,0,0,0,0,0,0,0,0,0,0,0,0,0,25,0,0,0,4.33,10000,10.02,4,0.02,0.11,0.14
2022-03-25 19:14:59.894427,1,3,1,0,0,0,0,0,0,0,0,0,0,0,0,0,0,21,0,0,0,4.32,10000,10.01,4,0.02,0.11,0.14
2022-03-25 19:15:09.923943,1,4,0,1,0,0,0,0,0,0,0,0,0,0,0,0,0,0,0,0,0,4.32,10000,10.02,5,0.03,0.16,0.46
2022-03-25 19:15:19.968433,1,2,1,1,0,0,0,0,0,0,0,0,0,0,0,0,0,15,0,0,0,4.33,10000,10.02,4,0.02,0.19,0.52
2022-03-25 19:15:29.997383,1,3,3,2,0,0,0,0,0,0,0,0,0,0,0,0,0,17,0,0,0,4.33,10000,10.02,8,0.03,0.44,1.13
2022-03-25 19:15:40.026472,1,2,2,0,0,0,0,0,0,0,0,0,0,0,0,0,0,15,0,0,0,4.34,10000,10.02,4,0.02,0.16,0.22
2022-03-25 19:15:50.055426,1,1,0,0,1,0,0,0,0,0,0,0,0,0,0,0,0,0,33,0,0,4.34,10000,10.02,2,0.01,0.07,1.27
2022-03-25 19:16:00.084536,1,1,0,1,0,0,0,0,0,0,0,0,0,0,0,0,0,0,0,0,0,4.34,10000,10.02,2,0.01,0.11,0.41
2022-03-25 19:16:10.113217,1,6,2,1,0,0,0,0,0,0,0,0,0,0,0,0,0,17,0,0,0,4.35,10000,10.01,9,0.05,0.32,0.68
2022-03-25 19:16:20.142478,1,1,2,1,0,1,0,0,0,0,0,0,0,0,0,0,0,16,0,0,0,4.35,10000,10.02,5,0.01,0.26,3.75
2022-03-25 19:16:30.171257,1,5,0,1,0,0,0,0,0,0,0,0,0,0,0,0,0,0,0,0,0,4.35,10000,10.02,6,0.03,0.17,0.47
2022-03-25 19:16:40.200028,1,1,0,1,0,0,0,0,0,0,0,0,0,0,0,0,0,0,0,0,0,4.35,10000,10.01,2,0.01,0.11,0.41
2022-03-25 19:16:50.229033,1,1,1,0,0,0,0,0,0,0,0,0,0,0,0,0,0,11,0,0,0,4.38,10000,10.02,2,0.01,0.08,0.11
2022-03-25 19:17:00.258937,1,3,1,0,0,0,0,0,0,0,0,0,0,0,0,0,0,17,0,0,0,4.38,10000,10.02,4,0.02,0.11,0.14
2022-03-25 19:17:10.302672,1,5,1,0,0,0,0,0,0,0,0,0,0,0,0,0,0,13,0,0,0,4.40,10000,10.02,6,0.04,0.14,0.17
2022-03-25 19:17:20.331980,1,5,5,0,0,0,0,0,0,0,0,0,0,0,0,0,0,16,0,0,0,4.41,10000,10.02,10,0.05,0.40,0.55
2022-03-25 19:17:30.361294,1,2,1,0,0,0,0,0,0,0,0,0,0,0,0,0,0,17,0,0,0,4.41,10000,10.02,3,0.02,0.10,0.13
2022-03-25 19:17:40.390272,1,4,0,0,0,0,0,0,0,0,0,0,0,0,0,0,0,0,0,0,0,4.41,10000,10.02,4,0.02,0.06,0.06
2022-03-25 19:17:50.418925,1,3,0,1,0,0,0,0,0,0,0,0,0,0,0,0,0,0,0,0,0,4.41,10000,10.02,4,0.02,0.14,0.43
2022-03-25 19:18:00.448353,1,2,4,0,0,0,0,0,0,0,0,0,0,0,0,0,0,15,0,0,0,4.44,10000,10.02,6,0.03,0.29,0.40
2022-03-25 19:18:10.477334,1,5,1,0,0,0,0,0,0,0,0,0,0,0,0,0,0,13,0,0,0,4.46,10000,10.02,6,0.03,0.14,0.17
2022-03-25 19:18:20.506002,1,3,3,0,0,0,0,0,0,0,0,0,0,0,0,0,0,17,0,0,0,4.45,10000,10.01,6,0.03,0.24,0.33
2022-03-25 19:18:30.534952,1,2,0,1,0,0,0,0,0,0,0,0,0,0,0,0,0,0,0,0,0,4.45,10000,10.02,3,0.01,0.12,0.42
2022-03-25 19:18:40.564155,1,3,1,0,0,1,0,0,0,0,0,0,0,0,0,0,0,15,0,0,0,4.46,10000,10.02,5,0.02,0.12,3.22
2022-03-25 19:18:50.593178,1,3,1,0,0,0,0,0,0,0,0,0,0,0,0,0,0,23,0,0,0,4.43,10000,10.02,4,0.02,0.11,0.14
2022-03-25 19:19:00.622279,1,2,2,1,0,0,0,0,0,0,0,0,0,0,0,0,0,15,0,0,0,4.45,10000,10.02,5,0.02,0.25,0.60
2022-03-25 19:19:10.666532,1,5,0,0,0,0,0,0,0,0,0,0,0,0,0,0,0,0,0,0,0,4.45,10000,10.02,5,0.03,0.08,0.08
2022-03-25 19:19:20.695505,1,1,2,0,0,0,0,0,0,0,0,0,0,0,0,0,0,11,0,0,0,4.49,10000,10.02,3,0.01,0.14,0.20
2022-03-25 19:19:30.724349,1,2,3,0,0,0,0,0,0,0,0,0,0,0,0,0,0,20,0,0,0,4.45,10000,10.02,5,0.02,0.22,0.31
2022-03-25 19:19:40.753664,1,4,1,1,0,0,0,0,0,0,0,0,0,0,0,0,0,15,0,0,0,4.46,10000,10.02,6,0.03,0.22,0.54
2022-03-25 19:19:50.782719,1,5,0,0,0,0,0,0,0,0,0,0,0,0,0,0,0,0,0,0,0,4.46,10000,10.02,5,0.03,0.07,0.08
2022-03-25 19:20:00.811655,1,3,0,1,0,0,0,0,0,0,0,0,0,0,0,0,0,0,0,0,0,4.46,10000,10.02,4,0.02,0.14,0.43
2022-03-25 19:20:10.840677,1,2,1,0,0,0,0,0,0,0,0,0,0,0,0,0,0,13,0,0,0,4.47,10000,10.02,3,0.02,0.09,0.12
2022-03-25 19:20:20.869977,1,0,1,0,0,0,0,0,0,0,0,0,0,0,0,0,0,17,0,0,0,4.47,10000,10.02,1,0.00,0.06,0.09
2022-03-25 19:20:30.899080,1,0,0,1,0,0,0,0,0,0,0,0,0,0,0,0,0,0,0,0,0,4.47,10000,10.02,1,0.00,0.09,0.38
2022-03-25 19:20:40.928218,1,5,1,0,0,0,0,0,0,0,0,0,0,0,0,0,0,19,0,0,0,4.46,10000,10.02,6,0.03,0.14,0.17
2022-03-25 19:20:50.957137,1,4,0,0,0,0,0,0,0,0,0,0,0,0,0,0,0,0,0,0,0,4.46,10000,10.02,4,0.02,0.06,0.06
2022-03-25 19:21:01.001637,1,8,3,0,0,0,0,0,0,0,0,0,0,0,0,0,0,12,0,0,0,4.52,10000,10.02,11,0.06,0.31,0.40
2022-03-25 19:21:11.015525,1,2,3,0,0,0,0,0,0,0,0,0,0,0,0,0,0,16,0,0,0,4.52,10000,10.02,5,0.02,0.22,0.31
2022-03-25 19:21:21.060107,1,3,2,0,0,0,0,0,0,0,0,0,0,0,0,0,0,18,0,0,0,4.51,10000,10.02,5,0.03,0.17,0.23
2022-03-25 19:21:31.089314,1,5,0,0,0,0,0,0,0,0,0,0,0,0,0,0,0,0,0,0,0,4.51,10000,10.02,5,0.03,0.07,0.08
2022-03-25 19:21:41.118463,1,2,2,0,0,0,0,0,0,0,0,0,0,0,0,0,0,21,0,0,0,4.47,10000,10.02,4,0.02,0.16,0.22
2022-03-25 19:21:51.147866,1,7,2,0,0,0,0,0,0,0,0,0,0,0,0,0,0,17,0,0,0,4.47,10000,10.02,9,0.05,0.23,0.29
2022-03-25 19:22:01.176866,1,2,2,0,0,0,0,0,0,0,0,0,0,0,0,0,0,17,0,0,0,4.46,10000,10.02,4,0.02,0.16,0.22
2022-03-25 19:22:11.205893,1,3,1,1,0,0,0,0,0,0,0,0,0,0,0,0,0,21,0,0,0,4.44,10000,10.02,5,0.02,0.20,0.52
2022-03-25 19:22:21.234748,1,2,0,0,0,0,0,0,0,0,0,0,0,0,0,0,0,0,0,0,0,4.44,10000,10.02,2,0.01,0.03,0.03
2022-03-25 19:22:31.264113,1,2,0,0,0,0,0,0,0,0,0,0,0,0,0,0,0,0,0,0,0,4.44,10000,10.02,2,0.01,0.03,0.03
2022-03-25 19:22:41.293240,1,4,1,0,0,0,0,0,0,0,0,0,0,0,0,0,0,19,0,0,0,4.43,10000,10.02,5,0.03,0.13,0.16
2022-03-25 19:22:51.322153,1,0,1,1,0,0,0,0,0,0,0,0,0,0,0,0,0,15,0,0,0,4.44,10000,10.01,2,0.00,0.16,0.48
2022-03-25 19:23:01.351482,1,0,1,0,0,0,0,0,0,0,0,0,0,0,0,0,0,21,0,0,0,4.42,10000,10.02,1,0.00,0.07,0.09
2022-03-25 19:23:11.380305,1,1,1,1,0,0,0,0,0,0,0,0,0,0,0,0,0,15,0,0,0,4.43,10000,10.02,3,0.01,0.18,0.50
2022-03-25 19:23:21.409537,1,3,3,0,0,0,0,0,0,0,0,0,0,0,0,0,0,18,0,0,0,4.41,10000,10.02,6,0.03,0.24,0.33
2022-03-25 19:23:31.453967,1,6,1,1,1,0,0,0,0,0,0,0,0,0,0,0,0,17,25,0,0,4.41,10000,10.02,9,0.04,0.31,1.81
2022-03-25 19:23:41.483132,1,6,0,0,0,0,0,0,0,0,0,0,0,0,0,0,0,0,0,0,0,4.41,10000,10.02,6,0.04,0.09,0.09
2022-03-25 19:23:51.513122,1,2,2,0,0,0,0,0,0,0,0,0,0,0,0,0,0,15,0,0,0,4.43,10000,10.02,4,0.02,0.16,0.22
2022-03-25 19:24:01.541557,1,3,2,1,0,0,0,0,0,0,0,0,0,0,0,0,0,22,0,0,0,4.38,10000,10.02,6,0.03,0.27,0.63
2022-03-25 19:24:11.570302,1,1,3,1,0,0,0,0,0,0,0,0,0,0,0,0,0,14,0,0,0,4.42,10000,10.02,5,0.02,0.31,0.68
2022-03-25 19:24:21.599445,1,1,2,1,0,0,1,0,0,0,0,0,0,0,0,0,0,18,0,35,0,4.41,10000,10.02,5,0.01,0.24,5.35
2022-03-25 19:24:31.628390,1,5,2,0,0,0,0,0,0,0,0,0,0,0,0,0,0,18,0,0,0,4.40,10000,10.02,7,0.04,0.21,0.27
2022-03-25 19:24:41.657463,1,3,0,1,0,0,0,0,0,0,0,0,0,0,0,0,0,0,0,0,0,4.40,10000,10.02,4,0.02,0.14,0.44
2022-03-25 19:24:51.686791,1,4,0,0,0,0,0,0,0,0,0,0,0,0,0,0,0,0,0,0,0,4.40,10000,10.02,4,0.03,0.06,0.06
2022-03-25 19:25:01.731092,1,6,1,1,0,0,0,0,0,0,0,0,0,0,0,0,0,21,0,0,0,4.38,10000,10.02,8,0.04,0.25,0.58
2022-03-25 19:25:11.760010,1,5,1,0,0,0,0,0,0,0,0,0,0,0,0,0,0,19,0,0,0,4.37,10000,10.02,6,0.04,0.14,0.17
2022-03-25 19:25:21.774115,1,5,0,0,0,0,0,0,0,0,0,0,0,0,0,0,0,0,0,0,0,4.37,10000,10.02,5,0.03,0.08,0.08
2022-03-25 19:25:31.818622,1,2,1,1,0,0,0,0,0,0,0,0,0,0,0,0,0,13,0,0,0,4.39,10000,10.02,4,0.02,0.19,0.52
2022-03-25 19:25:41.847365,1,2,0,0,0,0,0,0,0,0,0,0,0,0,0,0,0,0,0,0,0,4.39,10000,10.02,2,0.01,0.03,0.03
2022-03-25 19:25:51.876584,1,2,2,0,0,0,0,0,0,0,0,0,0,0,0,0,0,17,0,0,0,4.39,10000,10.02,4,0.02,0.16,0.22
2022-03-25 19:26:01.905639,1,3,1,0,0,0,0,0,0,0,0,0,0,0,0,0,0,19,0,0,0,4.38,10000,10.02,4,0.02,0.11,0.14
2022-03-25 19:26:11.934637,1,2,1,0,0,0,0,0,0,0,0,0,0,0,0,0,0,15,0,0,0,4.38,10000,10.02,3,0.02,0.10,0.13
2022-03-25 19:26:21.963686,1,2,1,0,1,0,0,0,0,0,0,0,0,0,0,0,0,15,29,0,0,4.39,10000,10.02,4,0.02,0.15,1.36
2022-03-25 19:26:32.008584,1,8,1,0,1,0,0,0,0,0,0,0,0,0,0,0,0,21,23,0,0,4.37,10000,10.02,10,0.05,0.24,1.46
2022-03-25 19:26:42.022310,1,1,0,0,0,0,0,0,0,0,0,0,0,0,0,0,0,0,0,0,0,4.37,10000,10.02,1,0.01,0.02,0.02
2022-03-25 19:26:52.066736,1,5,1,0,1,0,0,0,0,0,0,0,0,0,0,0,0,17,71,0,0,4.37,10000,10.02,7,0.04,0.20,1.42
2022-03-25 19:27:02.095877,1,3,1,1,0,0,0,0,0,0,0,0,0,0,0,0,0,17,0,0,0,4.37,10000,10.02,5,0.02,0.21,0.53
2022-03-25 19:27:12.125175,1,1,2,0,0,0,0,0,0,0,0,0,0,0,0,0,0,19,0,0,0,4.36,10000,10.02,3,0.01,0.15,0.21
2022-03-25 19:27:22.138928,1,2,0,0,0,0,0,0,0,0,0,0,0,0,0,0,0,0,0,0,0,4.36,10000,10.02,2,0.01,0.03,0.03
2022-03-25 19:27:32.183348,1,3,0,0,0,0,0,0,0,0,0,0,0,0,0,0,0,0,0,0,0,4.36,10000,10.02,3,0.02,0.05,0.05
2022-03-25 19:27:42.212824,1,2,1,0,0,0,0,0,0,0,0,0,0,0,0,0,0,17,0,0,0,4.36,10000,10.02,3,0.02,0.10,0.13
2022-03-25 19:27:52.241802,1,3,1,0,0,0,0,0,0,0,0,0,0,0,0,0,0,21,0,0,0,4.34,10000,10.02,4,0.02,0.11,0.14
2022-03-25 19:28:02.270991,1,0,0,0,0,0,0,0,0,0,0,0,0,0,0,0,0,0,0,0,0,4.34,10000,10.02,0,0.00,0.00,0.00
2022-03-25 19:28:12.299900,1,3,2,0,0,0,0,0,0,0,0,0,0,0,0,0,0,18,0,0,0,4.33,10000,10.02,5,0.03,0.18,0.24
2022-03-25 19:28:22.329028,1,0,0,1,0,0,0,0,0,0,0,0,0,0,0,0,0,0,0,0,0,4.33,10000,10.02,1,0.00,0.10,0.40
2022-03-25 19:28:32.357969,1,5,1,0,0,0,0,0,0,0,0,0,0,0,0,0,0,15,0,0,0,4.34,10000,10.02,6,0.04,0.14,0.17
2022-03-25 19:28:42.387233,1,2,1,0,0,0,0,0,0,0,0,0,0,0,0,0,0,21,0,0,0,4.32,10000,10.02,3,0.02,0.10,0.13
2022-03-25 19:28:52.431813,1,0,0,1,0,0,0,0,0,0,0,0,0,0,0,0,0,0,0,0,0,4.32,10000,10.02,1,0.00,0.10,0.40
2022-03-25 19:29:02.460930,1,5,2,0,0,0,0,0,0,0,0,0,0,0,0,0,0,18,0,0,0,4.32,10000,10.02,7,0.04,0.21,0.27
2022-03-25 19:29:12.489792,1,1,1,1,0,0,0,0,0,0,0,0,0,0,0,0,0,15,0,0,0,4.33,10000,10.02,3,0.01,0.18,0.51
2022-03-25 19:29:22.519124,1,4,1,0,0,0,0,0,0,0,0,0,0,0,0,0,0,17,0,0,0,4.33,10000,10.02,5,0.03,0.13,0.16
2022-03-25 19:29:32.547903,1,3,1,0,0,0,0,0,0,0,0,0,0,0,0,0,0,13,0,0,0,4.34,10000,10.02,4,0.02,0.11,0.14
2022-03-25 19:29:42.577140,1,5,3,0,0,0,0,0,0,0,0,0,0,0,0,0,0,16,0,0,0,4.36,10000,10.02,8,0.04,0.28,0.36
2022-03-25 19:29:52.606052,1,3,1,0,0,0,0,0,0,0,0,0,0,0,0,0,0,17,0,0,0,4.36,10000,10.02,4,0.02,0.11,0.14
2022-03-25 19:30:02.635459,1,1,0,0,0,0,0,0,0,0,0,0,0,0,0,0,0,0,0,0,0,4.36,10000,10.02,1,0.01,0.02,0.02
2022-03-25 19:30:12.664118,1,3,0,0,1,0,0,0,0,0,0,0,0,0,0,0,0,0,21,0,0,4.36,10000,10.02,4,0.02,0.10,1.30
2022-03-25 19:30:22.692951,1,2,1,2,0,0,0,0,0,0,0,0,0,0,0,0,0,15,0,0,0,4.36,10000,10.02,5,0.02,0.29,0.91
2022-03-25 19:30:32.721950,1,4,2,1,0,0,0,0,0,0,0,0,0,0,0,0,0,20,0,0,0,4.34,10000,10.02,7,0.03,0.29,0.65
2022-03-25 19:30:42.751129,1,3,0,0,0,0,0,0,0,0,0,0,0,0,0,0,0,0,0,0,0,4.34,10000,10.02,3,0.02,0.05,0.05
2022-03-25 19:30:52.795587,1,1,1,1,0,0,0,0,0,0,0,0,0,0,0,0,0,15,0,0,0,4.35,10000,10.02,3,0.01,0.18,0.50
2022-03-25 19:31:02.824860,1,1,1,0,1,0,0,0,0,0,0,0,0,0,0,0,0,15,23,0,0,4.36,10000,10.02,3,0.01,0.14,1.36
2022-03-25 19:31:12.853586,1,3,0,0,0,0,0,0,0,0,0,0,0,0,0,0,0,0,0,0,0,4.36,10000,10.02,3,0.02,0.05,0.05
2022-03-25 19:31:22.882603,1,1,0,0,0,0,0,0,0,0,0,0,0,0,0,0,0,0,0,0,0,4.36,10000,10.02,1,0.01,0.02,0.02
2022-03-25 19:31:32.911656,1,3,1,2,0,0,0,0,0,0,0,0,0,0,0,0,0,11,0,0,0,4.38,10000,10.02,6,0.02,0.30,0.92
2022-03-25 19:31:42.940833,1,3,0,0,0,0,0,0,0,0,0,0,0,0,0,0,0,0,0,0,0,4.38,10000,10.02,3,0.02,0.05,0.05
2022-03-25 19:31:52.969980,1,4,1,0,0,0,0,0,0,0,0,0,0,0,0,0,0,17,0,0,0,4.38,10000,10.02,5,0.03,0.13,0.16
2022-03-25 19:32:02.999250,1,4,1,0,0,0,0,0,0,0,0,0,0,0,0,0,0,11,0,0,0,4.41,10000,10.02,5,0.03,0.13,0.16
2022-03-25 19:32:13.028293,1,9,7,1,0,0,1,0,0,0,0,0,0,0,0,0,0,22,0,61,0,4.27,10000,10.02,18,0.09,0.71,6.14
2022-03-25 19:32:23.057229,1,1,0,0,0,0,0,0,0,0,0,0,0,0,0,0,0,0,0,0,0,4.27,10000,10.02,1,0.01,0.02,0.02
2022-03-25 19:32:33.086260,1,3,0,0,0,0,0,0,0,0,0,0,0,0,0,0,0,0,0,0,0,4.27,10000,10.02,3,0.02,0.05,0.05
2022-03-25 19:32:43.115484,1,4,0,0,0,0,0,0,0,0,0,0,0,0,0,0,0,0,0,0,0,4.27,10000,10.02,4,0.03,0.06,0.06
2022-03-25 19:32:53.160332,1,4,1,0,1,0,0,0,0,0,0,0,0,0,0,0,0,15,29,0,0,4.28,10000,10.02,6,0.03,0.19,1.43
2022-03-25 19:33:03.189496,1,2,1,0,0,1,0,0,0,0,0,0,0,0,0,0,0,15,0,0,0,4.29,10000,10.02,4,0.02,0.11,3.33
2022-03-25 19:33:13.218487,1,5,0,1,0,0,0,0,0,0,0,0,0,0,0,0,0,0,0,0,0,4.29,10000,10.02,6,0.03,0.18,0.48
2022-03-25 19:33:23.247651,1,5,3,0,1,0,0,0,0,0,0,0,0,0,0,0,0,16,37,0,0,4.30,10000,10.02,9,0.04,0.34,1.63
2022-03-25 19:33:33.276605,1,2,1,1,0,1,1,0,0,0,0,0,0,0,0,0,0,17,0,73,0,4.30,10000,10.02,6,0.02,0.21,8.59
2022-03-25 19:33:43.305431,1,1,1,0,0,1,0,0,0,0,0,0,0,0,0,0,0,17,0,0,0,4.30,10000,10.02,3,0.01,0.10,3.31
2022-03-25 19:33:53.334623,1,4,2,1,0,0,0,0,0,0,0,0,0,0,0,0,0,17,0,0,0,4.31,10000,10.02,7,0.03,0.29,0.65
2022-03-25 19:34:03.363773,1,0,1,0,0,0,0,0,0,0,0,0,0,0,0,0,0,15,0,0,0,4.31,10000,10.02,1,0.00,0.07,0.10
2022-03-25 19:34:13.392898,1,0,1,0,0,0,0,0,0,0,0,0,0,0,0,0,0,11,0,0,0,4.34,10000,10.02,1,0.00,0.07,0.10
2022-03-25 19:34:23.421902,1,3,0,2,0,0,0,0,0,0,0,0,0,0,0,0,0,0,0,0,0,4.34,10000,10.02,5,0.02,0.24,0.84
2022-03-25 19:34:33.450985,1,2,0,0,0,0,0,0,0,0,0,0,0,0,0,0,0,0,0,0,0,4.34,10000,10.02,2,0.01,0.03,0.03
2022-03-25 19:34:43.495533,1,3,2,1,0,0,0,0,0,0,0,0,0,0,0,0,0,15,0,0,0,4.36,10000,10.02,6,0.03,0.28,0.63
2022-03-25 19:34:53.524720,1,1,1,0,0,0,0,0,0,0,0,0,0,0,0,0,0,17,0,0,0,4.36,10000,10.02,2,0.01,0.08,0.11
2022-03-25 19:35:03.553896,1,3,1,0,0,0,0,0,0,0,0,0,0,0,0,0,0,17,0,0,0,4.36,10000,10.02,4,0.02,0.11,0.14
2022-03-25 19:35:13.582898,1,2,2,0,1,0,0,0,0,0,0,0,0,0,0,0,0,18,25,0,0,4.35,10000,10.02,5,0.02,0.22,1.47
2022-03-25 19:35:23.611822,1,2,1,0,0,0,0,0,0,0,0,0,0,0,0,0,0,15,0,0,0,4.36,10000,10.02,3,0.02,0.10,0.13
2022-03-25 19:35:33.640853,1,5,1,0,0,0,0,0,0,0,0,0,0,0,0,0,0,17,0,0,0,4.36,10000,10.02,6,0.04,0.14,0.17
2022-03-25 19:35:43.670159,1,3,0,0,0,0,0,0,0,0,0,0,0,0,0,0,0,0,0,0,0,4.36,10000,10.02,3,0.02,0.05,0.05
2022-03-25 19:35:53.699274,1,2,0,0,0,0,0,0,0,0,0,0,0,0,0,0,0,0,0,0,0,4.36,10000,10.02,2,0.01,0.03,0.03
2022-03-25 19:36:03.728647,1,3,1,1,0,0,0,0,0,0,0,0,0,0,0,0,0,17,0,0,0,4.36,10000,10.02,5,0.02,0.21,0.54
2022-03-25 19:36:13.757449,1,4,0,0,0,0,0,0,0,0,0,0,0,0,0,0,0,0,0,0,0,4.36,10000,10.02,4,0.03,0.06,0.06
2022-03-25 19:36:23.801442,1,3,2,0,0,0,0,0,0,0,0,0,0,0,0,0,0,15,0,0,0,4.37,10000,10.02,5,0.03,0.18,0.24
2022-03-25 19:36:33.815224,1,5,2,1,0,0,0,0,0,0,0,0,0,0,0,0,0,16,0,0,0,4.38,10000,10.02,8,0.04,0.30,0.66
2022-03-25 19:36:43.859816,1,4,3,0,0,0,0,0,0,0,0,0,0,0,0,0,0,16,0,0,0,4.39,10000,10.02,7,0.04,0.26,0.35
2022-03-25 19:36:53.888985,1,5,0,0,1,0,0,0,0,0,0,0,0,0,0,0,0,0,27,0,0,4.39,10000,10.02,6,0.03,0.13,1.32
2022-03-25 19:37:03.918032,1,2,2,4,0,0,0,0,0,0,0,0,0,0,0,0,0,20,0,0,0,4.37,10000,10.02,8,0.02,0.55,1.79
2022-03-25 19:37:13.947303,1,1,1,1,0,0,0,0,0,0,0,0,0,0,0,0,0,21,0,0,0,4.35,10000,10.02,3,0.01,0.18,0.50
2022-03-25 19:37:23.976597,1,4,3,0,0,0,0,0,0,0,0,0,0,0,0,0,0,18,0,0,0,4.34,10000,10.02,7,0.04,0.26,0.35
2022-03-25 19:37:34.005567,1,0,0,0,0,0,0,0,0,0,0,0,0,0,0,0,0,0,0,0,0,4.34,10000,10.02,0,0.00,0.00,0.00
2022-03-25 19:37:44.034836,1,3,0,0,0,0,0,0,0,0,0,0,0,0,0,0,0,0,0,0,0,4.34,10000,10.02,3,0.02,0.05,0.05
2022-03-25 19:37:54.064452,1,4,2,0,0,0,0,0,0,0,0,0,0,0,0,0,0,19,0,0,0,4.32,10000,10.02,6,0.03,0.20,0.26
2022-03-25 19:38:04.093684,1,1,1,0,0,0,0,0,0,0,0,0,0,0,0,0,0,17,0,0,0,4.32,10000,10.02,2,0.01,0.08,0.11
2022-03-25 19:38:14.122683,1,0,3,0,0,0,0,0,0,0,0,0,0,0,0,0,0,18,0,0,0,4.31,10000,10.02,3,0.01,0.20,0.29
2022-03-25 19:38:24.151897,1,2,0,0,0,0,0,0,0,0,0,0,0,0,0,0,0,0,0,0,0,4.31,10000,10.02,2,0.01,0.03,0.03
2022-03-25 19:38:34.196259,1,4,0,0,0,1,0,0,0,0,0,0,0,0,0,0,0,0,0,0,0,4.31,10000,10.02,5,0.03,0.08,3.25
2022-03-25 19:38:44.225514,1,2,1,0,0,0,0,0,0,0,0,0,0,0,0,0,0,19,0,0,0,4.30,10000,10.02,3,0.02,0.10,0.13
2022-03-25 19:38:54.254994,1,1,1,0,0,0,0,0,0,0,0,0,0,0,0,0,0,23,0,0,0,4.28,10000,10.02,2,0.01,0.08,0.11
2022-03-25 19:39:04.284198,1,1,0,0,0,0,0,0,0,0,0,0,0,0,0,0,0,0,0,0,0,4.28,10000,10.02,1,0.01,0.02,0.02
2022-03-25 19:39:14.313583,1,3,1,0,0,0,0,0,0,0,0,0,0,0,0,0,0,17,0,0,0,4.28,10000,10.02,4,0.02,0.11,0.14
2022-03-25 19:39:24.342917,1,3,1,0,0,0,0,0,0,0,0,0,0,0,0,0,0,17,0,0,0,4.28,10000,10.02,4,0.02,0.11,0.14
2022-03-25 19:39:34.372122,1,3,2,1,0,0,0,0,0,0,0,0,0,0,0,0,0,24,0,0,0,4.23,10000,10.02,6,0.03,0.28,0.65
2022-03-25 19:39:44.401215,1,2,1,1,0,0,0,0,0,0,0,0,0,0,0,0,0,17,0,0,0,4.23,10000,10.02,4,0.02,0.20,0.53
2022-03-25 19:39:54.430348,1,1,2,0,1,0,0,0,0,0,0,0,0,0,0,0,0,19,23,0,0,4.22,10000,10.01,4,0.01,0.21,1.50
2022-03-25 19:40:04.459346,1,2,0,0,0,0,0,0,0,0,0,0,0,0,0,0,0,0,0,0,0,4.22,10000,10.02,2,0.01,0.03,0.03
2022-03-25 19:40:14.488440,1,2,0,1,0,0,0,0,0,0,0,0,0,0,0,0,0,0,0,0,0,4.22,10000,10.02,3,0.01,0.13,0.44
2022-03-25 19:40:24.517528,1,1,1,1,0,0,0,0,0,0,0,0,0,0,0,0,0,23,0,0,0,4.20,10000,10.02,3,0.01,0.19,0.52
2022-03-25 19:40:34.561664,1,1,3,0,0,0,0,0,0,0,0,0,0,0,0,0,0,22,0,0,0,4.15,10000,10.02,4,0.02,0.22,0.32
2022-03-25 19:40:44.590940,1,0,2,0,0,0,0,0,0,0,0,0,0,0,0,0,0,27,0,0,0,4.08,10000,10.02,2,0.01,0.14,0.20
2022-03-25 19:40:54.620120,1,2,0,0,0,0,0,0,0,0,0,0,0,0,0,0,0,0,0,0,0,4.08,10000,10.02,2,0.01,0.03,0.03
2022-03-25 19:41:04.649410,1,3,0,0,1,0,0,0,0,0,0,0,0,0,0,0,0,0,27,0,0,4.08,10000,10.02,4,0.02,0.11,1.38
2022-03-25 19:41:14.678690,1,4,3,0,0,0,0,0,0,0,0,0,0,0,0,0,0,17,0,0,0,4.09,10000,10.02,7,0.04,0.28,0.37
2022-03-25 19:41:24.707940,1,5,1,0,0,0,0,0,0,0,0,0,0,0,0,0,0,15,0,0,0,4.10,10000,10.02,6,0.04,0.15,0.18
2022-03-25 19:41:34.736451,1,1,0,0,0,0,0,0,0,0,0,0,0,0,0,0,0,0,0,0,0,4.10,10000,10.02,1,0.01,0.02,0.02
2022-03-25 19:41:44.765657,1,0,2,0,0,0,0,0,0,0,0,0,0,0,0,0,0,19,0,0,0,4.10,10000,10.02,2,0.01,0.14,0.20
2022-03-25 19:41:54.794788,1,5,0,0,0,0,0,0,0,0,0,0,0,0,0,0,0,0,0,0,0,4.10,10000,10.02,5,0.03,0.08,0.08
2022-03-25 19:42:04.823829,1,3,0,1,0,0,0,0,0,0,0,0,0,0,0,0,0,0,0,0,0,4.10,10000,10.01,4,0.02,0.15,0.47
2022-03-25 19:42:14.852847,1,2,1,0,0,0,0,0,0,0,0,0,0,0,0,0,0,15,0,0,0,4.11,10000,10.02,3,0.02,0.10,0.13
2022-03-25 19:42:24.897153,1,4,0,0,1,0,0,0,0,0,0,0,0,0,0,0,0,0,23,0,0,4.11,10000,10.02,5,0.03,0.13,1.39
2022-03-25 19:42:34.926386,1,0,1,0,0,0,0,0,0,0,0,0,0,0,0,0,0,15,0,0,0,4.12,10000,10.02,1,0.00,0.07,0.10
2022-03-25 19:42:44.955462,1,2,4,1,0,0,0,0,0,0,0,0,0,0,0,0,0,20,0,0,0,4.09,10000,10.02,7,0.03,0.42,0.86
2022-03-25 19:42:54.984651,1,1,0,0,0,0,0,0,0,0,0,0,0,0,0,0,0,0,0,0,0,4.09,10000,10.02,1,0.01,0.02,0.02
2022-03-25 19:43:05.013699,1,3,1,0,0,0,0,0,0,0,0,0,0,0,0,0,0,17,0,0,0,4.10,10000,10.02,4,0.02,0.12,0.15
2022-03-25 19:43:15.042661,1,0,0,1,0,0,0,0,0,0,0,0,0,0,0,0,0,0,0,0,0,4.10,10000,10.02,1,0.00,0.10,0.42
2022-03-25 19:43:25.072143,1,0,2,0,0,0,0,0,0,0,0,0,0,0,0,0,0,19,0,0,0,4.09,10000,10.02,2,0.01,0.14,0.20
2022-03-25 19:43:35.101382,1,1,2,0,0,0,0,0,0,0,0,0,0,0,0,0,0,16,0,0,0,4.10,10000,10.02,3,0.01,0.16,0.22
2022-03-25 19:43:45.130376,1,3,0,1,0,0,0,0,0,0,0,0,0,0,0,0,0,0,0,0,0,4.10,10000,10.02,4,0.02,0.15,0.47
2022-03-25 19:43:55.159597,1,3,0,0,0,0,0,0,0,0,0,0,0,0,0,0,0,0,0,0,0,4.10,10000,10.02,3,0.02,0.05,0.05
2022-03-25 19:44:05.204046,1,4,0,1,0,0,0,0,0,0,0,0,0,0,0,0,0,0,0,0,0,4.10,10000,10.02,5,0.03,0.17,0.48
2022-03-25 19:44:15.233107,1,4,3,0,0,0,0,0,0,0,0,0,0,0,0,0,0,18,0,0,0,4.10,10000,10.02,7,0.04,0.28,0.37
2022-03-25 19:44:25.262069,1,2,1,1,0,0,0,0,0,0,0,0,0,0,0,0,0,23,0,0,0,4.09,10000,10.02,4,0.02,0.21,0.55
2022-03-25 19:44:35.275772,1,1,0,1,0,0,0,0,0,0,0,0,0,0,0,0,0,0,0,0,0,4.09,10000,10.02,2,0.01,0.12,0.44
2022-03-25 19:44:45.320367,1,3,0,1,0,0,0,0,0,0,0,0,0,0,0,0,0,0,0,0,0,4.09,10000,10.02,4,0.02,0.15,0.47
2022-03-25 19:44:55.349794,1,4,0,0,1,0,0,0,0,0,0,0,0,0,0,0,0,0,25,0,0,4.09,10000,10.02,5,0.03,0.13,1.40
2022-03-25 19:45:05.379329,1,2,2,0,0,0,0,0,0,0,0,0,0,0,0,0,0,17,0,0,0,4.09,10000,10.02,4,0.02,0.17,0.24
2022-03-25 19:45:15.408611,1,4,2,0,0,0,0,0,0,0,0,0,0,0,0,0,0,20,0,0,0,4.08,10000,10.02,6,0.04,0.21,0.27
2022-03-25 19:45:25.437597,1,1,0,0,0,0,0,0,0,0,0,0,0,0,0,0,0,0,0,0,0,4.08,10000,10.02,1,0.01,0.02,0.02
2022-03-25 19:45:35.466573,1,1,1,0,0,0,0,0,0,0,0,0,0,0,0,0,0,21,0,0,0,4.07,10000,10.02,2,0.01,0.09,0.12
2022-03-25 19:45:45.495817,1,2,2,0,0,0,0,0,0,0,0,0,0,0,0,0,0,17,0,0,0,4.08,10000,10.02,4,0.02,0.17,0.24
2022-03-25 19:45:55.524959,1,3,0,0,0,0,0,0,0,0,0,0,0,0,0,0,0,0,0,0,0,4.08,10000,10.02,3,0.02,0.05,0.05
2022-03-25 19:46:05.553951,1,2,2,0,0,0,0,0,0,0,0,0,0,0,0,0,0,17,0,0,0,4.09,10000,10.02,4,0.02,0.17,0.24
2022-03-25 19:46:15.598362,1,4,1,0,0,1,0,0,0,0,0,0,0,0,0,0,0,15,0,0,0,4.10,10000,10.02,6,0.03,0.15,3.52
2022-03-25 19:46:25.627586,1,4,1,0,0,0,0,0,0,0,0,0,0,0,0,0,0,25,0,0,0,4.07,10000,10.02,5,0.03,0.14,0.17
2022-03-25 19:46:35.656642,1,2,2,1,0,0,0,0,0,0,0,0,0,0,0,0,0,20,0,0,0,4.06,10000,10.02,5,0.02,0.28,0.66
2022-03-25 19:46:45.685726,1,2,1,0,0,0,0,0,0,0,0,0,0,0,0,0,0,21,0,0,0,4.05,10000,10.02,3,0.02,0.10,0.14
2022-03-25 19:46:55.714958,1,3,1,0,0,0,0,0,0,0,0,0,0,0,0,0,0,17,0,0,0,4.05,10000,10.02,4,0.02,0.12,0.15
2022-03-25 19:47:05.744056,1,2,1,0,0,0,0,0,0,0,0,0,0,0,0,0,0,17,0,0,0,4.06,10000,10.02,3,0.02,0.10,0.14
2022-03-25 19:47:15.773232,1,1,1,0,0,0,0,0,0,0,0,0,0,0,0,0,0,17,0,0,0,4.06,10000,10.02,2,0.01,0.09,0.12
2022-03-25 19:47:25.802243,1,0,2,0,0,0,0,0,0,0,0,0,0,0,0,0,0,20,0,0,0,4.05,10000,10.02,2,0.01,0.14,0.20
2022-03-25 19:47:35.831346,1,3,2,0,0,0,0,0,0,0,0,0,0,0,0,0,0,26,0,0,0,4.00,10000,10.02,5,0.03,0.19,0.26
2022-03-25 19:47:45.860401,1,2,1,0,0,0,0,0,0,0,0,0,0,0,0,0,0,19,0,0,0,3.99,10000,10.02,3,0.02,0.11,0.14
2022-03-25 19:47:55.889644,1,3,1,0,0,0,0,0,0,0,0,0,0,0,0,0,0,15,0,0,0,4.01,10000,10.02,4,0.02,0.12,0.15
2022-03-25 19:48:05.934234,1,4,4,0,0,0,0,0,0,0,0,0,0,0,0,0,0,17,0,0,0,4.03,10000,10.02,8,0.04,0.35,0.48
2022-03-25 19:48:15.962669,1,5,1,0,0,0,0,0,0,0,0,0,0,0,0,0,0,17,0,0,0,4.03,10000,10.02,6,0.04,0.15,0.19
2022-03-25 19:48:25.991560,1,2,1,0,0,0,0,0,0,0,0,0,0,0,0,0,0,17,0,0,0,4.04,10000,10.02,3,0.02,0.10,0.14
2022-03-25 19:48:36.020933,1,4,0,0,0,0,0,0,0,0,0,0,0,0,0,0,0,0,0,0,0,4.04,10000,10.02,4,0.03,0.07,0.07
2022-03-25 19:48:46.049962,1,2,0,0,0,0,0,0,0,0,0,0,0,0,0,0,0,0,0,0,0,4.04,10000,10.02,2,0.01,0.03,0.03
2022-03-25 19:48:56.078944,1,2,0,1,1,0,0,0,0,0,0,0,0,0,0,0,0,0,23,0,0,4.04,10000,10.01,4,0.01,0.20,1.81
2022-03-25 19:49:06.108128,1,4,3,1,0,0,0,0,0,0,0,0,0,0,0,0,0,15,0,0,0,4.07,10000,10.02,8,0.04,0.38,0.79
2022-03-25 19:49:16.137377,1,4,2,1,0,0,0,0,0,0,0,0,0,0,0,0,0,25,0,0,0,4.02,10000,10.02,7,0.04,0.31,0.70
2022-03-25 19:49:26.166331,1,1,3,2,0,0,0,0,0,0,0,0,0,0,0,0,0,18,0,0,0,4.03,10000,10.02,6,0.02,0.44,1.18
2022-03-25 19:49:36.195502,1,1,2,0,0,0,0,0,0,0,0,0,0,0,0,0,0,19,0,0,0,4.02,10000,10.02,3,0.02,0.16,0.22
2022-03-25 19:49:46.224795,1,1,2,0,1,0,0,0,0,0,0,0,0,0,0,0,0,18,35,0,0,4.03,10000,10.02,4,0.02,0.22,1.57
2022-03-25 19:49:56.253902,1,5,1,0,0,0,0,0,0,0,0,0,0,0,0,0,0,17,0,0,0,4.03,10000,10.02,6,0.04,0.15,0.19
2022-03-25 19:50:06.282877,1,3,1,0,0,0,0,0,0,0,0,0,0,0,0,0,0,21,0,0,0,4.02,10000,10.02,4,0.02,0.12,0.15
2022-03-25 19:50:16.311973,1,3,0,1,0,0,0,0,0,0,0,0,0,0,0,0,0,0,0,0,0,4.02,10000,10.02,4,0.02,0.15,0.48
2022-03-25 19:50:26.356192,1,2,2,0,0,0,0,0,0,0,0,0,0,0,0,0,0,15,0,0,0,4.04,10000,10.02,4,0.02,0.18,0.24
2022-03-25 19:50:36.385199,1,4,2,1,0,0,0,0,0,0,0,0,0,0,0,0,0,22,0,0,0,4.02,10000,10.02,7,0.04,0.31,0.70
2022-03-25 19:50:46.414468,1,3,1,0,0,0,0,0,0,0,0,0,0,0,0,0,0,19,0,0,0,4.02,10000,10.02,4,0.02,0.12,0.15
2022-03-25 19:50:56.443649,1,5,2,1,0,0,0,0,0,0,0,0,0,0,0,0,0,16,0,0,0,4.03,10000,10.02,8,0.04,0.33,0.71
2022-03-25 19:51:06.472778,1,0,4,0,0,0,0,0,0,0,0,0,0,0,0,0,0,19,0,0,0,4.02,10000,10.02,4,0.02,0.29,0.41
2022-03-25 19:51:16.501829,1,3,0,1,0,0,0,0,0,0,0,0,0,0,0,0,0,0,0,0,0,4.02,10000,10.02,4,0.02,0.15,0.48
2022-03-25 19:51:26.530931,1,2,3,0,0,0,0,0,0,0,0,0,0,0,0,0,0,20,0,0,0,4.01,10000,10.02,5,0.03,0.25,0.34
2022-03-25 19:51:36.560178,1,2,0,0,1,0,0,0,0,0,0,0,0,0,0,0,0,0,31,0,0,4.01,10000,10.02,3,0.01,0.10,1.39
2022-03-25 19:51:46.589255,1,0,2,0,0,0,0,0,0,0,0,0,0,0,0,0,0,15,0,0,0,4.03,10000,10.02,2,0.01,0.14,0.21
2022-03-25 19:51:56.618298,1,2,1,0,1,0,0,0,0,0,0,0,0,0,0,0,0,19,23,0,0,4.03,10000,10.02,4,0.02,0.17,1.49
2022-03-25 19:52:06.647596,1,3,2,0,1,0,0,0,0,0,0,0,0,0,0,0,0,17,27,0,0,4.04,10000,10.02,6,0.03,0.25,1.60
2022-03-25 19:52:16.676422,1,1,0,0,0,0,0,0,0,0,0,0,0,0,0,0,0,0,0,0,0,4.04,10000,10.02,1,0.01,0.02,0.02
2022-03-25 19:52:26.720923,1,2,1,0,0,0,0,0,0,0,0,0,0,0,0,0,0,23,0,0,0,4.02,10000,10.02,3,0.02,0.10,0.14
2022-03-25 19:52:36.749986,1,4,0,1,0,0,0,0,0,0,0,0,0,0,0,0,0,0,0,0,0,4.02,10000,10.02,5,0.03,0.17,0.49
2022-03-25 19:52:46.778745,1,3,0,0,0,0,0,0,0,0,0,0,0,0,0,0,0,0,0,0,0,4.02,10000,10.02,3,0.02,0.05,0.05
2022-03-25 19:52:56.807681,1,3,0,1,0,0,0,0,0,0,0,0,0,0,0,0,0,0,0,0,0,4.02,10000,10.02,4,0.02,0.15,0.48
2022-03-25 19:53:06.836492,1,0,3,0,0,0,0,0,0,0,0,0,0,0,0,0,0,18,0,0,0,4.03,10000,10.02,3,0.01,0.21,0.31
2022-03-25 19:53:16.865705,1,3,1,0,0,0,0,0,0,0,0,0,0,0,0,0,0,21,0,0,0,4.02,10000,10.02,4,0.02,0.12,0.15
2022-03-25 19:53:26.894524,1,2,0,0,0,0,0,0,0,0,0,0,0,0,0,0,0,0,0,0,0,4.02,10000,10.02,2,0.01,0.03,0.03
2022-03-25 19:53:36.923518,1,4,0,0,0,0,0,0,0,0,0,0,0,0,0,0,0,0,0,0,0,4.02,10000,10.02,4,0.03,0.07,0.07
2022-03-25 19:53:46.952600,1,3,0,0,0,0,0,0,0,0,0,0,0,0,0,0,0,0,0,0,0,4.02,10000,10.02,3,0.02,0.05,0.05
2022-03-25 19:53:56.981676,1,2,0,1,1,0,0,0,0,0,0,0,0,0,0,0,0,0,41,0,0,4.02,10000,10.02,4,0.01,0.20,1.81
2022-03-25 19:54:07.010931,1,4,0,0,0,0,0,0,0,0,0,0,0,0,0,0,0,0,0,0,0,4.02,10000,10.02,4,0.03,0.07,0.07
2022-03-25 19:54:17.054950,1,2,0,0,1,0,0,0,0,0,0,0,0,0,0,0,0,0,23,0,0,4.02,10000,10.02,3,0.01,0.10,1.39
2022-03-25 19:54:27.084146,1,3,1,0,0,0,0,0,0,0,0,0,0,0,0,0,0,15,0,0,0,4.03,10000,10.02,4,0.02,0.12,0.15
2022-03-25 19:54:37.113343,1,2,0,1,0,0,0,0,0,0,0,0,0,0,0,0,0,0,0,0,0,4.03,10000,10.02,3,0.01,0.14,0.46
2022-03-25 19:54:47.142598,1,3,0,0,0,0,0,0,0,0,0,0,0,0,0,0,0,0,0,0,0,4.03,10000,10.02,3,0.02,0.05,0.05
2022-03-25 19:54:57.171590,1,5,0,1,0,0,0,0,0,0,0,0,0,0,0,0,0,0,0,0,0,4.03,10000,10.02,6,0.03,0.19,0.51
2022-03-25 19:55:07.200506,1,0,2,0,0,0,0,0,0,0,0,0,0,0,0,0,0,22,0,0,0,4.00,10000,10.02,2,0.01,0.14,0.21
2022-03-25 19:55:17.229690,1,1,2,0,0,0,0,0,0,0,0,0,0,0,0,0,0,16,0,0,0,4.02,10000,10.02,3,0.02,0.16,0.22
2022-03-25 19:55:27.258658,1,7,1,1,6,3,0,0,0,0,0,0,0,0,0,0,0,19,30,0,0,4.02,10000,10.02,18,0.05,0.71,19.02
2022-03-25 19:55:37.287486,1,2,0,0,0,0,0,0,0,0,0,0,0,0,0,0,0,0,0,0,0,4.02,10000,10.02,2,0.01,0.03,0.03
2022-03-25 19:55:47.316546,1,2,2,0,0,0,0,0,0,0,0,0,0,0,0,0,0,16,0,0,0,4.04,10000,10.02,4,0.02,0.18,0.24
2022-03-25 19:55:57.360688,1,1,1,0,0,0,0,0,0,0,0,0,0,0,0,0,0,11,0,0,0,4.06,10000,10.02,2,0.01,0.09,0.12
2022-03-25 19:56:07.389680,1,2,0,2,0,0,0,0,0,0,0,0,0,0,0,0,0,0,0,0,0,4.06,10000,10.02,4,0.01,0.24,0.88
2022-03-25 19:56:17.418679,1,6,0,0,0,0,0,0,0,0,0,0,0,0,0,0,0,0,0,0,0,4.06,10000,10.02,6,0.04,0.10,0.10
2022-03-25 19:56:27.447819,1,1,1,0,0,0,0,0,0,0,0,0,0,0,0,0,0,13,0,0,0,4.08,10000,10.02,2,0.01,0.09,0.12
2022-03-25 19:56:37.476977,1,4,1,0,0,0,0,0,0,0,0,0,0,0,0,0,0,21,0,0,0,4.07,10000,10.02,5,0.03,0.14,0.17
2022-03-25 19:56:47.505793,1,3,1,0,0,0,0,0,0,0,0,0,0,0,0,0,0,15,0,0,0,4.08,10000,10.02,4,0.02,0.12,0.15
2022-03-25 19:56:57.534743,1,1,0,1,0,0,0,0,0,0,0,0,0,0,0,0,0,0,0,0,0,4.08,10000,10.02,2,0.01,0.12,0.44
2022-03-25 19:57:07.563900,1,2,1,0,0,0,0,0,0,0,0,0,0,0,0,0,0,19,0,0,0,4.08,10000,10.02,3,0.02,0.10,0.14
2022-03-25 19:57:17.592787,1,5,0,0,0,1,0,0,0,0,0,0,0,0,0,0,0,0,0,0,0,4.08,10000,10.02,6,0.03,0.10,3.45
2022-03-25 19:57:27.621668,1,2,0,1,0,0,0,0,0,0,0,0,0,0,0,0,0,0,0,0,0,4.08,10000,10.02,3,0.01,0.14,0.45
2022-03-25 19:57:37.650384,1,2,2,0,0,0,0,0,0,0,0,0,0,0,0,0,0,16,0,0,0,4.10,10000,10.02,4,0.02,0.17,0.24
2022-03-25 19:57:47.679900,1,1,2,0,0,0,0,0,0,0,0,0,0,0,0,0,0,16,0,0,0,4.11,10000,10.02,3,0.01,0.16,0.22
2022-03-25 19:57:57.708865,1,3,0,1,0,0,0,0,0,0,0,0,0,0,0,0,0,0,0,0,0,4.11,10000,10.02,4,0.02,0.15,0.47
2022-03-25 19:58:07.753316,1,4,1,1,0,0,0,0,0,0,0,0,0,0,0,0,0,15,0,0,0,4.12,10000,10.02,6,0.03,0.24,0.58
2022-03-25 19:58:17.782459,1,1,1,0,1,0,0,0,0,0,0,0,0,0,0,0,0,15,25,0,0,4.13,10000,10.02,3,0.01,0.15,1.43
2022-03-25 19:58:27.811817,1,1,1,0,1,0,0,0,0,0,0,0,0,0,0,0,0,15,29,0,0,4.14,10000,10.02,3,0.01,0.15,1.43
2022-03-25 19:58:37.840723,1,4,0,1,0,0,0,0,0,0,0,0,0,0,0,0,0,0,0,0,0,4.14,10000,10.02,5,0.03,0.17,0.48
2022-03-25 19:58:47.869648,1,3,1,1,0,0,0,0,0,0,0,0,0,0,0,0,0,17,0,0,0,4.15,10000,10.02,5,0.02,0.22,0.56
2022-03-25 19:58:57.898927,1,0,2,0,1,0,0,0,0,0,0,0,0,0,0,0,0,16,25,0,0,4.16,10000,10.02,3,0.01,0.20,1.51
2022-03-25 19:59:07.928033,1,7,1,1,1,0,0,0,0,0,0,0,0,0,0,0,0,19,29,0,0,4.16,10000,10.02,10,0.05,0.34,1.93
2022-03-25 19:59:17.957008,1,3,0,0,0,0,0,0,0,0,0,0,0,0,0,0,0,0,0,0,0,4.16,10000,10.02,3,0.02,0.05,0.05
2022-03-25 19:59:27.986006,1,0,2,0,0,0,0,0,0,0,0,0,0,0,0,0,0,16,0,0,0,4.17,10000,10.02,2,0.01,0.14,0.20
2022-03-25 19:59:38.015047,1,1,1,0,1,0,0,0,0,0,0,0,0,0,0,0,0,15,37,0,0,4.18,10000,10.02,3,0.01,0.14,1.42
2022-03-25 19:59:48.044189,1,1,2,0,0,0,0,0,0,0,0,0,0,0,0,0,0,23,0,0,0,4.14,10000,10.02,3,0.01,0.16,0.22
2022-03-25 19:59:58.073431,1,0,1,0,1,0,0,0,0,0,0,0,0,0,0,0,0,17,27,0,0,4.14,10000,10.02,2,0.00,0.13,1.41
2022-03-25 20:00:08.102487,1,4,2,0,0,0,0,0,0,0,0,0,0,0,0,0,0,15,0,0,0,4.17,10000,10.02,6,0.03,0.20,0.26
2022-03-25 20:00:18.131126,1,1,3,1,0,0,0,0,0,0,0,0,0,0,0,0,0,20,0,0,0,4.14,10000,10.02,5,0.02,0.33,0.73
2022-03-25 20:00:28.175448,1,1,1,0,0,0,0,0,0,0,0,0,0,0,0,0,0,15,0,0,0,4.15,10000,10.02,2,0.01,0.09,0.12
2022-03-25 20:00:38.204375,1,2,1,0,0,0,0,0,0,0,0,0,0,0,0,0,0,21,0,0,0,4.14,10000,10.02,3,0.02,0.10,0.13
2022-03-25 20:00:48.233852,1,4,2,0,0,0,0,0,0,0,0,0,0,0,0,0,0,23,0,0,0,4.10,10000,10.02,6,0.03,0.21,0.27
2022-03-25 20:00:58.262629,1,4,1,0,0,0,0,0,0,0,0,0,0,0,0,0,0,15,0,0,0,4.11,10000,10.02,5,0.03,0.13,0.17
2022-03-25 20:01:08.291936,1,0,3,0,0,0,0,0,0,0,0,0,0,0,0,0,0,14,0,0,0,4.16,10000,10.02,3,0.01,0.21,0.30
2022-03-25 20:01:18.321169,1,2,1,0,0,0,0,0,0,0,0,0,0,0,0,0,0,17,0,0,0,4.16,10000,10.02,3,0.02,0.10,0.13
2022-03-25 20:01:28.350515,1,2,1,1,0,0,0,0,0,0,0,0,0,0,0,0,0,15,0,0,0,4.17,10000,10.02,4,0.02,0.20,0.54
2022-03-25 20:01:38.379874,1,6,1,0,0,0,0,0,0,0,0,0,0,0,0,0,0,17,0,0,0,4.17,10000,10.02,7,0.04,0.16,0.20
2022-03-25 20:01:48.408633,1,1,0,1,0,0,0,0,0,0,0,0,0,0,0,0,0,0,0,0,0,4.17,10000,10.02,2,0.01,0.12,0.43
2022-03-25 20:01:58.437546,1,0,0,0,0,0,0,0,0,0,0,0,0,0,0,0,0,0,0,0,0,4.17,10000,10.02,0,0.00,0.00,0.00
2022-03-25 20:02:08.466582,1,4,3,0,0,0,0,0,0,0,0,0,0,0,0,0,0,17,0,0,0,4.18,10000,10.02,7,0.04,0.27,0.36
2022-03-25 20:02:18.495694,1,3,1,0,0,1,0,0,0,0,0,0,0,0,0,0,0,13,0,0,0,4.20,10000,10.02,5,0.02,0.13,3.42
2022-03-25 20:02:28.524798,1,3,1,0,0,0,0,0,0,0,0,0,0,0,0,0,0,11,0,0,0,4.23,10000,10.02,4,0.02,0.12,0.15
2022-03-25 20:02:38.554169,1,5,0,1,0,0,0,0,0,0,0,0,0,0,0,0,0,0,0,0,0,4.23,10000,10.02,6,0.03,0.18,0.49
2022-03-25 20:02:48.598644,1,3,0,0,0,0,0,0,0,0,0,0,0,0,0,0,0,0,0,0,0,4.23,10000,10.02,3,0.02,0.05,0.05
2022-03-25 20:02:58.627762,1,2,0,2,0,0,0,0,0,0,0,0,0,0,0,0,0,0,0,0,0,4.23,10000,10.02,4,0.01,0.23,0.84
2022-03-25 20:03:08.656821,1,0,2,2,0,0,0,0,0,0,0,0,0,0,0,0,0,19,0,0,0,4.21,10000,10.02,4,0.01,0.34,1.01
2022-03-25 20:03:18.686438,1,2,3,2,0,1,1,0,0,0,0,0,0,0,0,0,0,19,0,59,0,4.20,10000,10.02,9,0.03,0.46,9.41
2022-03-25 20:03:28.715674,1,14,4,1,1,0,0,0,0,0,0,0,0,0,0,0,0,17,31,0,0,4.21,10000,10.02,20,0.11,0.66,2.32
2022-03-25 20:03:38.744571,1,6,2,1,1,0,0,0,0,0,0,0,0,0,0,0,0,16,25,0,0,4.22,10000,10.01,10,0.05,0.39,1.99
2022-03-25 20:03:48.773784,1,4,4,1,0,0,0,0,0,0,0,0,0,0,0,0,0,15,0,0,0,4.26,10000,10.02,9,0.04,0.43,0.86
2022-03-25 20:03:58.802975,1,2,0,0,0,0,0,0,0,0,0,0,0,0,0,0,0,0,0,0,0,4.26,10000,10.02,2,0.01,0.03,0.03
2022-03-25 20:04:08.832505,1,1,1,1,0,0,0,0,0,0,0,0,0,0,0,0,0,17,0,0,0,4.26,10000,10.02,3,0.01,0.18,0.52
2022-03-25 20:04:18.861503,1,2,1,0,1,0,1,0,0,0,0,0,0,0,0,0,0,17,25,39,0,4.26,10000,10.02,5,0.02,0.16,6.32
2022-03-25 20:04:28.890568,1,2,0,0,0,0,0,0,0,0,0,0,0,0,0,0,0,0,0,0,0,4.26,10000,10.02,2,0.01,0.03,0.03
2022-03-25 20:04:38.919880,1,3,3,0,0,0,0,0,0,0,0,0,0,0,0,0,0,19,0,0,0,4.24,10000,10.02,6,0.03,0.25,0.34
2022-03-25 20:04:48.948676,1,3,1,2,0,0,0,0,0,0,0,0,0,0,0,0,0,19,0,0,0,4.24,10000,10.02,6,0.02,0.31,0.95
2022-03-25 20:04:58.992980,1,3,1,0,0,0,0,0,0,0,0,0,0,0,0,0,0,23,0,0,0,4.21,10000,10.02,4,0.02,0.12,0.15
2022-03-25 20:05:09.022342,1,4,0,0,0,0,0,0,0,0,0,0,0,0,0,0,0,0,0,0,0,4.21,10000,10.02,4,0.03,0.06,0.06
2022-03-25 20:05:19.051671,1,2,1,0,1,0,0,0,0,0,0,0,0,0,0,0,0,13,27,0,0,4.23,10000,10.02,4,0.02,0.16,1.42
2022-03-25 20:05:29.080758,1,2,2,0,0,0,0,0,0,0,0,0,0,0,0,0,0,20,0,0,0,4.21,10000,10.02,4,0.02,0.17,0.23
2022-03-25 20:05:39.109759,1,2,0,0,0,0,0,0,0,0,0,0,0,0,0,0,0,0,0,0,0,4.21,10000,10.02,2,0.01,0.03,0.03
2022-03-25 20:05:49.139108,1,1,3,1,0,0,0,0,0,0,0,0,0,0,0,0,0,18,0,0,0,4.21,10000,10.02,5,0.02,0.32,0.72
2022-03-25 20:05:59.168014,1,8,2,1,0,0,0,0,0,0,0,0,0,0,0,0,0,11,0,0,0,4.26,10000,10.01,11,0.06,0.36,0.73
2022-03-25 20:06:09.197361,1,2,0,0,0,0,0,0,0,0,0,0,0,0,0,0,0,0,0,0,0,4.26,10000,10.02,2,0.01,0.03,0.03
2022-03-25 20:06:19.226320,1,1,2,0,0,0,0,0,0,0,0,0,0,0,0,0,0,18,0,0,0,4.25,10000,10.02,3,0.01,0.15,0.21
2022-03-25 20:06:29.255441,1,3,1,0,0,0,0,0,0,0,0,0,0,0,0,0,0,23,0,0,0,4.23,10000,10.01,4,0.02,0.12,0.15
2022-03-25 20:06:39.284436,1,3,0,0,0,0,0,0,0,0,0,0,0,0,0,0,0,0,0,0,0,4.23,10000,10.02,3,0.02,0.05,0.05
2022-03-25 20:06:49.313514,1,2,0,0,0,0,0,0,0,0,0,0,0,0,0,0,0,0,0,0,0,4.23,10000,10.02,2,0.01,0.03,0.03
2022-03-25 20:06:59.357942,1,1,3,0,0,0,0,0,0,0,0,0,0,0,0,0,0,20,0,0,0,4.20,10000,10.02,4,0.02,0.22,0.31
2022-03-25 20:07:09.387071,1,0,0,0,0,0,0,0,0,0,0,0,0,0,0,0,0,0,0,0,0,4.20,10000,10.02,0,0.00,0.00,0.00
2022-03-25 20:07:19.416373,1,4,2,1,0,0,0,0,0,0,0,0,0,0,0,0,0,16,0,0,0,4.22,10000,10.02,7,0.03,0.30,0.67
2022-03-25 20:07:29.445556,1,2,1,0,0,0,0,0,0,0,0,0,0,0,0,0,0,15,0,0,0,4.23,10000,10.02,3,0.02,0.10,0.13
2022-03-25 20:07:39.474270,1,2,4,0,0,0,1,0,0,0,0,0,0,0,0,0,0,21,0,43,0,4.17,10000,10.02,7,0.03,0.31,5.45
2022-03-25 20:07:49.503356,1,5,2,0,1,0,0,0,0,0,0,0,0,0,0,0,0,16,23,0,0,4.19,10000,10.02,8,0.04,0.28,1.58
2022-03-25 20:07:59.532492,1,4,1,2,0,0,0,0,0,0,0,0,0,0,0,0,0,13,0,0,0,4.21,10000,10.02,7,0.03,0.33,0.98
2022-03-25 20:08:09.561641,1,4,0,1,0,0,0,0,0,0,0,0,0,0,0,0,0,0,0,0,0,4.21,10000,10.02,5,0.03,0.16,0.47
2022-03-25 20:08:19.590690,1,4,0,2,0,0,0,0,0,0,0,0,0,0,0,0,0,0,0,0,0,4.21,10000,10.02,6,0.03,0.26,0.88
2022-03-25 20:08:29.619796,1,2,1,0,1,0,0,0,0,0,0,0,0,0,0,0,0,15,33,0,0,4.22,10000,10.02,4,0.02,0.16,1.42
2022-03-25 20:08:39.648872,1,4,2,0,0,0,0,0,0,0,0,0,0,0,0,0,0,19,0,0,0,4.20,10000,10.02,6,0.03,0.20,0.26
2022-03-25 20:08:49.693112,1,4,1,0,1,0,0,0,0,0,0,0,0,0,0,0,0,15,49,0,0,4.21,10000,10.02,6,0.03,0.19,1.45
2022-03-25 20:08:59.721903,1,2,0,2,0,0,0,0,0,0,0,0,0,0,0,0,0,0,0,0,0,4.21,10000,10.02,4,0.01,0.23,0.84
2022-03-25 20:09:09.751334,1,2,3,0,0,0,0,0,0,0,0,0,0,0,0,0,0,15,0,0,0,4.24,10000,10.02,5,0.02,0.24,0.33
2022-03-25 20:09:19.780369,1,3,0,2,1,0,0,0,0,0,0,0,0,0,0,0,0,0,31,0,0,4.24,10000,10.02,6,0.02,0.30,2.14
2022-03-25 20:09:29.809604,1,1,1,0,0,0,0,0,0,0,0,0,0,0,0,0,0,17,0,0,0,4.25,10000,10.02,2,0.01,0.08,0.11
2022-03-25 20:09:39.838808,1,0,3,1,0,0,0,0,0,0,0,0,0,0,0,0,0,16,0,0,0,4.26,10000,10.02,4,0.01,0.30,0.69
2022-03-25 20:09:49.867974,1,1,3,0,0,0,0,0,0,0,0,0,0,0,0,0,0,16,0,0,0,4.28,10000,10.02,4,0.02,0.22,0.31
2022-03-25 20:09:59.896909,1,2,0,1,0,0,0,0,0,0,0,0,0,0,0,0,0,0,0,0,0,4.28,10000,10.02,3,0.01,0.13,0.43
2022-03-25 20:10:09.925694,1,1,0,0,0,0,0,0,0,0,0,0,0,0,0,0,0,0,0,0,0,4.28,10000,10.02,1,0.01,0.02,0.02
2022-03-25 20:10:19.970172,1,7,2,0,1,0,0,0,0,0,0,0,0,0,0,0,0,18,23,0,0,4.27,10000,10.02,10,0.05,0.30,1.58
2022-03-25 20:10:29.984058,1,3,4,3,0,0,0,0,0,0,0,0,0,0,0,0,0,16,0,0,0,4.29,10000,10.02,10,0.04,0.61,1.63
2022-03-25 20:10:40.028706,1,21,21,20,3,0,0,0,0,0,0,0,0,0,0,0,0,17,27,0,0,4.31,10000,10.02,65,0.23,3.86,14.09
2022-03-25 20:10:50.057675,1,0,0,1,0,0,0,0,0,0,0,0,0,0,0,0,0,0,0,0,0,4.31,10000,10.02,1,0.00,0.10,0.40
2022-03-25 20:11:00.086928,1,2,2,0,1,0,0,0,0,0,0,0,0,0,0,0,0,18,27,0,0,4.30,10000,10.02,5,0.02,0.22,1.49
2022-03-25 20:11:10.115976,1,4,2,1,0,1,0,0,0,0,0,0,0,0,0,0,0,19,0,0,0,4.29,10000,10.02,8,0.03,0.31,3.86
2022-03-25 20:11:20.145137,1,4,2,0,0,0,0,0,0,0,0,0,0,0,0,0,0,18,0,0,0,4.28,10000,10.02,6,0.03,0.20,0.26
2022-03-25 20:11:30.174150,1,1,2,0,0,0,0,0,0,0,0,0,0,0,0,0,0,17,0,0,0,4.28,10000,10.02,3,0.01,0.15,0.21
2022-03-25 20:11:40.203044,1,4,0,1,0,0,0,0,0,0,0,0,0,0,0,0,0,0,0,0,0,4.28,10000,10.02,5,0.03,0.16,0.46
2022-03-25 20:11:50.232171,1,1,0,0,0,0,0,0,0,0,0,0,0,0,0,0,0,0,0,0,0,4.28,10000,10.02,1,0.01,0.02,0.02
2022-03-25 20:12:00.276576,1,2,1,0,0,0,0,0,0,0,0,0,0,0,0,0,0,13,0,0,0,4.30,10000,10.02,3,0.02,0.10,0.13
2022-03-25 20:12:10.290396,1,3,2,0,0,0,0,0,0,0,0,0,0,0,0,0,0,20,0,0,0,4.28,10000,10.02,5,0.03,0.18,0.24
2022-03-25 20:12:20.334892,1,1,0,0,0,0,0,0,0,0,0,0,0,0,0,0,0,0,0,0,0,4.28,10000,10.02,1,0.01,0.02,0.02
2022-03-25 20:12:30.363946,1,1,1,0,0,0,0,0,0,0,0,0,0,0,0,0,0,21,0,0,0,4.26,10000,10.02,2,0.01,0.08,0.11
2022-03-25 20:12:40.392836,1,5,2,1,0,0,0,0,0,0,0,0,0,0,0,0,0,15,0,0,0,4.28,10000,10.02,8,0.04,0.31,0.67
2022-03-25 20:12:50.421819,1,1,1,0,0,0,0,0,0,0,0,0,0,0,0,0,0,13,0,0,0,4.30,10000,10.02,2,0.01,0.08,0.11
2022-03-25 20:13:00.450823,1,6,2,1,0,0,0,0,0,0,0,0,0,0,0,0,0,13,0,0,0,4.33,10000,10.02,9,0.05,0.32,0.68
2022-03-25 20:13:10.480087,1,2,1,1,0,0,0,0,0,0,0,0,0,0,0,0,0,13,0,0,0,4.35,10000,10.02,4,0.02,0.19,0.52
2022-03-25 20:13:20.508925,1,3,1,0,0,0,0,0,0,0,0,0,0,0,0,0,0,17,0,0,0,4.35,10000,10.02,4,0.02,0.11,0.14
2022-03-25 20:13:30.537779,1,2,2,0,0,0,0,0,0,0,0,0,0,0,0,0,0,20,0,0,0,4.33,10000,10.02,4,0.02,0.16,0.22
2022-03-25 20:13:40.567043,1,2,0,0,0,0,0,0,0,0,0,0,0,0,0,0,0,0,0,0,0,4.33,10000,10.02,2,0.01,0.03,0.03
2022-03-25 20:13:50.596534,1,4,0,1,0,0,0,0,0,0,0,0,0,0,0,0,0,0,0,0,0,4.33,10000,10.02,5,0.03,0.16,0.46
2022-03-25 20:14:00.625740,1,0,1,2,0,0,0,0,0,0,0,0,0,0,0,0,0,19,0,0,0,4.32,10000,10.02,3,0.01,0.26,0.89
2022-03-25 20:14:10.670063,1,3,3,0,0,0,0,0,0,0,0,0,0,0,0,0,0,15,0,0,0,4.34,10000,10.02,6,0.03,0.25,0.33
2022-03-25 20:14:20.699508,1,4,4,1,0,0,0,0,0,0,0,0,0,0,0,0,0,16,0,0,0,4.36,10000,10.02,9,0.04,0.42,0.84
2022-03-25 20:14:30.728395,1,0,0,1,0,0,0,0,0,0,0,0,0,0,0,0,0,0,0,0,0,4.36,10000,10.02,1,0.00,0.10,0.39
2022-03-25 20:14:40.757470,1,0,0,0,0,0,0,0,0,0,0,0,0,0,0,0,0,0,0,0,0,4.36,10000,10.02,0,0.00,0.00,0.00
2022-03-25 20:14:50.786659,1,2,0,0,0,0,0,0,0,0,0,0,0,0,0,0,0,0,0,0,0,4.36,10000,10.02,2,0.01,0.03,0.03
2022-03-25 20:15:00.815598,1,1,2,0,0,0,0,0,0,0,0,0,0,0,0,0,0,16,0,0,0,4.37,10000,10.02,3,0.01,0.15,0.21
2022-03-25 20:15:10.844875,1,4,2,1,0,0,0,0,0,0,0,0,0,0,0,0,0,17,0,0,0,4.37,10000,10.02,7,0.03,0.29,0.64
2022-03-25 20:15:20.874133,1,2,0,1,0,0,0,0,0,0,0,0,0,0,0,0,0,0,0,0,0,4.37,10000,10.02,3,0.01,0.13,0.42
2022-03-25 20:15:30.903220,1,3,1,0,0,0,0,0,0,0,0,0,0,0,0,0,0,15,0,0,0,4.38,10000,10.02,4,0.02,0.11,0.14
2022-03-25 20:15:40.932403,1,3,1,0,0,0,0,0,0,0,0,0,0,0,0,0,0,17,0,0,0,4.38,10000,10.02,4,0.02,0.11,0.14
2022-03-25 20:15:50.961703,1,2,1,0,0,0,0,0,0,0,0,0,0,0,0,0,0,17,0,0,0,4.38,10000,10.02,3,0.02,0.10,0.13
2022-03-25 20:16:01.005777,1,3,2,1,0,0,0,0,0,0,0,0,0,0,0,0,0,20,0,0,0,4.35,10000,10.02,6,0.03,0.28,0.63
2022-03-25 20:16:11.019410,1,4,1,0,0,1,0,0,0,0,0,0,0,0,0,0,0,13,0,0,0,4.37,10000,10.02,6,0.03,0.14,3.30
2022-03-25 20:16:21.063655,1,2,1,0,0,0,0,0,0,0,0,0,0,0,0,0,0,19,0,0,0,4.36,10000,10.02,3,0.02,0.10,0.13
2022-03-25 20:16:31.092974,1,5,2,1,0,0,0,0,0,0,0,0,0,0,0,0,0,15,0,0,0,4.38,10000,10.02,8,0.04,0.30,0.66
2022-03-25 20:16:41.121944,1,1,2,0,0,0,0,0,0,0,0,0,0,0,0,0,0,16,0,0,0,4.38,10000,10.02,3,0.01,0.15,0.21
2022-03-25 20:16:51.150877,1,1,0,0,0,0,0,0,0,0,0,0,0,0,0,0,0,0,0,0,0,4.38,10000,10.02,1,0.01,0.02,0.02
2022-03-25 20:17:01.180133,1,3,2,1,1,0,0,0,0,0,0,0,0,0,0,0,0,16,25,0,0,4.39,10000,10.02,7,0.03,0.33,1.86
2022-03-25 20:17:11.209211,1,1,0,1,0,0,0,0,0,0,0,0,0,0,0,0,0,0,0,0,0,4.39,10000,10.02,2,0.01,0.11,0.41
2022-03-25 20:17:21.238273,1,1,1,1,0,0,0,0,0,0,0,0,0,0,0,0,0,17,0,0,0,4.39,10000,10.02,3,0.01,0.18,0.50
2022-03-25 20:17:31.267186,1,3,1,0,0,0,0,0,0,0,0,0,0,0,0,0,0,17,0,0,0,4.39,10000,10.02,4,0.02,0.11,0.14
2022-03-25 20:17:41.296316,1,4,0,1,0,0,0,0,0,0,0,0,0,0,0,0,0,0,0,0,0,4.39,10000,10.02,5,0.03,0.16,0.45
2022-03-25 20:17:51.325388,1,4,4,0,0,0,0,0,0,0,0,0,0,0,0,0,0,17,0,0,0,4.39,10000,10.02,8,0.04,0.32,0.44
2022-03-25 20:18:01.354338,1,2,1,0,0,0,0,0,0,0,0,0,0,0,0,0,0,19,0,0,0,4.38,10000,10.02,3,0.02,0.10,0.13
2022-03-25 20:18:11.398320,1,3,3,0,0,1,0,0,0,0,0,0,0,0,0,0,0,20,0,0,0,4.34,10000,10.02,7,0.03,0.26,3.50
2022-03-25 20:18:21.427114,1,6,2,1,0,0,0,0,0,0,0,0,0,0,0,0,0,13,0,0,0,4.37,10000,10.02,9,0.05,0.32,0.67
2022-03-25 20:18:31.456320,1,7,2,0,2,0,1,0,0,0,0,0,0,0,0,0,0,19,23,51,0,4.36,10000,10.02,12,0.05,0.36,7.61
2022-03-25 20:18:41.485123,1,4,0,1,0,0,0,0,0,0,0,0,0,0,0,0,0,0,0,0,0,4.36,10000,10.02,5,0.03,0.16,0.46
2022-03-25 20:18:51.514262,1,4,0,0,0,0,0,0,0,0,0,0,0,0,0,0,0,0,0,0,0,4.36,10000,10.02,4,0.03,0.06,0.06
2022-03-25 20:19:01.543173,1,2,1,0,0,0,0,0,0,0,0,0,0,0,0,0,0,17,0,0,0,4.36,10000,10.02,3,0.02,0.10,0.13
2022-03-25 20:19:11.572668,1,5,1,0,1,0,0,0,0,0,0,0,0,0,0,0,0,15,25,0,0,4.36,10000,10.02,7,0.04,0.20,1.42
2022-03-25 20:19:21.601517,1,2,0,0,0,0,0,0,0,0,0,0,0,0,0,0,0,0,0,0,0,4.36,10000,10.02,2,0.01,0.03,0.03
2022-03-25 20:19:31.630356,1,1,0,0,0,0,0,0,0,0,0,0,0,0,0,0,0,0,0,0,0,4.36,10000,10.02,1,0.01,0.02,0.02
2022-03-25 20:19:41.659442,1,2,0,0,0,0,0,0,0,0,0,0,0,0,0,0,0,0,0,0,0,4.36,10000,10.02,2,0.01,0.03,0.03
2022-03-25 20:19:51.688785,1,1,1,0,0,0,0,0,0,0,0,0,0,0,0,0,0,17,0,0,0,4.36,10000,10.02,2,0.01,0.08,0.11
2022-03-25 20:20:01.718006,1,4,1,1,0,0,0,0,0,0,0,0,0,0,0,0,0,15,0,0,0,4.37,10000,10.02,6,0.03,0.22,0.55
2022-03-25 20:20:11.747015,1,0,0,1,0,0,0,0,0,0,0,0,0,0,0,0,0,0,0,0,0,4.37,10000,10.02,1,0.00,0.10,0.39
2022-03-25 20:20:21.790981,1,2,1,0,0,0,0,0,0,0,0,0,0,0,0,0,0,19,0,0,0,4.36,10000,10.02,3,0.02,0.10,0.13
2022-03-25 20:20:31.820256,1,4,4,2,2,0,0,0,0,0,0,0,0,0,0,0,0,20,28,0,0,4.32,10000,10.02,12,0.04,0.64,3.76
2022-03-25 20:20:41.848780,1,4,0,0,0,0,0,0,0,0,0,0,0,0,0,0,0,0,0,0,0,4.32,10000,10.02,4,0.03,0.06,0.06
2022-03-25 20:20:51.877758,1,2,1,0,0,0,0,0,0,0,0,0,0,0,0,0,0,17,0,0,0,4.32,10000,10.02,3,0.02,0.10,0.13
2022-03-25 20:21:01.906833,1,3,1,0,0,0,0,0,0,0,0,0,0,0,0,0,0,15,0,0,0,4.32,10000,10.02,4,0.02,0.11,0.14
2022-03-25 20:21:11.935906,1,4,1,1,0,1,0,0,0,0,0,0,0,0,0,0,0,25,0,0,0,4.29,10000,10.02,7,0.03,0.24,3.76
2022-03-25 20:21:21.965048,1,5,1,0,0,0,0,0,0,0,0,0,0,0,0,0,0,21,0,0,0,4.28,10000,10.02,6,0.04,0.15,0.18
2022-03-25 20:21:31.994065,1,2,1,0,0,0,0,0,0,0,0,0,0,0,0,0,0,15,0,0,0,4.29,10000,10.02,3,0.02,0.10,0.13
2022-03-25 20:21:42.023307,1,3,2,0,0,0,0,0,0,0,0,0,0,0,0,0,0,14,0,0,0,4.31,10000,10.02,5,0.03,0.18,0.24
2022-03-25 20:21:52.052240,1,4,0,1,1,0,0,0,0,0,0,0,0,0,0,0,0,0,23,0,0,4.31,10000,10.02,6,0.03,0.22,1.72
2022-03-25 20:22:02.081233,1,6,2,1,0,0,0,0,0,0,0,0,0,0,0,0,0,16,0,0,0,4.32,10000,10.02,9,0.05,0.32,0.68
2022-03-25 20:22:12.110406,1,3,2,1,0,0,0,0,0,0,0,0,0,0,0,0,0,19,0,0,0,4.31,10000,10.02,6,0.03,0.28,0.64
2022-03-25 20:22:22.139539,1,2,0,1,0,0,0,0,0,0,0,0,0,0,0,0,0,0,0,0,0,4.31,10000,10.02,3,0.01,0.13,0.43
2022-03-25 20:22:32.183970,1,5,2,0,0,0,0,0,0,0,0,0,0,0,0,0,0,24,0,0,0,4.25,10000,10.02,7,0.04,0.21,0.28
2022-03-25 20:22:42.213167,1,4,0,0,0,0,0,0,0,0,0,0,0,0,0,0,0,0,0,0,0,4.25,10000,10.02,4,0.03,0.06,0.06
2022-03-25 20:22:52.242093,1,3,1,0,0,0,0,0,0,0,0,0,0,0,0,0,0,17,0,0,0,4.25,10000,10.02,4,0.02,0.11,0.15
2022-03-25 20:23:02.271180,1,2,0,0,0,0,0,0,0,0,0,0,0,0,0,0,0,0,0,0,0,4.25,10000,10.02,2,0.01,0.03,0.03
2022-03-25 20:23:12.300328,1,2,0,0,1,0,0,0,0,0,0,0,0,0,0,0,0,0,27,0,0,4.25,10000,10.02,3,0.01,0.09,1.31
2022-03-25 20:23:22.329278,1,1,1,0,0,0,0,0,0,0,0,0,0,0,0,0,0,19,0,0,0,4.25,10000,10.02,2,0.01,0.08,0.11
2022-03-25 20:23:32.358285,1,1,2,2,0,0,0,0,0,0,0,0,0,0,0,0,0,15,0,0,0,4.27,10000,10.02,5,0.02,0.35,1.01
2022-03-25 20:23:42.387354,1,2,2,0,0,0,0,0,0,0,0,0,0,0,0,0,0,17,0,0,0,4.27,10000,10.02,4,0.02,0.17,0.23
2022-03-25 20:23:52.416177,1,6,1,0,0,0,0,0,0,0,0,0,0,0,0,0,0,13,0,0,0,4.29,10000,10.02,7,0.04,0.16,0.19
2022-03-25 20:24:02.445399,1,5,1,1,1,0,0,0,0,0,0,0,0,0,0,0,0,15,23,0,0,4.30,10000,10.02,8,0.04,0.30,1.84
2022-03-25 20:24:12.474280,1,4,1,0,0,0,0,0,0,0,0,0,0,0,0,0,0,25,0,0,0,4.26,10000,10.02,5,0.03,0.13,0.16
2022-03-25 20:24:22.518429,1,6,1,0,0,0,0,0,0,0,0,0,0,0,0,0,0,17,0,0,0,4.27,10000,10.02,7,0.04,0.16,0.19
2022-03-25 20:24:32.547498,1,1,1,1,1,0,0,0,0,0,0,0,0,0,0,0,0,17,29,0,0,4.27,10000,10.02,4,0.01,0.24,1.79
2022-03-25 20:24:42.576465,1,0,0,0,0,0,0,0,0,0,0,0,0,0,0,0,0,0,0,0,0,4.27,10000,10.02,0,0.00,0.00,0.00
2022-03-25 20:24:52.605630,1,4,1,1,0,0,0,0,0,0,0,0,0,0,0,0,0,25,0,0,0,4.24,10000,10.02,6,0.03,0.23,0.57
2022-03-25 20:25:02.634843,1,2,1,0,0,0,0,0,0,0,0,0,0,0,0,0,0,23,0,0,0,4.21,10000,10.02,3,0.02,0.10,0.13
2022-03-25 20:25:12.664033,1,4,0,0,1,0,0,0,0,0,0,0,0,0,0,0,0,0,31,0,0,4.21,10000,10.02,5,0.03,0.12,1.35
2022-03-25 20:25:22.692592,1,5,1,0,0,0,0,0,0,0,0,0,0,0,0,0,0,23,0,0,0,4.19,10000,10.02,6,0.04,0.15,0.18
2022-03-25 20:25:32.721521,1,1,0,0,0,0,0,0,0,0,0,0,0,0,0,0,0,0,0,0,0,4.19,10000,10.02,1,0.01,0.02,0.02
2022-03-25 20:25:42.750483,1,4,0,0,1,0,0,0,0,0,0,0,0,0,0,0,0,0,31,0,0,4.19,10000,10.02,5,0.03,0.12,1.36
2022-03-25 20:25:52.779309,1,1,0,0,0,0,0,0,0,0,0,0,0,0,0,0,0,0,0,0,0,4.19,10000,10.02,1,0.01,0.02,0.02
2022-03-25 20:26:02.808608,1,4,3,2,0,0,0,0,0,0,0,0,0,0,0,0,0,19,0,0,0,4.18,10000,10.02,9,0.04,0.47,1.18
2022-03-25 20:26:12.837562,1,5,1,0,0,0,0,0,0,0,0,0,0,0,0,0,0,21,0,0,0,4.17,10000,10.02,6,0.04,0.15,0.18
2022-03-25 20:26:22.881954,1,0,2,0,1,0,0,0,0,0,0,0,0,0,0,0,0,20,25,0,0,4.15,10000,10.02,3,0.01,0.20,1.51
2022-03-25 20:26:32.895612,1,7,0,0,0,0,0,0,0,0,0,0,0,0,0,0,0,0,0,0,0,4.15,10000,10.02,7,0.05,0.11,0.12
2022-03-25 20:26:42.939898,1,1,0,0,0,0,0,0,0,0,0,0,0,0,0,0,0,0,0,0,0,4.15,10000,10.02,1,0.01,0.02,0.02
2022-03-25 20:26:52.969089,1,4,2,0,0,0,0,0,0,0,0,0,0,0,0,0,0,19,0,0,0,4.14,10000,10.02,6,0.03,0.20,0.27
2022-03-25 20:27:02.998058,1,6,0,1,0,0,0,0,0,0,0,0,0,0,0,0,0,0,0,0,0,4.14,10000,10.02,7,0.04,0.20,0.51
2022-03-25 20:27:13.027221,1,3,1,1,0,0,0,0,0,0,0,0,0,0,0,0,0,19,0,0,0,4.14,10000,10.02,5,0.02,0.22,0.56
2022-03-25 20:27:23.056125,1,1,0,0,0,0,0,0,0,0,0,0,0,0,0,0,0,0,0,0,0,4.14,10000,10.02,1,0.01,0.02,0.02
2022-03-25 20:27:33.085227,1,1,0,1,0,0,0,0,0,0,0,0,0,0,0,0,0,0,0,0,0,4.14,10000,10.02,2,0.01,0.12,0.43
2022-03-25 20:27:43.114121,1,2,3,1,0,0,0,0,0,0,0,0,0,0,0,0,0,20,0,0,0,4.11,10000,10.02,6,0.03,0.35,0.75
2022-03-25 20:27:53.143349,1,2,0,0,0,0,0,0,0,0,0,0,0,0,0,0,0,0,0,0,0,4.11,10000,10.02,2,0.01,0.03,0.03
2022-03-25 20:28:03.172392,1,2,2,0,0,1,0,0,0,0,0,0,0,0,0,0,0,25,0,0,0,4.06,10000,10.02,5,0.02,0.19,3.62
2022-03-25 20:28:13.200950,1,2,0,0,0,0,0,0,0,0,0,0,0,0,0,0,0,0,0,0,0,4.06,10000,10.01,2,0.01,0.03,0.03
2022-03-25 20:28:23.230450,1,3,2,0,1,0,0,0,0,0,0,0,0,0,0,0,0,19,25,0,0,4.06,10000,10.02,6,0.03,0.25,1.60
2022-03-25 20:28:33.259303,1,1,0,0,0,0,0,0,0,0,0,0,0,0,0,0,0,0,0,0,0,4.06,10000,10.02,1,0.01,0.02,0.02
2022-03-25 20:28:43.288460,1,2,0,0,0,0,0,0,0,0,0,0,0,0,0,0,0,0,0,0,0,4.06,10000,10.02,2,0.01,0.03,0.03
2022-03-25 20:28:53.333125,1,2,1,0,0,0,0,0,0,0,0,0,0,0,0,0,0,21,0,0,0,4.05,10000,10.02,3,0.02,0.10,0.14
2022-03-25 20:29:03.362205,1,2,2,0,1,0,0,0,0,0,0,0,0,0,0,0,0,17,27,0,0,4.06,10000,10.02,5,0.02,0.24,1.58
2022-03-25 20:29:13.391203,1,2,1,0,0,0,0,0,0,0,0,0,0,0,0,0,0,17,0,0,0,4.06,10000,10.02,3,0.02,0.10,0.14
2022-03-25 20:29:23.420255,1,3,1,0,0,0,0,0,0,0,0,0,0,0,0,0,0,15,0,0,0,4.07,10000,10.02,4,0.02,0.12,0.15
2022-03-25 20:29:33.449371,1,1,1,0,0,0,0,0,0,0,0,0,0,0,0,0,0,19,0,0,0,4.07,10000,10.02,2,0.01,0.09,0.12
2022-03-25 20:29:43.478341,1,2,2,1,1,0,0,0,0,0,0,0,0,0,0,0,0,23,25,0,0,4.03,10000,10.02,6,0.02,0.34,2.01
2022-03-25 20:29:53.507278,1,1,0,0,0,0,0,0,0,0,0,0,0,0,0,0,0,0,0,0,0,4.03,10000,10.01,1,0.01,0.02,0.02
2022-03-25 20:30:03.536569,1,5,1,0,0,0,0,0,0,0,0,0,0,0,0,0,0,23,0,0,0,4.02,10000,10.02,6,0.04,0.15,0.19
2022-03-25 20:30:13.565639,1,4,2,0,0,0,0,0,0,0,0,0,0,0,0,0,0,16,0,0,0,4.03,10000,10.02,6,0.04,0.21,0.27
2022-03-25 20:30:23.594444,1,3,0,0,0,0,0,0,0,0,0,0,0,0,0,0,0,0,0,0,0,4.03,10000,10.02,3,0.02,0.05,0.05
2022-03-25 20:30:33.623652,1,0,2,0,0,0,0,0,0,0,0,0,0,0,0,0,0,17,0,0,0,4.04,10000,10.02,2,0.01,0.14,0.21
2022-03-25 20:30:43.668169,1,4,0,0,1,0,0,0,0,0,0,0,0,0,0,0,0,0,37,0,0,4.04,10000,10.02,5,0.03,0.13,1.41
2022-03-25 20:30:53.697208,1,5,3,0,0,0,0,0,0,0,0,0,0,0,0,0,0,17,0,0,0,4.06,10000,10.02,8,0.05,0.30,0.39
2022-03-25 20:31:03.710925,1,2,3,1,0,0,0,0,0,0,0,0,0,0,0,0,0,18,0,0,0,4.06,10000,10.01,6,0.03,0.35,0.76
2022-03-25 20:31:13.755197,1,2,0,0,0,0,0,0,0,0,0,0,0,0,0,0,0,0,0,0,0,4.06,10000,10.02,2,0.01,0.03,0.03
2022-03-25 20:31:23.784467,1,2,1,2,0,0,0,0,0,0,0,0,0,0,0,0,0,27,0,0,0,4.03,10000,10.02,5,0.02,0.31,0.99
2022-03-25 20:31:33.813618,1,2,1,0,0,0,0,0,0,0,0,0,0,0,0,0,0,17,0,0,0,4.03,10000,10.02,3,0.02,0.10,0.14
2022-03-25 20:31:43.842584,1,6,1,0,0,0,0,0,0,0,0,0,0,0,0,0,0,21,0,0,0,4.02,10000,10.02,7,0.05,0.17,0.20
2022-03-25 20:31:53.871685,1,4,1,0,0,0,0,0,0,0,0,0,0,0,0,0,0,13,0,0,0,4.04,10000,10.02,5,0.03,0.14,0.17
2022-03-25 20:32:03.900536,1,5,2,0,0,0,0,0,0,0,0,0,0,0,0,0,0,24,0,0,0,4.00,10000,10.02,7,0.04,0.23,0.29
2022-03-25 20:32:13.929352,1,1,1,0,0,0,0,0,0,0,0,0,0,0,0,0,0,17,0,0,0,4.01,10000,10.02,2,0.01,0.09,0.12
2022-03-25 20:32:23.958540,1,5,2,0,0,0,0,0,0,0,0,0,0,0,0,0,0,14,0,0,0,4.04,10000,10.02,7,0.04,0.23,0.29
2022-03-25 20:32:33.987458,1,4,0,0,0,0,0,0,0,0,0,0,0,0,0,0,0,0,0,0,0,4.04,10000,10.02,4,0.03,0.07,0.07
2022-03-25 20:32:44.016756,1,5,2,2,0,0,0,0,0,0,0,0,0,0,0,0,0,23,0,0,0,4.01,10000,10.02,9,0.04,0.44,1.15
2022-03-25 20:32:54.045920,1,3,0,1,0,0,1,0,0,0,0,0,0,0,0,0,0,0,0,43,0,4.01,10000,10.02,5,0.02,0.16,5.71
2022-03-25 20:33:04.090113,1,4,1,0,0,0,0,0,0,0,0,0,0,0,0,0,0,15,0,0,0,4.02,10000,10.02,5,0.03,0.14,0.17
2022-03-25 20:33:14.119652,1,3,2,1,0,0,0,0,0,0,0,0,0,0,0,0,0,21,0,0,0,4.00,10000,10.02,6,0.03,0.30,0.69
2022-03-25 20:33:24.148434,1,2,0,0,0,0,0,0,0,0,0,0,0,0,0,0,0,0,0,0,0,4.00,10000,10.02,2,0.01,0.03,0.03
2022-03-25 20:33:34.177612,1,2,0,0,0,0,0,0,0,0,0,0,0,0,0,0,0,0,0,0,0,4.00,10000,10.02,2,0.01,0.03,0.03
2022-03-25 20:33:44.206773,1,4,3,0,1,0,0,0,0,0,0,0,0,0,0,0,0,19,21,0,0,4.00,10000,10.02,8,0.04,0.35,1.74
2022-03-25 20:33:54.235838,1,1,2,0,0,0,0,0,0,0,0,0,0,0,0,0,0,18,0,0,0,4.00,10000,10.02,3,0.02,0.16,0.22
2022-03-25 20:34:04.264949,1,1,0,1,0,0,0,0,0,0,0,0,0,0,0,0,0,0,0,0,0,4.00,10000,10.02,2,0.01,0.12,0.45
2022-03-25 20:34:14.293686,1,1,1,1,0,0,0,0,0,0,0,0,0,0,0,0,0,19,0,0,0,4.00,10000,10.02,3,0.01,0.19,0.55
2022-03-25 20:34:24.322470,1,2,3,0,0,0,0,0,0,0,0,0,0,0,0,0,0,16,0,0,0,4.02,10000,10.01,5,0.03,0.25,0.34
2022-03-25 20:34:34.351695,1,2,1,2,0,0,0,0,0,0,0,0,0,0,0,0,0,13,0,0,0,4.04,10000,10.02,5,0.02,0.31,0.98
2022-03-25 20:34:44.380569,1,5,1,0,0,0,0,0,0,0,0,0,0,0,0,0,0,19,0,0,0,4.04,10000,10.02,6,0.04,0.15,0.19
2022-03-25 20:34:54.409632,1,2,0,0,0,0,0,0,0,0,0,0,0,0,0,0,0,0,0,0,0,4.04,10000,10.02,2,0.01,0.03,0.03
2022-03-25 20:35:04.438389,1,2,0,0,0,0,0,0,0,0,0,0,0,0,0,0,0,0,0,0,0,4.04,10000,10.02,2,0.01,0.03,0.03
2022-03-25 20:35:14.482817,1,2,2,0,0,0,0,0,0,0,0,0,0,0,0,0,0,17,0,0,0,4.05,10000,10.02,4,0.02,0.18,0.24
2022-03-25 20:35:24.511931,1,2,5,0,0,0,0,0,0,0,0,0,0,0,0,0,0,17,0,0,0,4.07,10000,10.02,7,0.03,0.39,0.54
2022-03-25 20:35:34.540976,1,3,3,0,0,0,0,0,0,0,0,0,0,0,0,0,0,18,0,0,0,4.07,10000,10.02,6,0.03,0.26,0.36
2022-03-25 20:35:44.570164,1,3,0,1,0,0,0,0,0,0,0,0,0,0,0,0,0,0,0,0,0,4.07,10000,10.02,4,0.02,0.15,0.47
2022-03-25 20:35:54.599206,1,1,1,1,0,0,0,0,0,0,0,0,0,0,0,0,0,19,0,0,0,4.07,10000,10.02,3,0.01,0.19,0.54
2022-03-25 20:36:04.628305,1,1,1,0,0,0,0,0,0,0,0,0,0,0,0,0,0,13,0,0,0,4.09,10000,10.02,2,0.01,0.09,0.12
2022-03-25 20:36:14.656948,1,4,0,2,0,0,0,0,0,0,0,0,0,0,0,0,0,0,0,0,0,4.09,10000,10.02,6,0.03,0.27,0.90
2022-03-25 20:36:24.686055,1,3,1,0,0,0,0,0,0,0,0,0,0,0,0,0,0,13,0,0,0,4.11,10000,10.02,4,0.02,0.12,0.15
2022-03-25 20:36:34.715167,1,2,1,0,0,0,0,0,0,0,0,0,0,0,0,0,0,17,0,0,0,4.11,10000,10.02,3,0.02,0.10,0.13
2022-03-25 20:36:44.743894,1,2,0,1,1,0,0,0,0,0,0,0,0,0,0,0,0,0,29,0,0,4.11,10000,10.02,4,0.01,0.20,1.77
2022-03-25 20:36:54.772631,1,1,2,0,0,0,0,0,0,0,0,0,0,0,0,0,0,14,0,0,0,4.14,10000,10.02,3,0.01,0.16,0.22
2022-03-25 20:37:04.801851,1,2,0,1,0,0,0,0,0,0,0,0,0,0,0,0,0,0,0,0,0,4.14,10000,10.02,3,0.01,0.13,0.45
2022-03-25 20:37:14.830833,1,1,3,0,0,0,0,0,0,0,0,0,0,0,0,0,0,16,0,0,0,4.16,10000,10.02,4,0.02,0.22,0.32
2022-03-25 20:37:24.875480,1,3,1,2,0,0,0,0,0,0,0,0,0,0,0,0,0,23,0,0,0,4.14,10000,10.02,6,0.03,0.32,0.98
2022-03-25 20:37:34.904673,1,2,1,0,0,0,0,0,0,0,0,0,0,0,0,0,0,25,0,0,0,4.12,10000,10.02,3,0.02,0.10,0.13
2022-03-25 20:37:44.933835,1,3,1,3,0,0,0,0,1,0,0,0,0,0,0,0,0,15,0,0,81,4.13,10000,10.02,8,0.03,0.42,5.62
2022-03-25 20:37:54.963149,1,1,1,0,0,0,0,0,0,0,0,0,0,0,0,0,0,19,0,0,0,4.12,10000,10.02,2,0.01,0.09,0.12
2022-03-25 20:38:04.992661,1,3,6,1,1,2,0,0,0,0,0,0,0,0,0,0,0,16,23,0,0,4.16,10000,10.02,13,0.04,0.65,8.96
2022-03-25 20:38:15.021041,1,4,1,0,0,0,0,0,0,0,0,0,0,0,0,0,0,19,0,0,0,4.16,10000,10.02,5,0.03,0.13,0.17
2022-03-25 20:38:25.050028,1,4,2,2,0,0,0,0,0,0,0,0,0,0,0,0,0,15,0,0,0,4.18,10000,10.02,8,0.04,0.40,1.08
2022-03-25 20:38:35.079079,1,2,1,1,0,0,0,0,0,0,0,0,0,0,0,0,0,15,0,0,0,4.19,10000,10.02,4,0.02,0.20,0.54
2022-03-25 20:38:45.108405,1,6,1,0,0,0,0,0,0,0,0,0,0,0,0,0,0,17,0,0,0,4.19,10000,10.02,7,0.04,0.16,0.20
2022-03-25 20:38:55.137365,1,5,3,0,0,0,0,0,0,0,0,0,0,0,0,0,0,18,0,0,0,4.19,10000,10.02,8,0.04,0.29,0.38
2022-03-25 20:39:05.166550,1,0,1,0,0,0,0,0,0,0,0,0,0,0,0,0,0,19,0,0,0,4.18,10000,10.02,1,0.00,0.07,0.10
2022-03-25 20:39:15.195617,1,4,0,0,0,0,0,0,0,0,0,0,0,0,0,0,0,0,0,0,0,4.18,10000,10.02,4,0.03,0.06,0.07
2022-03-25 20:39:25.240177,1,3,1,0,0,0,0,0,0,0,0,0,0,0,0,0,0,15,0,0,0,4.19,10000,10.02,4,0.02,0.12,0.15
2022-03-25 20:39:35.269229,1,2,1,0,0,0,0,0,0,0,0,0,0,0,0,0,0,27,0,0,0,4.16,10000,10.02,3,0.02,0.10,0.13
2022-03-25 20:39:45.298455,1,2,0,1,0,0,0,0,0,0,0,0,0,0,0,0,0,0,0,0,0,4.16,10000,10.02,3,0.01,0.13,0.44
2022-03-25 20:39:55.327858,1,8,3,0,0,0,0,0,0,0,0,0,0,0,0,0,0,20,0,0,0,4.13,10000,10.02,11,0.07,0.34,0.43
2022-03-25 20:40:05.356753,1,3,3,2,0,0,0,0,0,0,0,0,0,0,0,0,0,16,0,0,0,4.16,10000,10.02,8,0.03,0.46,1.17
2022-03-25 20:40:15.385816,1,2,1,0,0,0,0,0,0,0,0,0,0,0,0,0,0,15,0,0,0,4.17,10000,10.02,3,0.02,0.10,0.13
2022-03-25 20:40:25.415016,1,1,2,0,0,0,0,0,0,0,0,0,0,0,0,0,0,13,0,0,0,4.20,10000,10.02,3,0.01,0.15,0.21
2022-03-25 20:40:35.444396,1,2,0,1,0,0,0,0,0,0,0,0,0,0,0,0,0,0,0,0,0,4.20,10000,10.02,3,0.01,0.13,0.44
2022-03-25 20:40:45.473704,1,2,1,0,0,0,0,0,0,0,0,0,0,0,0,0,0,13,0,0,0,4.22,10000,10.02,3,0.02,0.10,0.13
2022-03-25 20:40:55.503085,1,4,0,1,1,0,0,0,0,0,0,0,0,0,0,0,0,0,21,0,0,4.22,10000,10.02,6,0.03,0.22,1.76
2022-03-25 20:41:05.532203,1,0,2,1,0,0,0,0,0,0,0,0,0,0,0,0,0,18,0,0,0,4.22,10000,10.02,3,0.01,0.24,0.60
2022-03-25 20:41:15.561299,1,0,3,0,0,0,0,0,0,0,0,0,0,0,0,0,0,21,0,0,0,4.18,10000,10.02,3,0.01,0.21,0.30
2022-03-25 20:41:25.590314,1,3,0,0,0,0,0,0,0,0,0,0,0,0,0,0,0,0,0,0,0,4.18,10000,10.02,3,0.02,0.05,0.05
2022-03-25 20:41:35.635001,1,2,1,0,0,0,0,0,0,0,0,0,0,0,0,0,0,13,0,0,0,4.20,10000,10.02,3,0.02,0.10,0.13
2022-03-25 20:41:45.664155,1,3,2,1,0,0,0,0,0,0,0,0,0,0,0,0,0,25,0,0,0,4.14,10000,10.02,6,0.03,0.29,0.66
2022-03-25 20:41:55.693286,1,1,0,0,0,0,0,0,0,0,0,0,0,0,0,0,0,0,0,0,0,4.14,10000,10.02,1,0.01,0.02,0.02
2022-03-25 20:42:05.722409,1,3,2,0,0,0,0,0,0,0,0,0,0,0,0,0,0,15,0,0,0,4.16,10000,10.02,5,0.03,0.19,0.25
2022-03-25 20:42:15.751797,1,5,2,0,0,0,0,0,0,0,0,0,0,0,0,0,0,19,0,0,0,4.15,10000,10.02,7,0.04,0.22,0.28
2022-03-25 20:42:25.780353,1,2,1,0,0,0,0,0,0,0,0,0,0,0,0,0,0,23,0,0,0,4.13,10000,10.02,3,0.02,0.10,0.13
2022-03-25 20:42:35.809535,1,1,2,1,0,0,0,0,0,0,0,0,0,0,0,0,0,27,0,0,0,4.07,10000,10.02,4,0.02,0.26,0.64
2022-03-25 20:42:45.838700,1,0,1,0,0,0,0,0,0,0,0,0,0,0,0,0,0,15,0,0,0,4.08,10000,10.02,1,0.00,0.07,0.10
2022-03-25 20:42:55.867480,1,4,0,0,0,0,0,0,0,0,0,0,0,0,0,0,0,0,0,0,0,4.08,10000,10.02,4,0.03,0.07,0.07
2022-03-25 20:43:05.896809,1,4,1,0,0,0,0,0,0,0,0,0,0,0,0,0,0,23,0,0,0,4.06,10000,10.02,5,0.03,0.14,0.17
2022-03-25 20:43:15.925840,1,3,0,0,0,0,0,0,0,0,0,0,0,0,0,0,0,0,0,0,0,4.06,10000,10.02,3,0.02,0.05,0.05
2022-03-25 20:43:25.955136,1,3,0,0,0,0,0,0,0,0,0,0,0,0,0,0,0,0,0,0,0,4.06,10000,10.02,3,0.02,0.05,0.05
2022-03-25 20:43:35.984033,1,3,0,0,0,0,0,0,0,0,0,0,0,0,0,0,0,0,0,0,0,4.06,10000,10.02,3,0.02,0.05,0.05
2022-03-25 20:43:46.028537,1,1,1,0,0,0,0,0,0,0,0,0,0,0,0,0,0,31,0,0,0,4.01,10000,10.02,2,0.01,0.09,0.12
2022-03-25 20:43:56.057596,1,2,1,0,0,0,0,0,0,0,0,0,0,0,0,0,0,17,0,0,0,4.02,10000,10.02,3,0.02,0.10,0.14
2022-03-25 20:44:06.086849,1,3,0,1,0,0,0,0,0,0,0,0,0,0,0,0,0,0,0,0,0,4.02,10000,10.02,4,0.02,0.15,0.48
2022-03-25 20:44:16.116233,1,4,1,0,0,0,0,0,0,0,0,0,0,0,0,0,0,23,0,0,0,4.00,10000,10.02,5,0.03,0.14,0.17
2022-03-25 20:44:26.145639,1,5,2,0,2,0,0,0,0,0,0,0,0,0,0,0,0,23,38,0,0,3.97,10000,10.02,9,0.04,0.35,3.03
2022-03-25 20:44:36.174269,1,3,1,1,0,0,0,0,0,0,0,0,0,0,0,0,0,19,0,0,0,3.97,10000,10.02,5,0.03,0.23,0.59
2022-03-25 20:44:46.203561,1,1,1,1,0,0,0,0,0,0,0,0,0,0,0,0,0,17,0,0,0,3.98,10000,10.02,3,0.01,0.20,0.55
